committer_date,total_commits,non_merge_commits,merge_commits,unique_authors,files_changed,insertions,deletions,total_churn,net_code_growth
2005-04-16,199,199,0,64,17712,6723547,2757,6726304,6720790
2005-04-17,21,20,1,10,76,413,693,1106,-280
2005-04-18,39,36,3,15,166,25533,7527,33060,18006
2005-04-19,70,65,5,27,169,1170,895,2065,275
2005-04-20,11,11,0,7,16,152,42,194,110
2005-04-21,23,21,2,17,34,213,141,354,72
2005-04-22,41,40,1,18,59,1604,551,2155,1053
2005-04-23,1,1,0,1,1,1,1,2,0
2005-04-24,13,13,0,2,18,85,81,166,4
2005-04-25,79,77,2,38,166,6158,834,6992,5324
2005-04-26,35,31,4,7,104,532,745,1277,-213
2005-04-27,4,3,1,4,3,9,6,15,3
2005-04-28,32,31,1,15,44,539,391,930,148
2005-04-29,56,54,2,18,156,2873,1282,4155,1591
2005-04-30,14,12,2,6,17,114,44,158,70
2005-05-01,176,176,0,86,571,6215,5290,11505,925
2005-05-02,6,6,0,1,8,63,29,92,34
2005-05-03,77,75,2,39,165,10202,3254,13456,6948
2005-05-04,58,50,8,27,162,909,891,1800,18
2005-05-05,158,149,9,53,481,5469,3433,8902,2036
2005-05-06,22,20,2,13,29,277,873,1150,-596
2005-05-07,18,18,0,7,32,236,319,555,-83
2005-05-08,3,2,1,2,9,614,200,814,414
2005-05-09,5,4,1,4,16,61,127,188,-66
2005-05-10,10,10,0,6,13,197,127,324,70
2005-05-11,7,7,0,3,16,213,250,463,-37
2005-05-12,20,20,0,16,33,1347,511,1858,836
2005-05-13,61,61,0,16,163,37884,6089,43973,31795
2005-05-14,0,0,0,0,0,0,0,0,0
2005-05-15,33,33,0,16,77,10390,1305,11695,9085
2005-05-16,16,14,2,11,18,466,340,806,126
2005-05-17,143,136,7,45,300,9052,4099,13151,4953
2005-05-18,6,4,2,4,7,189,60,249,129
2005-05-19,26,22,4,13,26,571,333,904,238
2005-05-20,90,89,1,29,219,13166,19420,32586,-6254
2005-05-21,14,10,4,9,15,153,98,251,55
2005-05-22,0,0,0,0,0,0,0,0,0
2005-05-23,127,125,2,34,200,2886,2443,5329,443
2005-05-24,4,4,0,3,4,25,19,44,6
2005-05-25,33,23,10,20,27,231,152,383,79
2005-05-26,40,22,18,20,53,13221,1307,14528,11914
2005-05-27,25,21,4,15,54,408,2640,3048,-2232
2005-05-28,75,68,7,29,124,21064,937,22001,20127
2005-05-29,193,191,2,36,386,9759,3353,13112,6406
2005-05-30,15,11,4,11,20,324,164,488,160
2005-05-31,30,27,3,24,43,1068,483,1551,585
2005-06-01,61,53,8,14,71,2235,653,2888,1582
2005-06-02,24,18,6,15,34,559,696,1255,-137
2005-06-03,29,27,2,25,33,1762,566,2328,1196
2005-06-04,24,2,22,3,2,14,17,31,-3
2005-06-05,6,6,0,5,10,110,100,210,10
2005-06-06,39,33,6,15,38,702,411,1113,291
2005-06-07,13,11,2,12,31,197,95,292,102
2005-06-08,40,33,7,24,59,805,379,1184,426
2005-06-09,21,15,6,14,22,186,81,267,105
2005-06-10,4,4,0,3,5,12,29,41,-17
2005-06-11,10,8,2,5,20,114,562,676,-448
2005-06-12,1,1,0,1,1,3,1,4,2
2005-06-13,25,22,3,18,49,622,261,883,361
2005-06-14,25,24,1,13,50,625,587,1212,38
2005-06-15,3,2,1,3,7,1234,37,1271,1197
2005-06-16,15,12,3,10,14,88,26,114,62
2005-06-17,12,10,2,6,154,543,456,999,87
2005-06-18,16,8,8,10,12,216,19,235,197
2005-06-19,52,49,3,10,147,2942,1354,4296,1588
2005-06-20,133,124,9,39,434,6244,3618,9862,2626
2005-06-21,54,50,4,22,190,4007,1957,5964,2050
2005-06-22,379,369,10,99,1224,49829,16244,66073,33585
2005-06-23,200,191,9,90,621,11955,5932,17887,6023
2005-06-24,161,154,7,42,690,50331,7653,57984,42678
2005-06-25,259,256,3,65,794,14361,7899,22260,6462
2005-06-26,59,51,8,32,192,1077,808,1885,269
2005-06-27,197,185,12,54,409,18147,15021,33168,3126
2005-06-28,206,191,15,56,423,13723,5711,19434,8012
2005-06-29,68,65,3,39,145,2053,2304,4357,-251
2005-06-30,68,59,9,27,146,1188,4060,5248,-2872
2005-07-01,26,23,3,18,44,369,1112,1481,-743
2005-07-02,18,15,3,5,19,119,91,210,28
2005-07-03,27,25,2,12,137,997,864,1861,133
2005-07-04,12,11,1,7,24,364,521,885,-157
2005-07-05,44,42,2,12,70,1474,900,2374,574
2005-07-06,59,54,5,31,144,5541,2974,8515,2567
2005-07-07,14,10,4,6,53,995,286,1281,709
2005-07-08,204,203,1,67,592,15088,7504,22592,7584
2005-07-09,14,10,4,6,23,592,279,871,313
2005-07-10,39,38,1,8,194,8334,6350,14684,1984
2005-07-11,52,46,6,28,147,766,973,1739,-207
2005-07-12,146,139,7,70,510,14463,10008,24471,4455
2005-07-13,48,36,12,33,134,26820,23281,50101,3539
2005-07-14,56,56,0,16,245,38096,32376,70472,5720
2005-07-15,21,19,2,18,33,382,302,684,80
2005-07-16,12,8,4,8,17,131,289,420,-158
2005-07-17,8,5,3,6,10,57,33,90,24
2005-07-18,12,12,0,10,22,108,169,277,-61
2005-07-19,19,16,3,13,22,479,430,909,49
2005-07-20,2,2,0,2,3,64,48,112,16
2005-07-21,5,5,0,5,20,121,78,199,43
2005-07-22,14,13,1,6,17,73,112,185,-39
2005-07-23,4,2,2,3,2,4,15,19,-11
2005-07-24,4,3,1,4,5,26,22,48,4
2005-07-25,29,26,3,10,52,592,564,1156,28
2005-07-26,56,51,5,16,122,1011,753,1764,258
2005-07-27,201,194,7,78,718,72975,7237,80212,65738
2005-07-28,101,96,5,38,166,6518,1547,8065,4971
2005-07-29,114,108,6,55,146,4467,1159,5626,3308
2005-07-30,58,51,7,30,146,7293,800,8093,6493
2005-07-31,47,42,5,22,97,2731,3831,6562,-1100
2005-08-01,10,10,0,7,13,58,56,114,2
2005-08-02,47,47,0,31,96,2619,610,3229,2009
2005-08-03,29,24,5,17,46,3173,5350,8523,-2177
2005-08-04,47,37,10,27,70,1431,729,2160,702
2005-08-05,51,46,5,27,297,25510,32211,57721,-6701
2005-08-06,21,20,1,7,31,6040,481,6521,5559
2005-08-07,22,22,0,15,35,3232,177,3409,3055
2005-08-08,25,23,2,22,49,2341,398,2739,1943
2005-08-09,22,17,5,14,25,353,846,1199,-493
2005-08-10,35,26,9,23,38,361,163,524,198
2005-08-11,43,37,6,14,84,4676,3711,8387,965
2005-08-12,28,26,2,14,46,286,106,392,180
2005-08-13,4,4,0,4,5,52,21,73,31
2005-08-14,7,6,1,5,13,109,56,165,53
2005-08-15,34,25,9,13,71,642,3290,3932,-2648
2005-08-16,21,17,4,12,38,2627,205,2832,2422
2005-08-17,53,46,7,27,91,5661,638,6299,5023
2005-08-18,46,41,5,33,82,1348,235,1583,1113
2005-08-19,21,19,2,14,41,453,287,740,166
2005-08-20,18,16,2,11,45,536,588,1124,-52
2005-08-21,6,5,1,3,9,106,66,172,40
2005-08-22,2,1,1,2,1,1,0,1,1
2005-08-23,38,33,5,27,65,1447,1139,2586,308
2005-08-24,81,72,9,22,177,788,597,1385,191
2005-08-25,20,18,2,5,54,2098,724,2822,1374
2005-08-26,37,35,2,17,64,1110,435,1545,675
2005-08-27,48,46,2,26,209,3535,2150,5685,1385
2005-08-28,35,30,5,16,54,664,761,1425,-97
2005-08-29,314,284,30,54,1426,33987,15023,49010,18964
2005-08-30,122,108,14,34,287,2724,1709,4433,1015
2005-08-31,25,23,2,17,45,1000,858,1858,142
2005-09-01,45,41,4,15,61,1083,634,1717,449
2005-09-02,62,57,5,24,128,1728,1201,2929,527
2005-09-03,24,23,1,16,49,718,605,1323,113
2005-09-04,30,29,1,12,86,940,763,1703,177
2005-09-05,377,366,11,104,1621,22777,25474,48251,-2697
2005-09-06,87,78,9,34,178,2371,1940,4311,431
2005-09-07,249,249,0,116,884,28469,12836,41305,15633
2005-09-08,204,174,30,65,512,13458,18206,31664,-4748
2005-09-09,365,352,13,118,1096,47163,27748,74911,19415
2005-09-10,126,118,8,52,335,4305,4499,8804,-194
2005-09-11,41,34,7,19,77,5181,1547,6728,3634
2005-09-12,220,207,13,55,633,14229,4055,18284,10174
2005-09-13,85,77,8,36,173,2789,895,3684,1894
2005-09-14,69,57,12,36,127,1372,748,2120,624
2005-09-15,27,26,1,16,88,1435,1447,2882,-12
2005-09-16,44,40,4,23,75,2072,1239,3311,833
2005-09-17,59,59,0,36,119,1611,1397,3008,214
2005-09-18,22,20,2,12,79,1476,1756,3232,-280
2005-09-19,38,37,1,20,111,6989,2298,9287,4691
2005-09-20,34,31,3,16,69,388,221,609,167
2005-09-21,68,63,5,28,156,1103,1860,2963,-757
2005-09-22,109,105,4,35,273,6028,4500,10528,1528
2005-09-23,135,130,5,49,298,6359,4412,10771,1947
2005-09-24,22,17,5,10,45,501,1562,2063,-1061
2005-09-25,19,17,2,11,136,19667,20037,39704,-370
2005-09-26,39,36,3,18,162,37972,834,38806,37138
2005-09-27,50,45,5,16,156,10339,1422,11761,8917
2005-09-28,61,58,3,36,133,3187,1984,5171,1203
2005-09-29,52,48,4,20,162,1183,1438,2621,-255
2005-09-30,71,67,4,26,152,839,1529,2368,-690
2005-10-01,14,14,0,9,49,835,1169,2004,-334
2005-10-02,10,8,2,7,13,51,37,88,14
2005-10-03,29,25,4,17,79,892,782,1674,110
2005-10-04,94,84,10,44,188,7671,2023,9694,5648
2005-10-05,34,33,1,16,67,969,529,1498,440
2005-10-06,23,17,6,7,49,7482,1200,8682,6282
2005-10-07,37,37,0,15,49,578,169,747,409
2005-10-08,13,8,5,7,157,609,465,1074,144
2005-10-09,16,11,5,6,13,249,132,381,117
2005-10-10,75,71,4,21,222,13666,4337,18003,9329
2005-10-11,51,47,4,25,117,2873,2268,5141,605
2005-10-12,31,30,1,15,70,1287,1550,2837,-263
2005-10-13,21,13,8,9,30,290,771,1061,-481
2005-10-14,18,16,2,8,49,417,780,1197,-363
2005-10-15,21,18,3,17,18,66,40,106,26
2005-10-16,5,5,0,5,5,23,17,40,6
2005-10-17,48,47,1,20,106,2046,1580,3626,466
2005-10-18,73,64,9,24,136,3002,2326,5328,676
2005-10-19,46,43,3,13,131,2149,878,3027,1271
2005-10-20,59,53,6,32,138,1676,2473,4149,-797
2005-10-21,29,24,5,17,41,378,243,621,135
2005-10-22,73,70,3,18,203,5674,6744,12418,-1070
2005-10-23,17,16,1,11,21,514,345,859,169
2005-10-24,27,23,4,13,54,208,138,346,70
2005-10-25,19,19,0,13,55,983,1144,2127,-161
2005-10-26,57,53,4,26,124,2953,1726,4679,1227
2005-10-27,34,30,4,15,82,661,2202,2863,-1541
2005-10-28,521,465,56,116,1720,53322,49934,103256,3388
2005-10-29,465,455,10,46,1532,54808,32931,87739,21877
2005-10-30,128,119,9,32,393,4411,4484,8895,-73
2005-10-31,231,214,17,94,746,10017,4673,14690,5344
2005-11-01,65,61,4,27,205,4262,3580,7842,682
2005-11-02,111,100,11,23,575,7755,10023,17778,-2268
2005-11-03,64,59,5,31,118,8069,3916,11985,4153
2005-11-04,115,108,7,41,407,4712,5373,10085,-661
2005-11-05,78,64,14,20,88,2239,1724,3963,515
2005-11-06,152,149,3,39,365,15758,10600,26358,5158
2005-11-07,437,415,22,120,1498,39343,21972,61315,17371
2005-11-08,122,112,10,53,303,10094,3029,13123,7065
2005-11-09,434,417,17,117,1415,33839,18302,52141,15537
2005-11-10,124,102,22,42,478,27117,5484,32601,21633
2005-11-11,111,95,16,43,368,5157,7926,13083,-2769
2005-11-12,58,47,11,23,97,1229,4969,6198,-3740
2005-11-13,39,36,3,13,52,3172,587,3759,2585
2005-11-14,137,130,7,64,409,11028,12667,23695,-1639
2005-11-15,84,77,7,36,163,1685,1883,3568,-198
2005-11-16,53,46,7,25,124,2004,1390,3394,614
2005-11-17,103,96,7,46,214,3408,2154,5562,1254
2005-11-18,113,89,24,54,163,5523,7926,13449,-2403
2005-11-19,28,22,6,12,77,2416,2614,5030,-198
2005-11-20,43,35,8,20,45,1046,405,1451,641
2005-11-21,27,23,4,19,25,101,44,145,57
2005-11-22,50,45,5,27,90,796,657,1453,139
2005-11-23,10,9,1,5,16,39,53,92,-14
2005-11-24,39,38,1,26,56,543,516,1059,27
2005-11-25,22,18,4,11,19,121,108,229,13
2005-11-26,1,0,1,1,0,0,0,0,0
2005-11-27,0,0,0,0,0,0,0,0,0
2005-11-28,48,44,4,33,98,1000,2138,3138,-1138
2005-11-29,48,36,12,28,54,402,237,639,165
2005-11-30,63,57,6,39,115,951,490,1441,461
2005-12-01,151,130,21,64,267,5636,6271,11907,-635
2005-12-02,13,12,1,9,25,367,159,526,208
2005-12-03,16,15,1,9,20,174,89,263,85
2005-12-04,12,9,3,7,9,25,14,39,11
2005-12-05,31,26,5,20,33,298,222,520,76
2005-12-06,20,12,8,8,27,292,109,401,183
2005-12-07,14,13,1,10,23,346,218,564,128
2005-12-08,7,7,0,6,7,12,22,34,-10
2005-12-09,8,8,0,6,10,98,29,127,69
2005-12-10,9,9,0,3,158,7492,8063,15555,-571
2005-12-11,4,4,0,3,4,238,285,523,-47
2005-12-12,85,75,10,41,210,3807,3541,7348,266
2005-12-13,61,42,19,23,78,1152,781,1933,371
2005-12-14,74,66,8,25,137,14727,1675,16402,13052
2005-12-15,68,62,6,23,96,1564,2064,3628,-500
2005-12-16,30,28,2,21,70,2381,2365,4746,16
2005-12-17,3,3,0,3,4,46,34,80,12
2005-12-18,7,7,0,6,9,78,47,125,31
2005-12-19,23,21,2,16,33,194,90,284,104
2005-12-20,32,25,7,17,38,267,239,506,28
2005-12-21,27,22,5,13,28,563,167,730,396
2005-12-22,15,11,4,11,14,110,45,155,65
2005-12-23,11,7,4,7,22,60,49,109,11
2005-12-24,36,30,6,14,40,255,445,700,-190
2005-12-25,4,4,0,4,6,31,14,45,17
2005-12-26,6,6,0,4,10,2106,1396,3502,710
2005-12-27,6,6,0,5,8,122,41,163,81
2005-12-28,15,14,1,7,45,1127,635,1762,492
2005-12-29,16,13,3,9,14,58,43,101,15
2005-12-30,8,7,1,5,7,31,32,63,-1
2005-12-31,5,3,2,3,3,4,6,10,-2
2006-01-01,7,7,0,5,20,76,83,159,-7
2006-01-02,17,17,0,3,63,2027,1003,3030,1024
2006-01-03,391,383,8,63,1547,94386,32257,126643,62129
2006-01-04,123,122,1,52,455,7790,2997,10787,4793
2006-01-05,97,82,15,35,428,7884,8187,16071,-303
2006-01-06,450,440,10,113,1486,19869,13834,33703,6035
2006-01-07,49,42,7,26,169,1235,367,1602,868
2006-01-08,13,13,0,8,62,384,5313,5697,-4929
2006-01-09,681,669,12,188,2448,68745,28146,96891,40599
2006-01-10,289,280,9,71,880,15692,10421,26113,5271
2006-01-11,127,124,3,44,355,4897,4350,9247,547
2006-01-12,340,326,14,87,1439,40801,20297,61098,20504
2006-01-13,96,93,3,41,315,3604,2128,5732,1476
2006-01-14,103,96,7,35,266,12160,2487,14647,9673
2006-01-15,106,98,8,56,370,8390,11932,20322,-3542
2006-01-16,38,34,4,23,152,32004,632,32636,31372
2006-01-17,211,202,9,64,518,12655,16656,29311,-4001
2006-01-18,95,75,20,27,190,14011,1376,15387,12635
2006-01-19,102,100,2,39,311,11109,2756,13865,8353
2006-01-20,23,18,5,15,191,2489,1352,3841,1137
2006-01-21,11,11,0,5,24,139,135,274,4
2006-01-22,35,35,0,16,41,183,90,273,93
2006-01-23,71,70,1,20,181,4759,5784,10543,-1025
2006-01-24,33,31,2,22,58,922,752,1674,170
2006-01-25,9,9,0,3,12,119,29,148,90
2006-01-26,28,28,0,21,69,1013,839,1852,174
2006-01-27,67,56,11,18,98,1858,904,2762,954
2006-01-28,11,8,3,7,12,434,65,499,369
2006-01-29,14,12,2,3,24,387,277,664,110
2006-01-30,40,39,1,16,60,1133,796,1929,337
2006-01-31,89,74,15,29,223,4510,2471,6981,2039
2006-02-01,297,286,11,123,585,11988,5702,17690,6286
2006-02-02,34,26,8,20,59,605,428,1033,177
2006-02-03,125,118,7,75,212,5261,1660,6921,3601
2006-02-04,30,29,1,8,67,2171,584,2755,1587
2006-02-05,84,82,2,44,205,1510,543,2053,967
2006-02-06,30,25,5,22,47,1354,257,1611,1097
2006-02-07,183,171,12,59,410,6395,5031,11426,1364
2006-02-08,140,129,11,46,265,4111,3173,7284,938
2006-02-09,42,31,11,15,56,1833,1148,2981,685
2006-02-10,62,51,11,34,360,1052,1427,2479,-375
2006-02-11,11,9,2,3,15,147,143,290,4
2006-02-12,50,49,1,21,142,903,805,1708,98
2006-02-13,30,27,3,19,44,239,236,475,3
2006-02-14,45,40,5,20,58,814,577,1391,237
2006-02-15,71,67,4,48,179,1657,1458,3115,199
2006-02-16,20,16,4,12,26,205,51,256,154
2006-02-17,68,57,11,36,83,641,408,1049,233
2006-02-18,11,10,1,4,14,82,32,114,50
2006-02-19,31,31,0,14,69,1066,799,1865,267
2006-02-20,28,23,5,8,28,890,313,1203,577
2006-02-21,54,47,7,28,88,574,1608,2182,-1034
2006-02-22,29,24,5,20,36,578,159,737,419
2006-02-23,23,22,1,9,54,504,673,1177,-169
2006-02-24,71,61,10,46,125,1532,1337,2869,195
2006-02-25,6,4,2,4,4,47,13,60,34
2006-02-26,18,18,0,10,32,247,115,362,132
2006-02-27,95,86,9,48,224,9003,1149,10152,7854
2006-02-28,82,69,13,44,174,2524,1806,4330,718
2006-03-01,73,63,10,30,118,2847,3725,6572,-878
2006-03-02,15,14,1,11,30,527,508,1035,19
2006-03-03,80,77,3,26,138,2741,1860,4601,881
2006-03-04,20,17,3,14,68,451,1100,1551,-649
2006-03-05,30,27,3,13,69,507,258,765,249
2006-03-06,16,13,3,7,21,421,189,610,232
2006-03-07,40,37,3,29,52,665,393,1058,272
2006-03-08,47,43,4,33,119,1398,741,2139,657
2006-03-09,26,22,4,13,40,277,115,392,162
2006-03-10,23,23,0,21,31,200,59,259,141
2006-03-11,39,34,5,18,44,315,277,592,38
2006-03-12,89,82,7,22,142,32213,39764,71977,-7551
2006-03-13,11,10,1,5,14,87,52,139,35
2006-03-14,81,77,4,29,158,4859,2271,7130,2588
2006-03-15,19,17,2,14,21,591,321,912,270
2006-03-16,14,12,2,9,21,339,223,562,116
2006-03-17,84,79,5,33,191,2088,2003,4091,85
2006-03-18,34,34,0,9,57,683,490,1173,193
2006-03-19,16,16,0,6,37,797,509,1306,288
2006-03-20,526,513,13,86,1351,35253,21542,56795,13711
2006-03-21,423,398,25,97,1306,30389,16472,46861,13917
2006-03-22,310,301,9,84,738,9836,10334,20170,-498
2006-03-23,342,324,18,97,899,19431,12791,32222,6640
2006-03-24,245,237,8,86,789,15987,8817,24804,7170
2006-03-25,228,214,14,94,652,9639,6891,16530,2748
2006-03-26,218,215,3,55,543,17441,11094,28535,6347
2006-03-27,338,334,4,73,969,39073,19907,58980,19166
2006-03-28,117,109,8,47,651,7985,3366,11351,4619
2006-03-29,117,108,9,39,338,3934,2690,6624,1244
2006-03-30,53,45,8,19,115,1775,1053,2828,722
2006-03-31,258,252,6,96,1077,43155,11768,54923,31387
2006-04-01,58,50,8,27,211,3284,1831,5115,1453
2006-04-02,184,166,18,43,393,12789,3573,16362,9216
2006-04-03,22,20,2,7,50,571,394,965,177
2006-04-04,21,16,5,14,37,1391,86,1477,1305
2006-04-05,9,9,0,7,11,92,58,150,34
2006-04-06,5,5,0,5,7,84,82,166,2
2006-04-07,9,9,0,5,41,308,287,595,21
2006-04-08,10,10,0,5,12,127,46,173,81
2006-04-09,37,37,0,14,72,590,232,822,358
2006-04-10,72,69,3,34,183,2360,1807,4167,553
2006-04-11,242,238,4,77,505,5838,5905,11743,-67
2006-04-12,52,44,8,26,112,638,28574,29212,-27936
2006-04-13,55,55,0,26,93,1188,13299,14487,-12111
2006-04-14,91,87,4,51,165,7146,4234,11380,2912
2006-04-15,27,16,11,9,28,221,150,371,71
2006-04-16,1,1,0,1,1,4,0,4,4
2006-04-17,12,11,1,9,14,89,82,171,7
2006-04-18,45,36,9,22,60,332,195,527,137
2006-04-19,146,138,8,49,400,9151,5093,14244,4058
2006-04-20,71,60,11,43,100,4178,2332,6510,1846
2006-04-21,46,45,1,22,88,1238,899,2137,339
2006-04-22,45,42,3,19,83,2141,774,2915,1367
2006-04-23,10,4,6,4,7,8,12,20,-4
2006-04-24,59,59,0,11,100,2227,1561,3788,666
2006-04-25,47,46,1,14,57,342,282,624,60
2006-04-26,48,36,12,19,925,952,1525,2477,-573
2006-04-27,86,76,10,44,203,3063,2302,5365,761
2006-04-28,48,47,1,33,112,1906,787,2693,1119
2006-04-29,25,22,3,12,66,796,858,1654,-62
2006-04-30,34,32,2,26,46,543,2080,2623,-1537
2006-05-01,40,35,5,10,89,1559,532,2091,1027
2006-05-02,61,56,5,32,91,2190,927,3117,1263
2006-05-03,17,16,1,10,34,348,127,475,221
2006-05-04,47,41,6,15,69,529,492,1021,37
2006-05-05,34,30,4,21,67,629,369,998,260
2006-05-06,12,11,1,9,14,115,43,158,72
2006-05-07,12,12,0,7,19,281,147,428,134
2006-05-08,42,37,5,17,74,1343,1024,2367,319
2006-05-09,29,27,2,22,37,1059,915,1974,144
2006-05-10,21,19,2,15,31,240,139,379,101
2006-05-11,10,6,4,5,9,346,15,361,331
2006-05-12,68,63,5,38,104,1850,578,2428,1272
2006-05-13,20,20,0,5,81,4340,1553,5893,2787
2006-05-14,17,17,0,9,42,160,111,271,49
2006-05-15,117,113,4,46,193,3999,1315,5314,2684
2006-05-16,46,41,5,23,60,2255,169,2424,2086
2006-05-17,36,30,6,20,37,602,419,1021,183
2006-05-18,16,14,2,7,136,595,513,1108,82
2006-05-19,42,37,5,25,80,673,551,1224,122
2006-05-20,69,62,7,20,129,954,42256,43210,-41302
2006-05-21,62,61,1,37,98,2524,737,3261,1787
2006-05-22,29,26,3,14,80,527,513,1040,14
2006-05-23,69,64,5,20,159,2465,2709,5174,-244
2006-05-24,56,45,11,21,117,5786,2540,8326,3246
2006-05-25,26,25,1,10,44,644,565,1209,79
2006-05-26,35,31,4,19,61,889,956,1845,-67
2006-05-27,40,33,7,19,86,1875,1703,3578,172
2006-05-28,17,14,3,9,48,223,632,855,-409
2006-05-29,18,17,1,12,81,1727,1040,2767,687
2006-05-30,38,35,3,13,52,297,114,411,183
2006-05-31,81,80,1,32,176,2739,1042,3781,1697
2006-06-01,16,15,1,9,29,254,259,513,-5
2006-06-02,13,10,3,8,14,200,62,262,138
2006-06-03,2,1,1,2,1,2,1,3,1
2006-06-04,9,9,0,6,18,501,260,761,241
2006-06-05,80,72,8,44,132,958,713,1671,245
2006-06-06,6,5,1,4,23,65,64,129,1
2006-06-07,3,2,1,2,6,155,52,207,103
2006-06-08,35,27,8,19,40,802,321,1123,481
2006-06-09,123,123,0,38,446,9094,6052,15146,3042
2006-06-10,28,25,3,19,113,3549,1685,5234,1864
2006-06-11,30,29,1,13,47,1519,391,1910,1128
2006-06-12,63,57,6,22,82,1017,1890,2907,-873
2006-06-13,9,8,1,5,11,57,44,101,13
2006-06-14,16,14,2,9,347,5325,6053,11378,-728
2006-06-15,39,27,12,15,78,1126,563,1689,563
2006-06-16,14,5,9,4,5,13,5,18,8
2006-06-17,9,9,0,5,10,72,70,142,2
2006-06-18,207,205,2,56,604,27425,7994,35419,19431
2006-06-19,123,121,2,30,552,17920,6201,24121,11719
2006-06-20,117,93,24,37,338,9806,8242,18048,1564
2006-06-21,226,217,9,102,474,12231,4551,16782,7680
2006-06-22,222,218,4,69,642,24482,6542,31024,17940
2006-06-23,281,267,14,105,771,10964,6813,17777,4151
2006-06-24,91,84,7,22,250,8263,3906,12169,4357
2006-06-25,472,466,6,120,1268,36544,17592,54136,18952
2006-06-26,596,583,13,139,1734,31180,26546,57726,4634
2006-06-27,153,152,1,44,499,20440,4514,24954,15926
2006-06-28,290,277,13,97,894,29143,7644,36787,21499
2006-06-29,231,216,15,66,783,16276,7531,23807,8745
2006-06-30,180,171,9,54,3429,4437,6913,11350,-2476
2006-07-01,133,122,11,40,335,6916,3915,10831,3001
2006-07-02,76,72,4,11,746,1605,1341,2946,264
2006-07-03,180,173,7,29,709,19628,6384,26012,13244
2006-07-04,45,36,9,18,69,1236,529,1765,707
2006-07-05,68,61,7,27,137,8157,1574,9731,6583
2006-07-06,39,34,5,16,66,1105,412,1517,693
2006-07-07,21,21,0,8,34,1048,347,1395,701
2006-07-08,10,10,0,9,44,311,163,474,148
2006-07-09,39,36,3,18,93,1549,1428,2977,121
2006-07-10,166,157,9,68,462,4566,3725,8291,841
2006-07-11,13,13,0,8,28,428,244,672,184
2006-07-12,147,142,5,80,353,2640,1504,4144,1136
2006-07-13,109,96,13,27,357,5767,5334,11101,433
2006-07-14,13,12,1,8,27,140,95,235,45
2006-07-15,95,91,4,50,182,5167,910,6077,4257
2006-07-16,6,6,0,2,6,114,61,175,53
2006-07-17,12,10,2,7,11,308,398,706,-90
2006-07-18,2,2,0,1,8,116,46,162,70
2006-07-19,28,27,1,10,61,3305,1837,5142,1468
2006-07-20,3,3,0,3,4,33,8,41,25
2006-07-21,44,40,4,20,181,726,791,1517,-65
2006-07-22,0,0,0,0,0,0,0,0,0
2006-07-23,5,5,0,4,6,94,69,163,25
2006-07-24,25,21,4,14,28,252,240,492,12
2006-07-25,29,29,0,14,40,611,518,1129,93
2006-07-26,25,23,2,13,50,926,658,1584,268
2006-07-27,30,28,2,14,51,1501,542,2043,959
2006-07-28,39,39,0,19,72,3892,403,4295,3489
2006-07-29,68,52,16,25,89,5996,687,6683,5309
2006-07-30,10,9,1,4,12,82,66,148,16
2006-07-31,119,117,2,64,296,2114,1615,3729,499
2006-08-01,13,12,1,8,50,342,388,730,-46
2006-08-02,74,69,5,40,115,1044,629,1673,415
2006-08-03,61,50,11,32,89,689,577,1266,112
2006-08-04,21,10,11,10,14,175,128,303,47
2006-08-05,24,20,4,10,31,987,208,1195,779
2006-08-06,80,74,6,45,110,1073,1263,2336,-190
2006-08-07,27,22,5,16,28,319,125,444,194
2006-08-08,37,35,2,25,65,961,422,1383,539
2006-08-09,32,24,8,17,37,573,145,718,428
2006-08-10,28,20,8,13,78,543,494,1037,49
2006-08-11,28,28,0,19,44,948,431,1379,517
2006-08-12,0,0,0,0,0,0,0,0,0
2006-08-13,1,1,0,1,1,1,1,2,0
2006-08-14,45,43,2,29,86,1021,269,1290,752
2006-08-15,7,6,1,5,10,44,21,65,23
2006-08-16,32,29,3,19,36,280,244,524,36
2006-08-17,24,24,0,20,37,601,224,825,377
2006-08-18,17,15,2,13,22,565,92,657,473
2006-08-19,69,62,7,30,186,9326,1822,11148,7504
2006-08-20,0,0,0,0,0,0,0,0,0
2006-08-21,8,5,3,4,9,66,36,102,30
2006-08-22,17,14,3,16,21,143,127,270,16
2006-08-23,25,24,1,18,37,1636,553,2189,1083
2006-08-24,46,36,10,21,71,1093,782,1875,311
2006-08-25,21,19,2,14,39,389,233,622,156
2006-08-26,16,15,1,11,16,146,87,233,59
2006-08-27,58,57,1,40,98,2295,1058,3353,1237
2006-08-28,14,13,1,8,24,783,713,1496,70
2006-08-29,54,47,7,13,137,38400,790,39190,37610
2006-08-30,61,58,3,36,111,2509,905,3414,1604
2006-08-31,53,47,6,20,89,1260,960,2220,300
2006-09-01,37,35,2,30,123,669,495,1164,174
2006-09-02,25,23,2,10,51,2577,714,3291,1863
2006-09-03,0,0,0,0,0,0,0,0,0
2006-09-04,17,13,4,4,85,716,919,1635,-203
2006-09-05,20,18,2,7,68,864,480,1344,384
2006-09-06,31,28,3,20,42,361,332,693,29
2006-09-07,29,29,0,17,71,588,417,1005,171
2006-09-08,16,16,0,12,40,340,382,722,-42
2006-09-09,10,10,0,2,56,247,331,578,-84
2006-09-10,7,7,0,4,34,741,261,1002,480
2006-09-11,49,38,11,24,98,1404,641,2045,763
2006-09-12,23,17,6,12,77,330,286,616,44
2006-09-13,71,56,15,31,381,30477,23691,54168,6786
2006-09-14,17,17,0,10,37,342,675,1017,-333
2006-09-15,0,0,0,0,0,0,0,0,0
2006-09-16,27,27,0,16,42,237,112,349,125
2006-09-17,45,40,5,11,74,973,808,1781,165
2006-09-18,31,28,3,19,40,239,206,445,33
2006-09-19,35,29,6,24,109,1222,595,1817,627
2006-09-20,77,75,2,28,242,11859,9574,21433,2285
2006-09-21,135,132,3,24,449,13146,5447,18593,7699
2006-09-22,455,447,8,80,1489,52270,16530,68800,35740
2006-09-23,272,263,9,60,547,11837,7305,19142,4532
2006-09-24,71,58,13,14,146,2166,1916,4082,250
2006-09-25,169,167,2,45,559,11636,11959,23595,-323
2006-09-26,738,729,9,166,2008,48574,18999,67573,29575
2006-09-27,527,514,13,135,1935,56420,24656,81076,31764
2006-09-28,186,181,5,57,515,14274,9085,23359,5189
2006-09-29,391,386,5,126,868,7627,6034,13661,1593
2006-09-30,112,104,8,20,372,6542,6822,13364,-280
2006-10-01,207,202,5,70,703,6358,5613,11971,745
2006-10-02,167,159,8,56,656,7490,5321,12811,2169
2006-10-03,288,277,11,100,1344,16207,18621,34828,-2414
2006-10-04,311,299,12,85,994,34287,69649,103936,-35362
2006-10-05,42,37,5,18,1128,2933,3160,6093,-227
2006-10-06,75,70,5,46,309,1993,1488,3481,505
2006-10-07,22,20,2,12,128,610,487,1097,123
2006-10-08,43,40,3,12,264,2623,1114,3737,1509
2006-10-09,39,37,2,11,126,364,2622,2986,-2258
2006-10-10,82,79,3,18,144,1022,716,1738,306
2006-10-11,185,179,6,67,477,35638,6882,42520,28756
2006-10-12,60,56,4,30,100,701,1053,1754,-352
2006-10-13,16,13,3,10,24,208,139,347,69
2006-10-14,60,51,9,33,102,1796,1431,3227,365
2006-10-15,23,21,2,9,41,1435,524,1959,911
2006-10-16,53,52,1,33,103,750,1396,2146,-646
2006-10-17,135,130,5,62,223,5529,1708,7237,3821
2006-10-18,96,96,0,45,190,1577,809,2386,768
2006-10-19,59,52,7,20,120,2002,1113,3115,889
2006-10-20,108,103,5,44,228,2268,2014,4282,254
2006-10-21,92,82,10,48,127,2663,1112,3775,1551
2006-10-22,25,24,1,12,56,1834,245,2079,1589
2006-10-23,25,19,6,14,32,1985,394,2379,1591
2006-10-24,27,27,0,18,47,632,277,909,355
2006-10-25,84,83,1,43,205,3389,1496,4885,1893
2006-10-26,36,26,10,19,44,496,202,698,294
2006-10-27,24,22,2,17,58,354,327,681,27
2006-10-28,49,48,1,29,66,1314,302,1616,1012
2006-10-29,12,10,2,9,11,40,31,71,9
2006-10-30,56,54,2,31,86,539,351,890,188
2006-10-31,64,60,4,31,112,1736,1671,3407,65
2006-11-01,46,42,4,27,81,666,595,1261,71
2006-11-02,26,20,6,14,26,138,65,203,73
2006-11-03,76,72,4,47,128,1128,2446,3574,-1318
2006-11-04,5,4,1,2,4,43,11,54,32
2006-11-05,14,13,1,8,22,122,97,219,25
2006-11-06,49,43,6,21,111,1469,725,2194,744
2006-11-07,19,16,3,16,28,331,225,556,106
2006-11-08,15,11,4,9,12,113,88,201,25
2006-11-09,37,37,0,27,65,849,485,1334,364
2006-11-10,17,16,1,14,20,118,58,176,60
2006-11-11,8,8,0,4,26,197,123,320,74
2006-11-12,1,1,0,1,4,342,4,346,338
2006-11-13,55,47,8,30,87,1380,257,1637,1123
2006-11-14,30,28,2,21,44,214,151,365,63
2006-11-15,24,24,0,17,36,496,316,812,180
2006-11-16,57,53,4,40,86,470,200,670,270
2006-11-17,22,20,2,12,26,1320,235,1555,1085
2006-11-18,3,2,1,3,2,23,17,40,6
2006-11-19,1,1,0,1,1,1,1,2,0
2006-11-20,12,11,1,11,19,58,42,100,16
2006-11-21,7,5,2,6,5,6,1,7,5
2006-11-22,60,57,3,23,442,3086,2279,5365,807
2006-11-23,5,3,2,4,3,5,7,12,-2
2006-11-24,5,5,0,4,37,364,109,473,255
2006-11-25,31,31,0,21,53,2073,285,2358,1788
2006-11-26,10,9,1,7,19,38,9,47,29
2006-11-27,4,4,0,3,5,29,90,119,-61
2006-11-28,33,31,2,26,98,829,438,1267,391
2006-11-29,61,53,8,29,129,657,329,986,328
2006-11-30,154,151,3,33,754,7467,5864,13331,1603
2006-12-01,207,206,1,53,401,9683,2935,12618,6748
2006-12-02,226,212,14,47,508,29545,5545,35090,24000
2006-12-03,481,481,0,42,1637,37620,13549,51169,24071
2006-12-04,237,230,7,67,794,24815,27689,52504,-2874
2006-12-05,45,38,7,22,154,693,1208,1901,-515
2006-12-06,146,142,4,30,445,8340,5898,14238,2442
2006-12-07,738,722,16,194,2037,31216,15644,46860,15572
2006-12-08,489,484,5,96,1249,28094,20003,48097,8091
2006-12-09,43,38,5,23,134,1995,493,2488,1502
2006-12-10,262,260,2,91,700,39051,21216,60267,17835
2006-12-11,103,99,4,35,201,5037,2476,7513,2561
2006-12-12,102,91,11,45,184,6935,1140,8075,5795
2006-12-13,150,140,10,55,524,3781,3605,7386,176
2006-12-14,20,20,0,15,43,490,447,937,43
2006-12-15,17,16,1,11,41,194,1984,2178,-1790
2006-12-16,37,28,9,13,49,1046,1114,2160,-68
2006-12-17,27,27,0,10,89,745,417,1162,328
2006-12-18,36,35,1,15,65,385,495,880,-110
2006-12-19,28,27,1,15,48,1357,414,1771,943
2006-12-20,129,123,6,64,278,2800,2061,4861,739
2006-12-21,26,16,10,12,23,275,167,442,108
2006-12-22,69,68,1,45,100,637,440,1077,197
2006-12-23,11,10,1,9,14,146,91,237,55
2006-12-24,2,2,0,1,2,25,5,30,20
2006-12-25,0,0,0,0,0,0,0,0,0
2006-12-26,41,40,1,13,64,759,1218,1977,-459
2006-12-27,30,30,0,18,44,253,239,492,14
2006-12-28,0,0,0,0,0,0,0,0,0
2006-12-29,13,9,4,7,9,131,53,184,78
2006-12-30,59,57,2,37,87,681,408,1089,273
2006-12-31,9,8,1,5,23,321,161,482,160
2007-01-01,3,3,0,2,3,6,3,9,3
2007-01-02,13,13,0,11,15,65,28,93,37
2007-01-03,22,21,1,12,27,147,136,283,11
2007-01-04,33,28,5,23,40,445,286,731,159
2007-01-05,17,17,0,14,18,273,85,358,188
2007-01-06,108,104,4,46,172,3027,993,4020,2034
2007-01-07,4,4,0,3,5,42,22,64,20
2007-01-08,32,27,5,18,42,869,258,1127,611
2007-01-09,78,73,5,41,98,816,450,1266,366
2007-01-10,23,18,5,11,28,294,204,498,90
2007-01-11,27,23,4,10,32,297,153,450,144
2007-01-12,24,21,3,19,61,336,168,504,168
2007-01-13,33,33,0,10,67,1072,527,1599,545
2007-01-14,0,0,0,0,0,0,0,0,0
2007-01-15,11,11,0,10,16,57,44,101,13
2007-01-16,1,1,0,1,2,13,123,136,-110
2007-01-17,2,1,1,2,1,9,0,9,9
2007-01-18,28,28,0,17,47,909,445,1354,464
2007-01-19,3,3,0,2,3,2,2,4,0
2007-01-20,5,5,0,4,5,10,3,13,7
2007-01-21,11,11,0,7,15,63,39,102,24
2007-01-22,42,29,13,25,53,2476,863,3339,1613
2007-01-23,59,52,7,31,76,514,750,1264,-236
2007-01-24,87,81,6,47,131,1771,2050,3821,-279
2007-01-25,17,17,0,10,29,229,90,319,139
2007-01-26,76,73,3,32,131,1878,818,2696,1060
2007-01-27,46,45,1,21,133,1713,1081,2794,632
2007-01-28,5,4,1,2,6,45,22,67,23
2007-01-29,12,12,0,6,19,1554,37,1591,1517
2007-01-30,83,73,10,46,107,3202,515,3717,2687
2007-01-31,31,29,2,19,51,1041,503,1544,538
2007-02-01,6,5,1,5,6,184,43,227,141
2007-02-02,42,36,6,22,52,1849,386,2235,1463
2007-02-03,168,157,11,33,624,11521,11462,22983,59
2007-02-04,46,45,1,16,105,1342,1106,2448,236
2007-02-05,212,211,1,63,655,33027,10087,43114,22940
2007-02-06,96,87,9,32,303,6263,2225,8488,4038
2007-02-07,308,302,6,96,730,28199,8141,36340,20058
2007-02-08,155,143,12,62,511,19271,13694,32965,5577
2007-02-09,418,406,12,113,1100,43445,16233,59678,27212
2007-02-10,77,75,2,34,194,3424,2045,5469,1379
2007-02-11,343,335,8,85,1496,31178,24634,55812,6544
2007-02-12,257,254,3,68,1215,18688,14095,32783,4593
2007-02-13,272,260,12,98,738,24633,6206,30839,18427
2007-02-14,162,151,11,55,992,6961,4383,11344,2578
2007-02-15,29,27,2,18,68,1254,677,1931,577
2007-02-16,225,221,4,96,546,17497,6763,24260,10734
2007-02-17,189,169,20,62,637,7475,12679,20154,-5204
2007-02-18,47,44,3,20,157,9210,2513,11723,6697
2007-02-19,25,5,20,5,11,31,17,48,14
2007-02-20,70,62,8,26,176,1998,1416,3414,582
2007-02-21,301,299,2,88,631,18321,7307,25628,11014
2007-02-22,16,16,0,10,95,762,452,1214,310
2007-02-23,43,43,0,24,113,2884,842,3726,2042
2007-02-24,4,4,0,2,9,327,404,731,-77
2007-02-25,14,14,0,8,17,205,133,338,72
2007-02-26,101,86,15,37,219,1822,3915,5737,-2093
2007-02-27,69,66,3,25,104,1909,941,2850,968
2007-02-28,19,19,0,11,32,406,404,810,2
2007-03-01,72,72,0,40,139,3186,1573,4759,1613
2007-03-02,56,50,6,23,124,796,346,1142,450
2007-03-03,35,33,2,27,96,567,576,1143,-9
2007-03-04,55,49,6,15,144,1369,2089,3458,-720
2007-03-05,81,80,1,44,189,1394,1322,2716,72
2007-03-06,86,86,0,51,123,1302,835,2137,467
2007-03-07,80,66,14,33,93,1242,729,1971,513
2007-03-08,84,78,6,51,101,1405,545,1950,860
2007-03-09,162,156,6,49,358,10643,2261,12904,8382
2007-03-10,65,50,15,32,67,824,925,1749,-101
2007-03-11,41,41,0,19,58,826,961,1787,-135
2007-03-12,27,25,2,15,50,639,522,1161,117
2007-03-13,33,28,5,13,123,1628,3561,5189,-1933
2007-03-14,55,53,2,11,87,553,549,1102,4
2007-03-15,27,25,2,12,77,1735,650,2385,1085
2007-03-16,38,38,0,26,80,1443,616,2059,827
2007-03-17,67,63,4,40,120,960,617,1577,343
2007-03-18,20,15,5,12,16,121,95,216,26
2007-03-19,29,29,0,22,51,199,81,280,118
2007-03-20,65,55,10,33,100,1629,786,2415,843
2007-03-21,15,15,0,7,48,732,3032,3764,-2300
2007-03-22,47,45,2,18,102,2409,2592,5001,-183
2007-03-23,58,48,10,28,85,1099,527,1626,572
2007-03-24,19,19,0,12,30,146,68,214,78
2007-03-25,7,6,1,3,8,204,38,242,166
2007-03-26,91,84,7,52,149,3012,2242,5254,770
2007-03-27,62,58,4,42,90,732,1698,2430,-966
2007-03-28,45,36,9,23,55,751,362,1113,389
2007-03-29,52,49,3,32,73,2796,288,3084,2508
2007-03-30,20,17,3,8,45,2081,275,2356,1806
2007-03-31,6,5,1,4,5,10,5,15,5
2007-04-01,37,36,1,16,56,459,380,839,79
2007-04-02,38,34,4,27,77,1476,870,2346,606
2007-04-03,3,3,0,3,3,20,16,36,4
2007-04-04,26,23,3,14,42,595,204,799,391
2007-04-05,23,23,0,16,42,340,157,497,183
2007-04-06,8,8,0,8,18,278,116,394,162
2007-04-07,6,5,1,4,7,22,39,61,-17
2007-04-08,0,0,0,0,0,0,0,0,0
2007-04-09,12,11,1,11,24,388,151,539,237
2007-04-10,26,26,0,10,54,2667,871,3538,1796
2007-04-11,51,40,11,22,74,1535,1171,2706,364
2007-04-12,114,111,3,44,519,5396,4450,9846,946
2007-04-13,7,7,0,6,8,35,27,62,8
2007-04-14,5,3,2,4,3,10,5,15,5
2007-04-15,9,7,2,4,9,44,23,67,21
2007-04-16,10,9,1,8,15,389,71,460,318
2007-04-17,55,52,3,40,87,1983,585,2568,1398
2007-04-18,5,5,0,5,11,181,179,360,2
2007-04-19,60,59,1,22,113,3070,2003,5073,1067
2007-04-20,13,12,1,8,31,363,108,471,255
2007-04-21,48,46,2,20,167,3221,1084,4305,2137
2007-04-22,26,26,0,5,47,1644,1011,2655,633
2007-04-23,44,41,3,14,69,1578,561,2139,1017
2007-04-24,84,79,5,49,165,2510,1131,3641,1379
2007-04-25,48,45,3,28,131,2466,1155,3621,1311
2007-04-26,564,563,1,85,3104,43031,52652,95683,-9621
2007-04-27,458,441,17,134,1091,58470,25439,83909,33031
2007-04-28,202,201,1,70,479,33879,10177,44056,23702
2007-04-29,99,87,12,25,150,2822,2595,5417,227
2007-04-30,91,81,10,38,172,2933,5062,7995,-2129
2007-05-01,172,170,2,45,478,11383,8660,20043,2723
2007-05-02,330,330,0,98,877,13043,14629,27672,-1586
2007-05-03,199,199,0,47,595,10911,8467,19378,2444
2007-05-04,31,31,0,19,65,1209,518,1727,691
2007-05-05,112,96,16,33,246,30194,8144,38338,22050
2007-05-06,60,55,5,20,165,2899,2357,5256,542
2007-05-07,293,284,9,87,1292,74633,7051,81684,67582
2007-05-08,660,648,12,216,2097,39093,21525,60618,17568
2007-05-09,376,362,14,137,1206,29337,12485,41822,16852
2007-05-10,140,124,16,56,365,4331,3297,7628,1034
2007-05-11,365,350,15,123,1089,30727,22103,52830,8624
2007-05-12,52,48,4,21,142,5178,526,5704,4652
2007-05-13,14,13,1,12,26,98,92,190,6
2007-05-14,69,66,3,29,103,860,765,1625,95
2007-05-15,43,39,4,22,66,996,1322,2318,-326
2007-05-16,54,50,4,29,112,3001,720,3721,2281
2007-05-17,89,82,7,44,180,1568,1307,2875,261
2007-05-18,37,32,5,17,48,330,242,572,88
2007-05-19,43,42,1,25,112,1419,485,1904,934
2007-05-20,13,13,0,7,58,189,84,273,105
2007-05-21,77,71,6,26,265,34270,1449,35719,32821
2007-05-22,51,47,4,32,106,3060,3529,6589,-469
2007-05-23,67,62,5,35,99,645,337,982,308
2007-05-24,140,134,6,85,185,2122,1968,4090,154
2007-05-25,31,26,5,14,38,416,143,559,273
2007-05-26,24,24,0,10,38,777,1039,1816,-262
2007-05-27,41,41,0,11,59,494,13358,13852,-12864
2007-05-28,5,5,0,4,7,70,117,187,-47
2007-05-29,60,55,5,30,112,3486,1423,4909,2063
2007-05-30,48,43,5,26,85,751,395,1146,356
2007-05-31,100,89,11,52,157,1849,1391,3240,458
2007-06-01,70,68,2,41,159,2152,1280,3432,872
2007-06-02,35,33,2,20,64,1162,583,1745,579
2007-06-03,23,20,3,12,34,112,323,435,-211
2007-06-04,36,32,4,21,50,225,208,433,17
2007-06-05,21,20,1,10,39,837,349,1186,488
2007-06-06,22,22,0,12,59,1520,1561,3081,-41
2007-06-07,56,53,3,30,110,1132,990,2122,142
2007-06-08,94,89,5,38,212,2182,1604,3786,578
2007-06-09,48,43,5,30,65,1260,1047,2307,213
2007-06-10,22,22,0,11,34,600,75,675,525
2007-06-11,134,125,9,27,365,6575,6438,13013,137
2007-06-12,31,30,1,17,88,4334,3116,7450,1218
2007-06-13,23,18,5,11,42,312,158,470,154
2007-06-14,67,63,4,26,198,3294,3521,6815,-227
2007-06-15,24,14,10,9,52,1111,913,2024,198
2007-06-16,30,28,2,24,47,438,312,750,126
2007-06-17,34,34,0,13,71,2894,1743,4637,1151
2007-06-18,25,24,1,15,112,12416,6510,18926,5906
2007-06-19,25,20,5,13,24,220,81,301,139
2007-06-20,59,54,5,30,108,1790,614,2404,1176
2007-06-21,33,30,3,20,69,2211,226,2437,1985
2007-06-22,11,8,3,5,27,594,292,886,302
2007-06-23,16,14,2,10,17,314,364,678,-50
2007-06-24,38,37,1,27,47,911,290,1201,621
2007-06-25,26,26,0,18,40,441,200,641,241
2007-06-26,41,37,4,24,62,2031,2158,4189,-127
2007-06-27,21,18,3,11,20,93,118,211,-25
2007-06-28,98,97,1,39,186,5632,3994,9626,1638
2007-06-29,46,45,1,15,166,2092,1518,3610,574
2007-06-30,5,3,2,3,8,650,28,678,622
2007-07-01,11,11,0,9,14,94,33,127,61
2007-07-02,31,29,2,22,65,3449,2153,5602,1296
2007-07-03,78,70,8,40,137,2168,852,3020,1316
2007-07-04,12,11,1,9,13,67,100,167,-33
2007-07-05,13,9,4,5,10,110,48,158,62
2007-07-06,43,41,2,26,59,759,646,1405,113
2007-07-07,5,5,0,4,11,557,551,1108,6
2007-07-08,7,6,1,5,10,155,144,299,11
2007-07-09,305,300,5,79,734,17380,9912,27292,7468
2007-07-10,337,328,9,121,1203,26486,89019,115505,-62533
2007-07-11,488,486,2,112,2055,28801,17668,46469,11133
2007-07-12,389,372,17,115,917,36176,17325,53501,18851
2007-07-13,66,60,6,23,143,9024,3601,12625,5423
2007-07-14,54,54,0,21,168,6753,4363,11116,2390
2007-07-15,76,69,7,30,166,3847,1738,5585,2109
2007-07-16,478,470,8,160,1080,23101,46570,69671,-23469
2007-07-17,337,322,15,105,887,28465,6307,34772,22158
2007-07-18,427,418,9,125,1024,39427,11126,50553,28301
2007-07-19,358,338,20,100,1216,38377,18386,56763,19991
2007-07-20,414,398,16,114,1065,27985,8632,36617,19353
2007-07-21,33,31,2,17,62,1541,1055,2596,486
2007-07-22,303,277,26,102,684,12911,6935,19846,5976
2007-07-23,45,44,1,25,126,2285,804,3089,1481
2007-07-24,133,126,7,60,300,3294,2003,5297,1291
2007-07-25,77,68,9,34,240,2106,3103,5209,-997
2007-07-26,131,127,4,57,306,7170,4324,11494,2846
2007-07-27,35,35,0,22,75,15029,14325,29354,704
2007-07-28,16,16,0,11,22,1232,1063,2295,169
2007-07-29,20,15,5,11,85,358,234,592,124
2007-07-30,103,95,8,46,203,3228,3928,7156,-700
2007-07-31,244,239,5,108,813,5092,47361,52453,-42269
2007-08-01,57,53,4,21,131,2804,2194,4998,610
2007-08-02,53,45,8,24,63,497,253,750,244
2007-08-03,74,66,8,45,111,963,1713,2676,-750
2007-08-04,18,18,0,11,25,581,699,1280,-118
2007-08-05,19,19,0,10,39,320,170,490,150
2007-08-06,14,14,0,11,17,498,403,901,95
2007-08-07,38,30,8,19,53,906,401,1307,505
2007-08-08,11,10,1,9,19,136,76,212,60
2007-08-09,84,79,5,20,137,1306,830,2136,476
2007-08-10,39,39,0,21,69,874,668,1542,206
2007-08-11,64,58,6,45,93,964,395,1359,569
2007-08-12,35,24,11,15,31,244,98,342,146
2007-08-13,13,13,0,11,24,81,48,129,33
2007-08-14,63,59,4,36,70,405,243,648,162
2007-08-15,44,43,1,27,50,348,235,583,113
2007-08-16,12,12,0,9,19,805,20,825,785
2007-08-17,65,65,0,22,110,928,1012,1940,-84
2007-08-18,25,11,14,10,28,118,27,145,91
2007-08-19,4,4,0,3,4,6,2,8,4
2007-08-20,32,32,0,10,66,1578,203,1781,1375
2007-08-21,14,11,3,10,22,369,723,1092,-354
2007-08-22,107,103,4,59,180,3216,1521,4737,1695
2007-08-23,92,90,2,57,199,5206,1104,6310,4102
2007-08-24,47,36,11,25,52,383,336,719,47
2007-08-25,58,38,20,30,57,532,372,904,160
2007-08-26,0,0,0,0,0,0,0,0,0
2007-08-27,125,120,5,31,214,6555,9199,15754,-2644
2007-08-28,17,16,1,12,22,297,743,1040,-446
2007-08-29,14,14,0,8,48,3924,2723,6647,1201
2007-08-30,34,33,1,19,61,3489,3054,6543,435
2007-08-31,73,65,8,45,141,1050,547,1597,503
2007-09-01,23,20,3,11,38,275,115,390,160
2007-09-02,2,2,0,2,2,3,1,4,2
2007-09-03,11,11,0,2,69,2433,3204,5637,-771
2007-09-04,6,1,5,2,1,8,5,13,3
2007-09-05,27,27,0,15,32,485,843,1328,-358
2007-09-06,5,5,0,4,7,276,136,412,140
2007-09-07,13,13,0,5,30,2536,47,2583,2489
2007-09-08,0,0,0,0,0,0,0,0,0
2007-09-09,10,10,0,5,13,71,224,295,-153
2007-09-10,30,21,9,17,36,208,116,324,92
2007-09-11,91,82,9,57,110,581,396,977,185
2007-09-12,46,40,6,35,52,339,262,601,77
2007-09-13,50,48,2,25,114,1101,508,1609,593
2007-09-14,53,49,4,33,124,4186,1856,6042,2330
2007-09-15,12,10,2,8,55,42019,24,42043,41995
2007-09-16,24,23,1,11,44,469,401,870,68
2007-09-17,17,12,5,13,50,292,4594,4886,-4302
2007-09-18,6,6,0,4,10,74,14,88,60
2007-09-19,73,66,7,37,129,1634,810,2444,824
2007-09-20,61,57,4,33,101,2305,1086,3391,1219
2007-09-21,120,117,3,20,312,12521,3801,16322,8720
2007-09-22,23,19,4,20,38,537,87,624,450
2007-09-23,60,59,1,14,183,6810,1038,7848,5772
2007-09-24,21,20,1,9,35,619,196,815,423
2007-09-25,35,27,8,17,39,368,216,584,152
2007-09-26,50,41,9,24,60,1229,260,1489,969
2007-09-27,29,29,0,5,45,1907,2524,4431,-617
2007-09-28,31,25,6,16,41,302,149,451,153
2007-09-29,5,4,1,5,8,26,14,40,12
2007-09-30,2,2,0,2,2,6,4,10,2
2007-10-01,31,27,4,13,47,1508,541,2049,967
2007-10-02,39,31,8,25,44,609,345,954,264
2007-10-03,90,83,7,40,167,3216,1394,4610,1822
2007-10-04,59,58,1,21,188,6501,2233,8734,4268
2007-10-05,7,5,2,5,5,41,16,57,25
2007-10-06,11,9,2,6,11,85,17,102,68
2007-10-07,13,12,1,11,13,210,27,237,183
2007-10-08,31,30,1,17,83,2343,765,3108,1578
2007-10-09,200,199,1,30,368,7605,2149,9754,5456
2007-10-10,1424,1412,12,244,5105,248512,68742,317254,179770
2007-10-11,463,458,5,67,2564,24986,15601,40587,9385
2007-10-12,866,837,29,176,2042,55116,43467,98583,11649
2007-10-13,211,202,9,52,508,9308,5335,14643,3973
2007-10-14,112,104,8,36,278,3843,2433,6276,1410
2007-10-15,303,287,16,71,961,19556,11282,30838,8274
2007-10-16,928,917,11,172,2976,50725,40944,91669,9781
2007-10-17,566,552,14,179,1536,21175,16789,37964,4386
2007-10-18,359,350,9,103,1077,21059,28570,49629,-7511
2007-10-19,323,311,12,95,1740,15816,9847,25663,5969
2007-10-20,94,87,7,51,131,1368,573,1941,795
2007-10-21,39,35,4,15,127,7363,476,7839,6887
2007-10-22,172,170,2,70,558,12073,5550,17623,6523
2007-10-23,234,207,27,68,536,12604,11298,23902,1306
2007-10-24,89,81,8,39,173,1349,1232,2581,117
2007-10-25,115,105,10,36,166,1765,1503,3268,262
2007-10-26,52,47,5,20,68,456,312,768,144
2007-10-27,29,25,4,14,77,388,334,722,54
2007-10-28,17,15,2,9,15,42,32,74,10
2007-10-29,156,141,15,63,296,4996,2086,7082,2910
2007-10-30,80,72,8,49,116,1041,568,1609,473
2007-10-31,51,47,4,25,73,1610,302,1912,1308
2007-11-01,38,35,3,13,90,946,360,1306,586
2007-11-02,49,48,1,17,132,1206,1352,2558,-146
2007-11-03,41,32,9,16,41,257,250,507,7
2007-11-04,32,31,1,19,38,460,82,542,378
2007-11-05,96,85,11,43,125,1799,371,2170,1428
2007-11-06,33,29,4,17,33,157,97,254,60
2007-11-07,88,88,0,33,195,1187,2717,3904,-1530
2007-11-08,74,72,2,40,87,1929,944,2873,985
2007-11-09,50,37,13,21,73,473,358,831,115
2007-11-10,51,48,3,25,52,329,1202,1531,-873
2007-11-11,42,42,0,16,66,386,436,822,-50
2007-11-12,34,30,4,13,73,2327,2799,5126,-472
2007-11-13,59,54,5,31,97,786,773,1559,13
2007-11-14,26,26,0,17,29,283,273,556,10
2007-11-15,198,190,8,86,338,5582,3364,8946,2218
2007-11-16,13,11,2,6,18,207,119,326,88
2007-11-17,49,45,4,23,68,488,397,885,91
2007-11-18,1,1,0,1,1,17,8,25,9
2007-11-19,50,50,0,33,71,995,428,1423,567
2007-11-20,85,72,13,41,132,1385,865,2250,520
2007-11-21,46,44,2,20,79,933,818,1751,115
2007-11-22,6,6,0,6,15,49,114,163,-65
2007-11-23,10,10,0,5,20,130,621,751,-491
2007-11-24,27,27,0,15,33,161,114,275,47
2007-11-25,3,2,1,2,9,30,25,55,5
2007-11-26,63,63,0,33,112,1043,572,1615,471
2007-11-27,69,48,21,31,55,327,222,549,105
2007-11-28,60,56,4,35,78,629,559,1188,70
2007-11-29,85,81,4,57,112,1478,575,2053,903
2007-11-30,22,19,3,18,36,150,96,246,54
2007-12-01,43,39,4,24,49,538,483,1021,55
2007-12-02,7,5,2,6,12,273,52,325,221
2007-12-03,43,34,9,18,51,1160,980,2140,180
2007-12-04,41,37,4,24,48,736,313,1049,423
2007-12-05,72,67,5,33,88,1222,996,2218,226
2007-12-06,54,47,7,18,158,3184,7481,10665,-4297
2007-12-07,67,59,8,31,111,1719,815,2534,904
2007-12-08,16,15,1,15,27,174,89,263,85
2007-12-09,8,8,0,7,10,41,14,55,27
2007-12-10,16,11,5,9,14,377,114,491,263
2007-12-11,104,102,2,45,213,5816,2985,8801,2831
2007-12-12,42,40,2,18,114,949,821,1770,128
2007-12-13,12,12,0,11,18,64,29,93,35
2007-12-14,56,51,5,32,82,690,696,1386,-6
2007-12-15,0,0,0,0,0,0,0,0,0
2007-12-16,10,10,0,9,10,59,17,76,42
2007-12-17,54,37,17,31,53,500,905,1405,-405
2007-12-18,82,75,7,44,121,1113,794,1907,319
2007-12-19,43,41,2,26,62,703,752,1455,-49
2007-12-20,92,89,3,37,190,10175,1707,11882,8468
2007-12-21,47,42,5,25,95,1455,808,2263,647
2007-12-22,0,0,0,0,0,0,0,0,0
2007-12-23,90,86,4,26,202,10619,1051,11670,9568
2007-12-24,38,38,0,15,82,583,387,970,196
2007-12-25,2,2,0,1,11,49,43,92,6
2007-12-26,41,39,2,4,93,1511,893,2404,618
2007-12-27,11,9,2,9,15,54,19,73,35
2007-12-28,13,11,2,8,23,296,117,413,179
2007-12-29,1,1,0,1,2,2,2,4,0
2007-12-30,6,5,1,6,7,22,33,55,-11
2007-12-31,9,8,1,4,17,352,38,390,314
2008-01-01,9,7,2,6,12,237,65,302,172
2008-01-02,11,10,1,8,32,152,102,254,50
2008-01-03,27,22,5,15,28,141,97,238,44
2008-01-04,15,14,1,10,16,150,54,204,96
2008-01-05,0,0,0,0,0,0,0,0,0
2008-01-06,7,6,1,4,15,65,64,129,1
2008-01-07,13,11,2,10,16,76,57,133,19
2008-01-08,13,12,1,12,19,152,151,303,1
2008-01-09,60,59,1,37,94,614,387,1001,227
2008-01-10,155,153,2,41,285,17967,4722,22689,13245
2008-01-11,52,37,15,35,57,339,287,626,52
2008-01-12,151,149,2,52,360,8191,7943,16134,248
2008-01-13,10,6,4,6,9,25,23,48,2
2008-01-14,28,26,2,20,33,234,427,661,-193
2008-01-15,32,25,7,18,39,406,229,635,177
2008-01-16,13,12,1,10,15,77,46,123,31
2008-01-17,50,46,4,29,90,580,365,945,215
2008-01-18,38,33,5,17,52,1195,558,1753,637
2008-01-19,3,2,1,3,6,114,7,121,107
2008-01-20,7,6,1,6,6,29,17,46,12
2008-01-21,40,40,0,23,79,2009,400,2409,1609
2008-01-22,33,27,6,19,58,262,223,485,39
2008-01-23,149,148,1,38,376,6591,3514,10105,3077
2008-01-24,88,78,10,32,181,10832,1091,11923,9741
2008-01-25,1148,1138,10,175,2674,71078,34592,105670,36486
2008-01-26,260,255,5,63,812,28909,9054,37963,19855
2008-01-27,75,70,5,27,198,10206,2629,12835,7577
2008-01-28,1924,1913,11,197,5789,186767,106714,293481,80053
2008-01-29,178,173,5,50,591,17860,7448,25308,10412
2008-01-30,1378,1368,10,152,3324,57650,54853,112503,2797
2008-01-31,338,331,7,84,1026,26849,11607,38456,15242
2008-02-01,746,737,9,178,1663,34235,17532,51767,16703
2008-02-02,177,170,7,29,355,8653,7020,15673,1633
2008-02-03,191,187,4,70,463,2214,2072,4286,142
2008-02-04,196,185,11,50,381,6950,3493,10443,3457
2008-02-05,386,380,6,124,1020,34674,7188,41862,27486
2008-02-06,398,385,13,155,800,14289,16091,30380,-1802
2008-02-07,464,430,34,122,1210,25204,17640,42844,7564
2008-02-08,673,656,17,144,1784,92372,32198,124570,60174
2008-02-09,107,98,9,43,242,5593,2154,7747,3439
2008-02-10,74,67,7,29,96,813,821,1634,-8
2008-02-11,98,93,5,40,159,6904,2317,9221,4587
2008-02-12,18,14,4,13,27,130,162,292,-32
2008-02-13,63,60,3,34,101,1097,599,1696,498
2008-02-14,168,165,3,60,379,6780,4232,11012,2548
2008-02-15,117,101,16,54,273,2028,1894,3922,134
2008-02-16,32,32,0,9,55,1899,497,2396,1402
2008-02-17,18,18,0,11,20,236,46,282,190
2008-02-18,122,114,8,56,191,3469,1738,5207,1731
2008-02-19,139,128,11,64,236,5444,2120,7564,3324
2008-02-20,46,44,2,31,79,1071,223,1294,848
2008-02-21,80,77,3,52,113,921,290,1211,631
2008-02-22,51,42,9,21,56,377,172,549,205
2008-02-23,14,13,1,12,38,3497,412,3909,3085
2008-02-24,117,113,4,75,176,2008,1646,3654,362
2008-02-25,43,42,1,21,65,450,674,1124,-224
2008-02-26,75,66,9,41,123,749,677,1426,72
2008-02-27,32,31,1,23,40,197,174,371,23
2008-02-28,45,43,2,15,82,2643,1435,4078,1208
2008-02-29,281,268,13,81,725,17527,9988,27515,7539
2008-03-01,7,5,2,7,5,25,12,37,13
2008-03-02,5,4,1,3,9,111,57,168,54
2008-03-03,82,73,9,34,103,748,774,1522,-26
2008-03-04,147,138,9,71,280,5927,3134,9061,2793
2008-03-05,163,155,8,80,249,3960,2341,6301,1619
2008-03-06,139,131,8,46,474,11388,5680,17068,5708
2008-03-07,89,81,8,45,189,4789,3749,8538,1040
2008-03-08,8,7,1,5,9,27,14,41,13
2008-03-09,11,9,2,10,11,112,102,214,10
2008-03-10,50,50,0,31,64,490,278,768,212
2008-03-11,84,73,11,46,109,2836,613,3449,2223
2008-03-12,60,55,5,36,106,2211,1932,4143,279
2008-03-13,94,82,12,41,237,2144,23063,25207,-20919
2008-03-14,25,23,2,16,51,507,158,665,349
2008-03-15,11,10,1,6,17,91,216,307,-125
2008-03-16,21,20,1,10,27,153,85,238,68
2008-03-17,77,74,3,39,197,30256,69279,99535,-39023
2008-03-18,41,30,11,18,43,300,405,705,-105
2008-03-19,56,52,4,20,71,1023,736,1759,287
2008-03-20,88,80,8,55,123,2563,1021,3584,1542
2008-03-21,44,39,5,28,73,524,194,718,330
2008-03-22,16,16,0,7,46,181,371,552,-190
2008-03-23,23,18,5,16,30,224,303,527,-79
2008-03-24,57,53,4,29,132,3613,1597,5210,2016
2008-03-25,140,130,10,57,459,6223,4232,10455,1991
2008-03-26,190,182,8,66,381,9878,3128,13006,6750
2008-03-27,68,61,7,28,222,4282,2704,6986,1578
2008-03-28,93,87,6,49,153,3585,1372,4957,2213
2008-03-29,41,39,2,23,89,1871,1379,3250,492
2008-03-30,34,31,3,8,70,541,208,749,333
2008-03-31,70,70,0,19,209,2629,2897,5526,-268
2008-04-01,94,85,9,44,271,2673,2300,4973,373
2008-04-02,73,63,10,41,110,3288,177,3465,3111
2008-04-03,62,57,5,24,131,1640,522,2162,1118
2008-04-04,53,48,5,30,122,8007,5182,13189,2825
2008-04-05,9,9,0,5,30,2101,57,2158,2044
2008-04-06,18,15,3,10,20,230,131,361,99
2008-04-07,140,135,5,47,312,4988,4496,9484,492
2008-04-08,67,65,2,22,217,5231,3421,8652,1810
2008-04-09,43,40,3,39,50,491,221,712,270
2008-04-10,61,58,3,30,143,3492,2647,6139,845
2008-04-11,37,33,4,19,118,357,138,495,219
2008-04-12,24,24,0,15,43,347,255,602,92
2008-04-13,18,17,1,13,45,329,320,649,9
2008-04-14,137,131,6,32,385,13211,5132,18343,8079
2008-04-15,68,66,2,38,136,2912,2237,5149,675
2008-04-16,169,164,5,58,353,5415,2849,8264,2566
2008-04-17,1133,1122,11,163,3048,59771,48738,108509,11033
2008-04-18,350,329,21,71,751,16756,7000,23756,9756
2008-04-19,289,284,5,58,845,14679,5375,20054,9304
2008-04-20,81,79,2,44,246,4644,3385,8029,1259
2008-04-21,173,155,18,59,434,11548,24976,36524,-13428
2008-04-22,218,208,10,67,501,9669,4526,14195,5143
2008-04-23,143,139,4,50,307,8464,2150,10614,6314
2008-04-24,939,923,16,180,2416,51928,19735,71663,32193
2008-04-25,302,280,22,111,712,12212,9225,21437,2987
2008-04-26,232,219,13,44,639,9068,6331,15399,2737
2008-04-27,301,295,6,59,680,28426,8279,36705,20147
2008-04-28,472,463,9,134,1253,22862,14571,37433,8291
2008-04-29,664,641,23,180,1887,55980,17342,73322,38638
2008-04-30,356,344,12,84,801,14602,10189,24791,4413
2008-05-01,142,129,13,68,293,2368,1798,4166,570
2008-05-02,150,140,10,55,266,11508,2828,14336,8680
2008-05-03,17,10,7,7,31,51,296,347,-245
2008-05-04,51,51,0,29,83,915,328,1243,587
2008-05-05,93,84,9,42,138,1244,1205,2449,39
2008-05-06,73,65,8,32,101,2804,1129,3933,1675
2008-05-07,142,140,2,48,439,8553,7753,16306,800
2008-05-08,87,79,8,37,148,911,2108,3019,-1197
2008-05-09,53,43,10,32,76,664,416,1080,248
2008-05-10,8,8,0,8,10,57,47,104,10
2008-05-11,32,28,4,17,63,556,439,995,117
2008-05-12,120,113,7,47,303,8271,6631,14902,1640
2008-05-13,185,177,8,89,345,6291,4992,11283,1299
2008-05-14,196,190,6,70,443,18131,11186,29317,6945
2008-05-15,99,92,7,59,201,4221,1064,5285,3157
2008-05-16,64,60,4,37,152,1547,1152,2699,395
2008-05-17,40,34,6,22,49,486,212,698,274
2008-05-18,52,49,3,12,98,2786,855,3641,1931
2008-05-19,166,151,15,59,289,5999,3538,9537,2461
2008-05-20,83,73,10,44,387,2612,1400,4012,1212
2008-05-21,49,42,7,14,73,257,262,519,-5
2008-05-22,184,181,3,69,532,8003,6803,14806,1200
2008-05-23,231,223,8,45,466,11376,2595,13971,8781
2008-05-24,102,100,2,45,197,5806,2798,8604,3008
2008-05-25,121,118,3,36,250,4293,3462,7755,831
2008-05-26,53,47,6,23,84,1181,591,1772,590
2008-05-27,106,105,1,26,243,4882,1970,6852,2912
2008-05-28,46,43,3,32,55,732,461,1193,271
2008-05-29,52,47,5,28,109,4951,2552,7503,2399
2008-05-30,83,74,9,33,101,1299,1132,2431,167
2008-05-31,54,54,0,26,105,2103,1710,3813,393
2008-06-01,3,3,0,3,3,0,7,7,-7
2008-06-02,83,78,5,38,216,10392,2942,13334,7450
2008-06-03,106,106,0,34,235,4633,1936,6569,2697
2008-06-04,101,91,10,53,275,1732,1054,2786,678
2008-06-05,136,130,6,51,261,3223,2728,5951,495
2008-06-06,125,119,6,73,186,7145,707,7852,6438
2008-06-07,14,14,0,7,43,424,312,736,112
2008-06-08,1,1,0,1,1,6,6,12,0
2008-06-09,71,66,5,41,153,7737,2465,10202,5272
2008-06-10,144,136,8,68,755,8820,140019,148839,-131199
2008-06-11,64,61,3,36,101,2761,1292,4053,1469
2008-06-12,123,108,15,41,287,9843,6186,16029,3657
2008-06-13,100,95,5,49,135,2164,2234,4398,-70
2008-06-14,86,84,2,24,249,4085,3200,7285,885
2008-06-15,21,18,3,9,35,167,309,476,-142
2008-06-16,91,63,28,39,100,1903,1119,3022,784
2008-06-17,69,67,2,28,134,1454,4287,5741,-2833
2008-06-18,82,72,10,42,133,1067,6092,7159,-5025
2008-06-19,81,77,4,44,161,8650,6467,15117,2183
2008-06-20,148,136,12,28,218,1550,801,2351,749
2008-06-21,35,31,4,8,36,1734,1596,3330,138
2008-06-22,47,46,1,13,181,11704,1005,12709,10699
2008-06-23,62,50,12,27,104,1034,626,1660,408
2008-06-24,82,78,4,44,165,29576,13739,43315,15837
2008-06-25,71,47,24,25,89,1757,1080,2837,677
2008-06-26,123,121,2,43,382,4980,7089,12069,-2109
2008-06-27,190,188,2,54,350,7888,4136,12024,3752
2008-06-28,30,29,1,25,48,288,210,498,78
2008-06-29,21,8,13,10,18,137,215,352,-78
2008-06-30,123,114,9,61,225,10550,2342,12892,8208
2008-07-01,65,65,0,33,150,3272,833,4105,2439
2008-07-02,100,100,0,22,166,2155,1228,3383,927
2008-07-03,189,165,24,69,373,13623,6034,19657,7589
2008-07-04,133,127,6,81,215,3766,1588,5354,2178
2008-07-05,43,39,4,12,128,13552,648,14200,12904
2008-07-06,45,40,5,12,108,1925,550,2475,1375
2008-07-07,82,74,8,42,145,4672,590,5262,4082
2008-07-08,402,382,20,81,844,14410,7539,21949,6871
2008-07-09,261,252,9,57,569,8556,6739,15295,1817
2008-07-10,258,242,16,62,624,44836,46659,91495,-1823
2008-07-11,211,205,6,63,381,6259,4960,11219,1299
2008-07-12,158,149,9,49,444,18043,14531,32574,3512
2008-07-13,34,30,4,17,65,1289,302,1591,987
2008-07-14,359,328,31,115,1116,27348,19253,46601,8095
2008-07-15,417,381,36,108,1146,48109,21059,69168,27050
2008-07-16,338,326,12,59,705,12803,10329,23132,2474
2008-07-17,96,83,13,41,201,5569,5874,11443,-305
2008-07-18,189,175,14,48,835,32990,30352,63342,2638
2008-07-19,45,44,1,28,100,5145,1318,6463,3827
2008-07-20,419,418,1,79,1214,70198,22751,92949,47447
2008-07-21,259,230,29,75,626,15715,12947,28662,2768
2008-07-22,327,320,7,104,1033,31881,17960,49841,13921
2008-07-23,222,210,12,66,643,15663,7959,23622,7704
2008-07-24,494,472,22,120,1368,19343,33546,52889,-14203
2008-07-25,402,392,10,123,822,15066,7723,22789,7343
2008-07-26,358,341,17,98,1030,32775,10530,43305,22245
2008-07-27,158,133,25,55,1079,14260,4994,19254,9266
2008-07-28,328,304,24,87,965,18033,8097,26130,9936
2008-07-29,116,108,8,52,411,7031,3674,10705,3357
2008-07-30,199,189,10,76,548,21806,11512,33318,10294
2008-07-31,70,65,5,36,138,2892,1821,4713,1071
2008-08-01,169,145,24,76,610,5765,3213,8978,2552
2008-08-02,23,20,3,15,229,286,256,542,30
2008-08-03,19,17,2,12,22,113,53,166,60
2008-08-04,91,91,0,43,466,2265,2413,4678,-148
2008-08-05,113,101,12,55,370,3192,1703,4895,1489
2008-08-06,130,125,5,56,408,10309,8088,18397,2221
2008-08-07,107,100,7,57,2616,37779,6407,44186,31372
2008-08-08,60,41,19,25,79,3998,2499,6497,1499
2008-08-09,28,24,4,11,70,662,89,751,573
2008-08-10,27,27,0,8,49,2453,284,2737,2169
2008-08-11,105,88,17,42,149,1251,800,2051,451
2008-08-12,91,81,10,51,147,2574,630,3204,1944
2008-08-13,170,165,5,54,636,8557,5163,13720,3394
2008-08-14,132,121,11,65,277,20897,3793,24690,17104
2008-08-15,147,129,18,69,315,1983,646,2629,1337
2008-08-16,51,48,3,26,85,1853,358,2211,1495
2008-08-17,27,22,5,10,32,564,175,739,389
2008-08-18,82,76,6,45,142,1205,2272,3477,-1067
2008-08-19,90,77,13,34,156,5359,1699,7058,3660
2008-08-20,90,84,6,53,172,3853,2844,6697,1009
2008-08-21,101,95,6,66,222,7970,3741,11711,4229
2008-08-22,159,148,11,53,458,11746,5815,17561,5931
2008-08-23,36,33,3,11,196,1021,922,1943,99
2008-08-24,12,12,0,6,16,253,104,357,149
2008-08-25,117,105,12,45,195,3232,3349,6581,-117
2008-08-26,74,64,10,33,113,6310,1767,8077,4543
2008-08-27,109,91,18,61,359,18625,1425,20050,17200
2008-08-28,61,50,11,30,98,1223,865,2088,358
2008-08-29,178,176,2,43,577,30789,27294,58083,3495
2008-08-30,24,23,1,2,51,1523,2503,4026,-980
2008-08-31,20,20,0,7,109,807,364,1171,443
2008-09-01,44,43,1,24,196,2567,2569,5136,-2
2008-09-02,58,48,10,30,69,1470,342,1812,1128
2008-09-03,232,227,5,76,569,8819,7316,16135,1503
2008-09-04,189,177,12,36,419,6583,4935,11518,1648
2008-09-05,163,147,16,51,389,12271,9350,21621,2921
2008-09-06,77,72,5,26,457,1357,1519,2876,-162
2008-09-07,24,18,6,9,34,331,63,394,268
2008-09-08,134,123,11,46,263,5538,1817,7355,3721
2008-09-09,118,107,11,50,241,14829,5836,20665,8993
2008-09-10,65,54,11,35,94,1433,1194,2627,239
2008-09-11,97,87,10,34,217,5940,5557,11497,383
2008-09-12,47,46,1,12,88,1849,663,2512,1186
2008-09-13,42,36,6,30,47,479,264,743,215
2008-09-14,40,36,4,14,74,1443,1100,2543,343
2008-09-15,68,67,1,29,284,6769,4656,11425,2113
2008-09-16,39,36,3,29,62,5014,447,5461,4567
2008-09-17,84,81,3,29,209,37292,836,38128,36456
2008-09-18,25,25,0,16,92,22090,240,22330,21850
2008-09-19,66,51,15,19,77,925,395,1320,530
2008-09-20,25,25,0,8,38,368,430,798,-62
2008-09-21,63,57,6,21,145,2560,630,3190,1930
2008-09-22,72,66,6,32,135,1776,1028,2804,748
2008-09-23,191,177,14,78,338,8582,6261,14843,2321
2008-09-24,189,179,10,79,390,8655,5204,13859,3451
2008-09-25,560,557,3,58,1543,41135,20413,61548,20722
2008-09-26,33,30,3,14,69,4086,1026,5112,3060
2008-09-27,26,26,0,15,39,364,306,670,58
2008-09-28,2,2,0,2,2,44,31,75,13
2008-09-29,103,94,9,36,202,3318,1899,5217,1419
2008-09-30,112,105,7,50,168,3124,1398,4522,1726
2008-10-01,76,71,5,33,253,3231,4540,7771,-1309
2008-10-02,32,26,6,25,49,1945,407,2352,1538
2008-10-03,99,93,6,50,252,4281,2403,6684,1878
2008-10-04,23,20,3,15,38,201,301,502,-100
2008-10-05,49,49,0,27,95,3499,906,4405,2593
2008-10-06,74,62,12,33,176,3492,747,4239,2745
2008-10-07,117,108,9,48,347,3732,2164,5896,1568
2008-10-08,169,161,8,52,897,9557,6250,15807,3307
2008-10-09,272,261,11,90,729,18428,9378,27806,9050
2008-10-10,356,334,22,118,1212,164829,10468,175297,154361
2008-10-11,95,79,16,23,761,5119,1015,6134,4104
2008-10-12,350,328,22,87,967,32690,9972,42662,22718
2008-10-13,540,522,18,107,1430,55249,15731,70980,39518
2008-10-14,299,290,9,82,805,17579,9648,27227,7931
2008-10-15,245,234,11,83,437,6058,3199,9257,2859
2008-10-16,594,572,22,160,1366,38239,20210,58449,18029
2008-10-17,471,450,21,130,1041,38906,16426,55332,22480
2008-10-18,21,19,2,16,31,690,182,872,508
2008-10-19,25,24,1,18,47,2961,189,3150,2772
2008-10-20,325,295,30,123,814,20574,5088,25662,15486
2008-10-21,216,211,5,76,581,9467,4986,14453,4481
2008-10-22,229,223,6,110,529,24140,9778,33918,14362
2008-10-23,346,277,69,87,1662,11705,12459,24164,-754
2008-10-24,24,20,4,15,33,456,172,628,284
2008-10-25,7,6,1,4,6,15,2,17,13
2008-10-26,35,27,8,13,34,207,217,424,-10
2008-10-27,122,111,11,70,220,5443,1872,7315,3571
2008-10-28,145,129,16,69,592,4770,5951,10721,-1181
2008-10-29,94,91,3,55,622,4826,4211,9037,615
2008-10-30,254,233,21,81,751,14438,14675,29113,-237
2008-10-31,242,220,22,88,779,11235,12490,23725,-1255
2008-11-01,19,15,4,8,52,38,137,175,-99
2008-11-02,40,36,4,25,76,761,322,1083,439
2008-11-03,70,59,11,40,102,889,559,1448,330
2008-11-04,104,102,2,45,427,2118,1791,3909,327
2008-11-05,83,82,1,45,163,2753,1095,3848,1658
2008-11-06,168,153,15,80,426,9026,1591,10617,7435
2008-11-07,69,54,15,37,90,1818,668,2486,1150
2008-11-08,54,49,5,23,167,5595,2368,7963,3227
2008-11-09,22,19,3,15,29,287,110,397,177
2008-11-10,164,157,7,60,345,11817,11758,23575,59
2008-11-11,161,144,17,88,250,3734,1903,5637,1831
2008-11-12,115,89,26,40,174,3698,948,4646,2750
2008-11-13,211,201,10,81,698,15393,5820,21213,9573
2008-11-14,54,52,2,31,132,4249,1626,5875,2623
2008-11-15,25,17,8,15,24,409,251,660,158
2008-11-16,60,56,4,25,98,987,549,1536,438
2008-11-17,82,76,6,41,178,3520,1113,4633,2407
2008-11-18,154,140,14,45,380,24705,3768,28473,20937
2008-11-19,77,70,7,41,136,2433,739,3172,1694
2008-11-20,181,166,15,91,264,3878,2166,6044,1712
2008-11-21,138,131,7,58,441,8750,3635,12385,5115
2008-11-22,88,86,2,17,155,3398,3335,6733,63
2008-11-23,66,61,5,27,105,1133,582,1715,551
2008-11-24,94,86,8,37,199,2442,1373,3815,1069
2008-11-25,139,133,6,53,253,7460,4084,11544,3376
2008-11-26,234,229,5,75,569,12592,8744,21336,3848
2008-11-27,58,51,7,27,213,3166,3917,7083,-751
2008-11-28,77,72,5,26,163,908,1282,2190,-374
2008-11-29,23,22,1,12,108,580,409,989,171
2008-11-30,99,81,18,24,190,952,2256,3208,-1304
2008-12-01,130,117,13,53,304,5433,2481,7914,2952
2008-12-02,149,134,15,64,292,5817,2385,8202,3432
2008-12-03,122,112,10,59,262,6799,1273,8072,5526
2008-12-04,172,163,9,59,567,6225,5469,11694,756
2008-12-05,136,123,13,53,267,4009,2275,6284,1734
2008-12-06,35,32,3,6,68,1552,1761,3313,-209
2008-12-07,16,16,0,8,32,437,467,904,-30
2008-12-08,69,65,4,28,219,7111,1804,8915,5307
2008-12-09,86,76,10,39,146,1944,967,2911,977
2008-12-10,147,139,8,53,289,3380,1665,5045,1715
2008-12-11,88,88,0,29,274,6200,2861,9061,3339
2008-12-12,126,116,10,53,317,12250,3935,16185,8315
2008-12-13,70,63,7,17,326,3136,1964,5100,1172
2008-12-14,27,26,1,9,45,1485,617,2102,868
2008-12-15,126,123,3,20,390,10890,1444,12334,9446
2008-12-16,216,199,17,100,413,8708,3235,11943,5473
2008-12-17,104,91,13,48,214,4199,1450,5649,2749
2008-12-18,102,87,15,31,204,6500,815,7315,5685
2008-12-19,159,145,14,63,295,4115,2918,7033,1197
2008-12-20,38,29,9,16,68,1534,602,2136,932
2008-12-21,50,50,0,19,131,4377,1471,5848,2906
2008-12-22,168,162,6,31,397,10841,8067,18908,2774
2008-12-23,152,144,8,45,374,4851,2782,7633,2069
2008-12-24,16,9,7,9,9,240,97,337,143
2008-12-25,182,156,26,53,346,8575,4224,12799,4351
2008-12-26,145,143,2,34,264,3157,2024,5181,1133
2008-12-27,15,14,1,5,27,109,83,192,26
2008-12-28,36,20,16,13,49,391,501,892,-110
2008-12-29,602,590,12,123,1361,67811,15412,83223,52399
2008-12-30,401,398,3,74,859,32558,11277,43835,21281
2008-12-31,332,304,28,67,804,12787,7343,20130,5444
2009-01-01,6,5,1,6,7,57,54,111,3
2009-01-02,218,205,13,61,581,7311,6488,13799,823
2009-01-03,150,141,9,22,244,4046,3301,7347,745
2009-01-04,147,144,3,48,358,9246,2687,11933,6559
2009-01-05,336,321,15,84,796,32510,8795,41305,23715
2009-01-06,867,843,24,196,2967,531429,89118,620547,442311
2009-01-07,519,491,28,144,1352,51671,18120,69791,33551
2009-01-08,378,361,17,123,697,14684,6925,21609,7759
2009-01-09,149,115,34,52,534,6512,3836,10348,2676
2009-01-10,29,24,5,13,62,2234,428,2662,1806
2009-01-11,147,138,9,52,414,23431,3258,26689,20173
2009-01-12,118,105,13,50,299,2610,1462,4072,1148
2009-01-13,95,78,17,45,151,3642,446,4088,3196
2009-01-14,116,113,3,39,309,2859,1681,4540,1178
2009-01-15,138,124,14,60,235,3699,1640,5339,2059
2009-01-16,186,168,18,77,737,5736,2958,8694,2778
2009-01-17,14,9,5,10,14,457,98,555,359
2009-01-18,48,42,6,21,130,720,914,1634,-194
2009-01-19,52,47,5,26,107,3743,955,4698,2788
2009-01-20,97,93,4,39,149,2138,1256,3394,882
2009-01-21,194,189,5,69,475,9986,5167,15153,4819
2009-01-22,120,114,6,39,175,3016,2736,5752,280
2009-01-23,60,50,10,22,88,1554,895,2449,659
2009-01-24,21,21,0,10,32,1844,408,2252,1436
2009-01-25,20,19,1,11,22,114,63,177,51
2009-01-26,98,73,25,43,331,2061,1231,3292,830
2009-01-27,127,119,8,63,274,5653,3887,9540,1766
2009-01-28,185,175,10,69,750,10957,3621,14578,7336
2009-01-29,523,515,8,112,1384,26300,22051,48351,4249
2009-01-30,268,254,14,83,383,4677,3269,7946,1408
2009-01-31,43,32,11,17,55,459,359,818,100
2009-02-01,71,70,1,25,174,866,652,1518,214
2009-02-02,75,70,5,43,110,4425,624,5049,3801
2009-02-03,87,67,20,44,107,1743,1210,2953,533
2009-02-04,114,97,17,42,196,4000,1981,5981,2019
2009-02-05,136,126,10,55,318,8107,2580,10687,5527
2009-02-06,117,104,13,42,220,1594,2077,3671,-483
2009-02-07,67,57,10,25,107,1136,925,2061,211
2009-02-08,121,118,3,27,296,5252,3237,8489,2015
2009-02-09,202,182,20,78,469,11055,6219,17274,4836
2009-02-10,68,58,10,41,106,4107,384,4491,3723
2009-02-11,166,147,19,78,277,6490,2460,8950,4030
2009-02-12,65,59,6,29,112,7304,814,8118,6490
2009-02-13,159,133,26,47,364,27108,25079,52187,2029
2009-02-14,46,46,0,18,98,3072,1057,4129,2015
2009-02-15,48,42,6,27,83,802,585,1387,217
2009-02-16,109,107,2,27,251,21082,15271,36353,5811
2009-02-17,118,92,26,38,267,2384,1885,4269,499
2009-02-18,151,145,6,60,295,6666,1756,8422,4910
2009-02-19,106,88,18,47,172,10512,1829,12341,8683
2009-02-20,118,111,7,42,211,6963,2198,9161,4765
2009-02-21,51,43,8,32,84,811,1251,2062,-440
2009-02-22,77,69,8,40,180,2046,5801,7847,-3755
2009-02-23,82,75,7,44,104,1658,791,2449,867
2009-02-24,100,87,13,41,220,10126,6332,16458,3794
2009-02-25,152,135,17,42,213,4420,3198,7618,1222
2009-02-26,91,74,17,39,149,3361,2134,5495,1227
2009-02-27,365,360,5,88,708,34431,21957,56388,12474
2009-02-28,62,51,11,22,74,1535,648,2183,887
2009-03-01,18,15,3,11,36,4215,514,4729,3701
2009-03-02,127,112,15,40,214,2994,2479,5473,515
2009-03-03,82,73,9,36,140,4839,745,5584,4094
2009-03-04,113,102,11,53,237,4066,1294,5360,2772
2009-03-05,203,189,14,70,365,6596,2504,9100,4092
2009-03-06,120,110,10,43,214,6683,3551,10234,3132
2009-03-07,7,7,0,6,9,159,59,218,100
2009-03-08,61,44,17,23,96,1985,1075,3060,910
2009-03-09,69,59,10,28,242,2079,1448,3527,631
2009-03-10,165,149,16,62,309,9222,3222,12444,6000
2009-03-11,131,115,16,56,211,4573,1351,5924,3222
2009-03-12,176,166,10,69,333,13679,2463,16142,11216
2009-03-13,328,314,14,94,697,67679,12424,80103,55255
2009-03-14,64,52,12,26,99,1926,1046,2972,880
2009-03-15,23,21,2,14,40,302,370,672,-68
2009-03-16,218,209,9,73,436,20303,9491,29794,10812
2009-03-17,110,98,12,52,168,3300,3061,6361,239
2009-03-18,119,102,17,50,187,2021,13547,15568,-11526
2009-03-19,78,72,6,45,175,4350,699,5049,3651
2009-03-20,157,149,8,59,300,8426,3022,11448,5404
2009-03-21,44,42,2,23,51,510,468,978,42
2009-03-22,110,107,3,13,175,2721,1433,4154,1288
2009-03-23,131,89,42,41,215,8588,1036,9624,7552
2009-03-24,650,641,9,163,1648,36412,21699,58111,14713
2009-03-25,144,140,4,56,383,6620,3950,10570,2670
2009-03-26,268,229,39,75,649,13589,6060,19649,7529
2009-03-27,329,321,8,73,861,28695,5449,34144,23246
2009-03-28,220,196,24,59,462,13848,4427,18275,9421
2009-03-29,47,41,6,24,91,511,396,907,115
2009-03-30,938,919,19,144,2347,64020,41409,105429,22611
2009-03-31,233,219,14,54,607,10094,3434,13528,6660
2009-04-01,259,247,12,97,535,9416,8178,17594,1238
2009-04-02,189,184,5,79,371,30228,3675,33903,26553
2009-04-03,1147,1118,29,214,3828,412156,136326,548482,275830
2009-04-04,112,106,6,39,266,24174,15135,39309,9039
2009-04-05,55,17,38,13,24,195,182,377,13
2009-04-06,241,222,19,80,384,11936,7007,18943,4929
2009-04-07,439,409,30,128,1294,61118,42430,103548,18688
2009-04-08,191,179,12,86,337,11663,3747,15410,7916
2009-04-09,58,42,16,31,77,872,648,1520,224
2009-04-10,86,82,4,27,387,2837,1223,4060,1614
2009-04-11,50,50,0,22,76,836,545,1381,291
2009-04-12,30,30,0,16,62,740,172,912,568
2009-04-13,139,120,19,70,238,5926,2352,8278,3574
2009-04-14,102,92,10,51,222,5896,1747,7643,4149
2009-04-15,114,101,13,50,158,2001,940,2941,1061
2009-04-16,183,175,8,74,306,8638,4285,12923,4353
2009-04-17,191,174,17,74,381,3655,2519,6174,1136
2009-04-18,56,54,2,20,78,781,1062,1843,-281
2009-04-19,48,39,9,28,69,1461,249,1710,1212
2009-04-20,132,122,10,60,285,13511,5693,19204,7818
2009-04-21,142,126,16,76,285,4599,9036,13635,-4437
2009-04-22,282,277,5,87,728,11576,7363,18939,4213
2009-04-23,98,93,5,50,192,3888,1748,5636,2140
2009-04-24,121,86,35,56,126,1468,663,2131,805
2009-04-25,5,4,1,4,5,64,23,87,41
2009-04-26,24,20,4,10,47,315,164,479,151
2009-04-27,197,183,14,76,450,45812,28768,74580,17044
2009-04-28,193,184,9,57,400,9416,3524,12940,5892
2009-04-29,112,106,6,41,187,3884,2651,6535,1233
2009-04-30,90,84,6,34,177,3116,2687,5803,429
2009-05-01,83,82,1,38,161,2406,1418,3824,988
2009-05-02,61,50,11,39,123,812,1232,2044,-420
2009-05-03,41,37,4,26,85,1834,876,2710,958
2009-05-04,38,33,5,24,48,986,211,1197,775
2009-05-05,89,67,22,43,98,3536,1347,4883,2189
2009-05-06,151,147,4,74,367,19772,2899,22671,16873
2009-05-07,133,128,5,45,315,8336,5249,13585,3087
2009-05-08,110,101,9,39,159,3240,2660,5900,580
2009-05-09,102,99,3,44,188,1732,1587,3319,145
2009-05-10,27,15,12,10,28,181,182,363,-1
2009-05-11,169,162,7,58,463,4688,3539,8227,1149
2009-05-12,102,95,7,48,159,3686,1345,5031,2341
2009-05-13,66,56,10,27,192,5422,2377,7799,3045
2009-05-14,96,94,2,48,210,23134,746,23880,22388
2009-05-15,119,102,17,52,205,2516,1788,4304,728
2009-05-16,36,29,7,24,47,1358,181,1539,1177
2009-05-17,53,48,5,24,199,2000,877,2877,1123
2009-05-18,147,137,10,61,308,9896,1859,11755,8037
2009-05-19,115,112,3,53,294,6927,1201,8128,5726
2009-05-20,140,128,12,64,271,10115,5493,15608,4622
2009-05-21,97,95,2,43,175,1373,1057,2430,316
2009-05-22,118,104,14,52,340,16781,2994,19775,13787
2009-05-23,71,64,7,24,105,3276,878,4154,2398
2009-05-24,18,18,0,13,37,1951,1131,3082,820
2009-05-25,95,88,7,34,198,2130,1334,3464,796
2009-05-26,178,165,13,57,326,17738,4328,22066,13410
2009-05-27,146,139,7,55,241,3278,1862,5140,1416
2009-05-28,204,197,7,59,430,13171,3552,16723,9619
2009-05-29,115,100,15,54,199,3121,1138,4259,1983
2009-05-30,56,50,6,31,126,2779,848,3627,1931
2009-05-31,11,11,0,8,45,1459,1957,3416,-498
2009-06-01,69,58,11,37,91,3196,912,4108,2284
2009-06-02,196,189,7,72,339,7790,3121,10911,4669
2009-06-03,194,192,2,76,552,10030,6440,16470,3590
2009-06-04,90,84,6,58,214,8168,3113,11281,5055
2009-06-05,150,146,4,61,293,9457,2423,11880,7034
2009-06-06,38,34,4,19,156,3542,852,4394,2690
2009-06-07,65,60,5,23,113,4748,1650,6398,3098
2009-06-08,213,204,9,81,462,27915,5998,33913,21917
2009-06-09,172,166,6,68,358,24524,5443,29967,19081
2009-06-10,362,314,48,92,680,21413,9041,30454,12372
2009-06-11,384,347,37,104,898,22903,10002,32905,12901
2009-06-12,379,344,35,104,1037,17725,7960,25685,9765
2009-06-13,143,128,15,51,369,7355,1952,9307,5403
2009-06-14,99,83,16,39,148,10104,4095,14199,6009
2009-06-15,240,228,12,84,488,46091,3235,49326,42856
2009-06-16,900,873,27,226,1733,65325,15554,80879,49771
2009-06-17,500,476,24,133,1158,60601,6595,67196,54006
2009-06-18,323,312,11,103,803,18294,9472,27766,8822
2009-06-19,474,472,2,89,2860,187901,254861,442762,-66960
2009-06-20,76,52,24,37,88,2949,351,3300,2598
2009-06-21,74,67,7,38,139,3394,764,4158,2630
2009-06-22,180,161,19,61,282,8910,1755,10665,7155
2009-06-23,227,211,16,93,389,9538,3622,13160,5916
2009-06-24,162,145,17,54,445,5530,4168,9698,1362
2009-06-25,85,78,7,46,154,1632,747,2379,885
2009-06-26,90,83,7,48,119,1434,778,2212,656
2009-06-27,24,24,0,10,56,2714,327,3041,2387
2009-06-28,22,15,7,11,20,115,20,135,95
2009-06-29,94,78,16,39,91,1556,801,2357,755
2009-06-30,64,59,5,32,88,2243,1632,3875,611
2009-07-01,126,113,13,65,245,4962,2740,7702,2222
2009-07-02,70,62,8,33,166,6150,1050,7200,5100
2009-07-03,116,110,6,52,271,7275,2667,9942,4608
2009-07-04,63,53,10,18,75,2064,1178,3242,886
2009-07-05,75,75,0,23,120,2172,1376,3548,796
2009-07-06,94,81,13,51,414,2349,3391,5740,-1042
2009-07-07,70,67,3,40,97,3083,700,3783,2383
2009-07-08,106,99,7,48,228,6206,1942,8148,4264
2009-07-09,50,44,6,27,108,1174,1021,2195,153
2009-07-10,263,250,13,71,736,17149,13808,30957,3341
2009-07-11,58,50,8,19,103,1365,944,2309,421
2009-07-12,94,92,2,55,333,1512,3004,4516,-1492
2009-07-13,47,41,6,37,69,827,510,1337,317
2009-07-14,64,63,1,25,105,1440,1318,2758,122
2009-07-15,88,79,9,31,127,2387,587,2974,1800
2009-07-16,52,44,8,29,75,1523,203,1726,1320
2009-07-17,72,65,7,43,91,591,428,1019,163
2009-07-18,34,29,5,17,45,768,175,943,593
2009-07-19,16,14,2,10,31,476,311,787,165
2009-07-20,83,77,6,33,145,4097,706,4803,3391
2009-07-21,85,81,4,42,142,3383,574,3957,2809
2009-07-22,92,73,19,38,146,1631,918,2549,713
2009-07-23,67,64,3,35,150,5216,936,6152,4280
2009-07-24,251,249,2,72,499,13931,7562,21493,6369
2009-07-25,35,35,0,9,122,11000,677,11677,10323
2009-07-26,29,21,8,5,46,416,408,824,8
2009-07-27,130,117,13,50,288,6214,1839,8053,4375
2009-07-28,113,110,3,58,191,3337,3873,7210,-536
2009-07-29,96,89,7,39,220,5475,2608,8083,2867
2009-07-30,188,169,19,75,380,18400,6761,25161,11639
2009-07-31,39,29,10,22,46,1546,127,1673,1419
2009-08-01,17,17,0,10,26,532,82,614,450
2009-08-02,93,83,10,37,108,1232,1273,2505,-41
2009-08-03,106,102,4,52,271,2186,2398,4584,-212
2009-08-04,202,181,21,66,318,4341,1711,6052,2630
2009-08-05,92,87,5,53,216,3740,910,4650,2830
2009-08-06,57,55,2,31,91,2559,626,3185,1933
2009-08-07,112,102,10,56,225,2420,1720,4140,700
2009-08-08,26,20,6,19,31,206,160,366,46
2009-08-09,98,90,8,26,159,4911,2392,7303,2519
2009-08-10,125,108,17,64,257,3272,3053,6325,219
2009-08-11,55,51,4,22,71,1168,724,1892,444
2009-08-12,50,42,8,28,73,815,790,1605,25
2009-08-13,206,194,12,68,363,32751,28224,60975,4527
2009-08-14,287,272,15,69,702,30192,10796,40988,19396
2009-08-15,110,100,10,24,295,20942,2572,23514,18370
2009-08-16,36,35,1,19,120,4960,703,5663,4257
2009-08-17,83,77,6,34,130,5721,583,6304,5138
2009-08-18,99,90,9,50,150,4525,1269,5794,3256
2009-08-19,87,76,11,33,131,2895,791,3686,2104
2009-08-20,254,247,7,77,512,18108,4040,22148,14068
2009-08-21,66,59,7,34,154,7839,1039,8878,6800
2009-08-22,129,126,3,42,248,9199,1932,11131,7267
2009-08-23,39,36,3,15,91,1772,2753,4525,-981
2009-08-24,98,86,12,58,174,2984,814,3798,2170
2009-08-25,66,56,10,34,121,2359,835,3194,1524
2009-08-26,154,151,3,55,364,14577,3050,17627,11527
2009-08-27,130,119,11,50,296,6435,14082,20517,-7647
2009-08-28,225,222,3,78,526,13849,6223,20072,7626
2009-08-29,89,81,8,41,126,15908,14528,30436,1380
2009-08-30,61,60,1,24,166,18558,28119,46677,-9561
2009-08-31,132,127,5,51,348,7836,3959,11795,3877
2009-09-01,126,120,6,55,461,4002,2411,6413,1591
2009-09-02,120,114,6,58,363,6335,2278,8613,4057
2009-09-03,96,92,4,31,185,6050,1278,7328,4772
2009-09-04,219,215,4,72,447,6744,2910,9654,3834
2009-09-05,89,70,19,27,202,3686,2919,6605,767
2009-09-06,62,60,2,26,128,1881,1005,2886,876
2009-09-07,63,56,7,34,131,6720,1581,8301,5139
2009-09-08,69,64,5,29,171,10277,1539,11816,8738
2009-09-09,183,177,6,57,397,11770,4517,16287,7253
2009-09-10,421,392,29,90,813,19771,8590,28361,11181
2009-09-11,216,189,27,74,469,8188,4463,12651,3725
2009-09-12,253,248,5,75,463,27468,12068,39536,15400
2009-09-13,44,43,1,15,74,3844,1401,5245,2443
2009-09-14,186,164,22,59,311,4977,3297,8274,1680
2009-09-15,874,852,22,133,3950,351862,265446,617308,86416
2009-09-16,122,113,9,48,256,4070,1831,5901,2239
2009-09-17,315,301,14,87,789,29314,5146,34460,24168
2009-09-18,126,102,24,56,213,5103,3715,8818,1388
2009-09-19,423,400,23,98,1173,115482,28331,143813,87151
2009-09-20,81,74,7,33,148,1655,706,2361,949
2009-09-21,134,118,16,63,531,10015,7376,17391,2639
2009-09-22,340,332,8,109,728,12121,3776,15897,8345
2009-09-23,599,567,32,211,1252,46043,13399,59442,32644
2009-09-24,265,248,17,115,605,7249,4717,11966,2532
2009-09-25,102,88,14,29,185,6837,3097,9934,3740
2009-09-26,24,8,16,10,24,467,47,514,420
2009-09-27,37,34,3,14,116,7393,11322,18715,-3929
2009-09-28,90,88,2,35,185,4939,2197,7136,2742
2009-09-29,37,36,1,21,67,1735,501,2236,1234
2009-09-30,66,55,11,32,167,3125,1476,4601,1649
2009-10-01,167,159,8,77,396,30828,4499,35327,26329
2009-10-02,90,83,7,44,432,59894,2540,62434,57354
2009-10-03,40,34,6,20,51,936,1874,2810,-938
2009-10-04,40,34,6,16,89,494,474,968,20
2009-10-05,90,79,11,50,157,1435,815,2250,620
2009-10-06,135,129,6,57,230,26550,1456,28006,25094
2009-10-07,298,296,2,94,1108,15478,15087,30565,391
2009-10-08,96,74,22,44,164,2842,1521,4363,1321
2009-10-09,130,120,10,61,185,2402,9244,11646,-6842
2009-10-10,19,18,1,6,40,657,425,1082,232
2009-10-11,65,56,9,19,212,3861,559,4420,3302
2009-10-12,105,99,6,49,195,7277,1101,8378,6176
2009-10-13,141,122,19,70,281,8228,1955,10183,6273
2009-10-14,170,157,13,71,252,8338,1849,10187,6489
2009-10-15,101,78,23,33,201,27601,25360,52961,2241
2009-10-16,66,60,6,30,102,761,556,1317,205
2009-10-17,26,23,3,16,44,502,898,1400,-396
2009-10-18,28,28,0,17,45,416,326,742,90
2009-10-19,112,111,1,35,274,4735,2325,7060,2410
2009-10-20,62,61,1,30,396,5728,1433,7161,4295
2009-10-21,33,27,6,19,33,252,86,338,166
2009-10-22,31,29,2,17,71,872,157,1029,715
2009-10-23,31,30,1,24,69,800,357,1157,443
2009-10-24,54,52,2,16,114,5310,3598,8908,1712
2009-10-25,16,15,1,11,40,922,379,1301,543
2009-10-26,69,66,3,28,108,2771,670,3441,2101
2009-10-27,241,237,4,63,615,17172,7349,24521,9823
2009-10-28,141,138,3,42,227,4641,2741,7382,1900
2009-10-29,250,220,30,87,422,6518,3364,9882,3154
2009-10-30,203,201,2,70,487,7561,9494,17055,-1933
2009-10-31,12,5,7,4,7,34,12,46,22
2009-11-01,5,4,1,5,13,119,48,167,71
2009-11-02,150,140,10,59,251,3735,1668,5403,2067
2009-11-03,122,107,15,55,225,3666,2520,6186,1146
2009-11-04,176,169,7,82,424,5945,2750,8695,3195
2009-11-05,132,116,16,54,276,9677,2426,12103,7251
2009-11-06,160,152,8,51,337,8567,10350,18917,-1783
2009-11-07,74,72,2,37,114,2438,1858,4296,580
2009-11-08,72,69,3,37,167,5405,2675,8080,2730
2009-11-09,92,77,15,39,252,2817,3412,6229,-595
2009-11-10,92,88,4,42,176,1644,759,2403,885
2009-11-11,254,231,23,75,446,7798,5367,13165,2431
2009-11-12,150,149,1,60,330,3914,3530,7444,384
2009-11-13,98,98,0,49,193,3146,1666,4812,1480
2009-11-14,81,74,7,37,127,3183,814,3997,2369
2009-11-15,30,27,3,14,49,463,181,644,282
2009-11-16,126,120,6,57,232,3292,1578,4870,1714
2009-11-17,83,65,18,42,104,1339,912,2251,427
2009-11-18,204,191,13,78,435,6345,3401,9746,2944
2009-11-19,105,100,5,33,383,6237,1522,7759,4715
2009-11-20,122,117,5,43,290,16708,1494,18202,15214
2009-11-21,62,60,2,15,127,1225,1158,2383,67
2009-11-22,84,82,2,37,177,6635,1890,8525,4745
2009-11-23,176,170,6,80,336,3981,2717,6698,1264
2009-11-24,190,185,5,65,441,4968,3918,8886,1050
2009-11-25,150,144,6,61,364,12613,2741,15354,9872
2009-11-26,93,91,2,37,188,1939,1426,3365,513
2009-11-27,99,96,3,26,255,8156,2315,10471,5841
2009-11-28,72,72,0,22,366,7421,2355,9776,5066
2009-11-29,29,27,2,15,54,360,291,651,69
2009-11-30,163,135,28,70,381,10966,4308,15274,6658
2009-12-01,200,185,15,72,498,12830,3832,16662,8998
2009-12-02,133,126,7,64,267,4844,2131,6975,2713
2009-12-03,402,385,17,119,811,14124,5612,19736,8512
2009-12-04,348,335,13,110,1189,32805,9514,42319,23291
2009-12-05,421,398,23,77,844,31520,14721,46241,16799
2009-12-06,101,98,3,31,192,2647,2749,5396,-102
2009-12-07,185,179,6,61,377,7328,5203,12531,2125
2009-12-08,106,71,35,40,158,4467,1556,6023,2911
2009-12-09,333,318,15,107,584,32366,5931,38297,26435
2009-12-10,287,259,28,91,449,11594,4414,16008,7180
2009-12-11,590,570,20,137,2191,268537,235853,504390,32684
2009-12-12,153,131,22,53,389,24792,4218,29010,20574
2009-12-13,117,114,3,37,284,16371,3241,19612,13130
2009-12-14,211,194,17,56,914,27293,6981,34274,20312
2009-12-15,447,430,17,124,1107,25251,23722,48973,1529
2009-12-16,606,553,53,189,1415,30943,14269,45212,16674
2009-12-17,254,238,16,91,721,26474,7303,33777,19171
2009-12-18,98,88,10,50,327,6138,1409,7547,4729
2009-12-19,29,21,8,17,31,330,116,446,214
2009-12-20,16,13,3,8,17,213,463,676,-250
2009-12-21,109,95,14,43,224,2706,971,3677,1735
2009-12-22,113,107,6,41,298,3558,1699,5257,1859
2009-12-23,163,146,17,74,297,8086,7464,15550,622
2009-12-24,84,66,18,36,100,2195,1062,3257,1133
2009-12-25,18,16,2,10,25,205,120,325,85
2009-12-26,9,7,2,9,10,28,8,36,20
2009-12-27,36,35,1,15,66,689,347,1036,342
2009-12-28,129,127,2,44,346,5796,4253,10049,1543
2009-12-29,29,29,0,19,47,554,541,1095,13
2009-12-30,96,78,18,42,113,1445,810,2255,635
2009-12-31,44,34,10,18,43,417,189,606,228
2010-01-01,12,11,1,8,21,303,140,443,163
2010-01-02,22,20,2,10,30,146,123,269,23
2010-01-03,1,1,0,1,1,1,1,2,0
2010-01-04,102,91,11,57,210,7869,3023,10892,4846
2010-01-05,74,70,4,26,147,1624,1428,3052,196
2010-01-06,83,74,9,42,162,5449,2455,7904,2994
2010-01-07,97,91,6,49,138,3167,2434,5601,733
2010-01-08,144,126,18,62,384,3961,3044,7005,917
2010-01-09,1,1,0,1,1,2,0,2,2
2010-01-10,72,71,1,24,130,9502,1534,11036,7968
2010-01-11,130,120,10,63,213,4655,1402,6057,3253
2010-01-12,165,159,6,54,291,6282,3591,9873,2691
2010-01-13,141,128,13,58,238,3856,1559,5415,2297
2010-01-14,107,100,7,54,216,3772,1518,5290,2254
2010-01-15,184,175,9,55,421,11916,3848,15764,8068
2010-01-16,97,91,6,44,176,12352,1035,13387,11317
2010-01-17,202,199,3,53,505,13185,4924,18109,8261
2010-01-18,127,113,14,55,264,6491,2070,8561,4421
2010-01-19,162,148,14,39,412,3896,2641,6537,1255
2010-01-20,130,120,10,58,216,7623,1212,8835,6411
2010-01-21,122,104,18,40,236,4671,4189,8860,482
2010-01-22,51,48,3,29,268,1353,728,2081,625
2010-01-23,35,32,3,18,53,325,187,512,138
2010-01-24,24,21,3,11,45,491,1237,1728,-746
2010-01-25,102,97,5,59,194,3666,1167,4833,2499
2010-01-26,74,62,12,37,263,1858,1351,3209,507
2010-01-27,130,122,8,48,292,11312,5783,17095,5529
2010-01-28,59,51,8,35,113,623,945,1568,-322
2010-01-29,116,107,9,49,206,3373,2528,5901,845
2010-01-30,25,25,0,14,39,1084,438,1522,646
2010-01-31,10,8,2,5,12,864,160,1024,704
2010-02-01,109,95,14,47,201,7551,1860,9411,5691
2010-02-02,107,96,11,63,188,5810,1845,7655,3965
2010-02-03,104,99,5,66,185,1562,687,2249,875
2010-02-04,202,197,5,96,379,7102,2454,9556,4648
2010-02-05,122,107,15,59,206,1887,1206,3093,681
2010-02-06,9,7,2,5,16,180,194,374,-14
2010-02-07,14,13,1,9,38,183,227,410,-44
2010-02-08,155,146,9,60,399,15521,12479,28000,3042
2010-02-09,130,123,7,46,513,10376,2399,12775,7977
2010-02-10,134,122,12,59,254,5169,2170,7339,2999
2010-02-11,127,110,17,53,238,6599,2038,8637,4561
2010-02-12,114,107,7,48,473,18510,3130,21640,15380
2010-02-13,39,39,0,13,63,926,374,1300,552
2010-02-14,25,24,1,13,64,1062,618,1680,444
2010-02-15,167,160,7,53,615,10664,4727,15391,5937
2010-02-16,176,160,16,87,232,15625,11579,27204,4046
2010-02-17,294,284,10,77,633,34907,5814,40721,29093
2010-02-18,147,137,10,54,310,8965,5311,14276,3654
2010-02-19,149,147,2,76,256,6052,2330,8382,3722
2010-02-20,44,39,5,20,221,1631,1548,3179,83
2010-02-21,17,11,6,10,22,248,133,381,115
2010-02-22,88,82,6,52,206,3597,1915,5512,1682
2010-02-23,164,156,8,72,430,8011,3163,11174,4848
2010-02-24,265,256,9,61,647,19573,9888,29461,9685
2010-02-25,195,171,24,78,384,10964,3876,14840,7088
2010-02-26,638,621,17,178,1335,49682,19395,69077,30287
2010-02-27,220,204,16,46,661,18708,13708,32416,5000
2010-02-28,127,100,27,28,161,5256,2496,7752,2760
2010-03-01,349,322,27,91,764,14234,5872,20106,8362
2010-03-02,385,364,21,142,743,13605,6310,19915,7295
2010-03-03,204,186,18,60,399,8751,27586,36337,-18835
2010-03-04,490,471,19,121,1316,48797,42515,91312,6282
2010-03-05,118,104,14,37,278,10427,7104,17531,3323
2010-03-06,212,206,6,102,404,6813,2790,9603,4023
2010-03-07,165,151,14,47,433,19115,5460,24575,13655
2010-03-08,132,118,14,60,311,3228,2835,6063,393
2010-03-09,177,171,6,54,442,15452,3546,18998,11906
2010-03-10,185,180,5,59,417,5891,2824,8715,3067
2010-03-11,105,104,1,49,216,6336,1355,7691,4981
2010-03-12,262,259,3,67,651,12150,9519,21669,2631
2010-03-13,68,50,18,30,79,523,470,993,53
2010-03-14,38,32,6,18,53,649,163,812,486
2010-03-15,170,163,7,76,281,3795,2568,6363,1227
2010-03-16,83,82,1,51,202,3869,981,4850,2888
2010-03-17,92,89,3,41,167,3226,1810,5036,1416
2010-03-18,88,69,19,33,123,1677,1082,2759,595
2010-03-19,168,153,15,93,297,5792,2442,8234,3350
2010-03-20,35,31,4,18,46,695,519,1214,176
2010-03-21,15,14,1,9,22,214,115,329,99
2010-03-22,86,77,9,47,118,2783,573,3356,2210
2010-03-23,136,131,5,51,223,9069,1859,10928,7210
2010-03-24,122,110,12,68,213,2034,1207,3241,827
2010-03-25,92,87,5,30,441,6204,5798,12002,406
2010-03-26,75,61,14,29,196,3142,4858,8000,-1716
2010-03-27,45,45,0,34,60,433,348,781,85
2010-03-28,10,10,0,8,14,68,45,113,23
2010-03-29,101,86,15,44,157,1434,646,2080,788
2010-03-30,54,48,6,36,4286,4312,885,5197,3427
2010-03-31,166,165,1,56,367,12935,2100,15035,10835
2010-04-01,77,71,6,25,107,1190,961,2151,229
2010-04-02,115,109,6,51,256,17203,2862,20065,14341
2010-04-03,58,50,8,25,332,9029,5155,14184,3874
2010-04-04,29,25,4,17,33,459,207,666,252
2010-04-05,49,41,8,28,79,1083,378,1461,705
2010-04-06,104,97,7,50,214,4201,1913,6114,2288
2010-04-07,169,154,15,73,299,6883,3537,10420,3346
2010-04-08,89,79,10,53,139,1409,891,2300,518
2010-04-09,121,111,10,48,235,5055,1532,6587,3523
2010-04-10,21,20,1,8,31,605,129,734,476
2010-04-11,133,131,2,36,269,5560,2652,8212,2908
2010-04-12,109,108,1,36,200,3948,2746,6694,1202
2010-04-13,135,118,17,45,253,4006,1883,5889,2123
2010-04-14,158,153,5,65,476,25555,4701,30256,20854
2010-04-15,51,34,17,26,57,800,346,1146,454
2010-04-16,175,166,9,39,461,19400,9024,28424,10376
2010-04-17,12,8,4,9,51,296,264,560,32
2010-04-18,6,6,0,3,16,48,51,99,-3
2010-04-19,89,83,6,43,170,6140,3071,9211,3069
2010-04-20,127,114,13,55,410,5155,2638,7793,2517
2010-04-21,81,70,11,48,202,11241,1580,12821,9661
2010-04-22,119,112,7,61,220,20770,665,21435,20105
2010-04-23,104,89,15,67,188,2002,935,2937,1067
2010-04-24,37,32,5,26,55,1748,447,2195,1301
2010-04-25,83,81,2,16,128,2922,495,3417,2427
2010-04-26,101,97,4,48,170,2812,1184,3996,1628
2010-04-27,121,110,11,66,199,2680,1809,4489,871
2010-04-28,126,121,5,53,246,5638,3048,8686,2590
2010-04-29,46,41,5,23,98,1068,267,1335,801
2010-04-30,135,119,16,72,191,4179,602,4781,3577
2010-05-01,56,56,0,22,120,7348,1454,8802,5894
2010-05-02,82,82,0,24,340,7171,2978,10149,4193
2010-05-03,108,95,13,51,180,6041,1559,7600,4482
2010-05-04,110,103,7,43,214,3328,2914,6242,414
2010-05-05,85,71,14,44,163,4501,936,5437,3565
2010-05-06,244,235,9,89,530,8552,4422,12974,4130
2010-05-07,135,120,15,56,251,4316,2375,6691,1941
2010-05-08,23,20,3,13,36,410,333,743,77
2010-05-09,26,26,0,6,41,490,258,748,232
2010-05-10,395,382,13,90,1060,14265,9905,24170,4360
2010-05-11,736,728,8,175,1955,56764,52082,108846,4682
2010-05-12,159,154,5,77,295,10764,3209,13973,7555
2010-05-13,216,196,20,62,458,11160,4084,15244,7076
2010-05-14,252,241,11,82,876,17830,15145,32975,2685
2010-05-15,45,39,6,26,63,2480,226,2706,2254
2010-05-16,88,83,5,40,181,4976,1892,6868,3084
2010-05-17,470,455,15,108,1043,16421,8725,25146,7696
2010-05-18,616,588,28,165,1583,44999,25433,70432,19566
2010-05-19,568,536,32,132,1374,45029,21697,66726,23332
2010-05-20,452,403,49,119,940,33299,14359,47658,18940
2010-05-21,385,347,38,132,893,23681,12580,36261,11101
2010-05-22,83,73,10,28,283,3314,1032,4346,2282
2010-05-23,30,28,2,10,42,1917,583,2500,1334
2010-05-24,136,120,16,62,312,58098,9233,67331,48865
2010-05-25,304,288,16,127,633,17635,7292,24927,10343
2010-05-26,156,149,7,67,271,8948,3537,12485,5411
2010-05-27,353,337,16,122,649,19339,4979,24318,14360
2010-05-28,123,107,16,45,249,2958,1431,4389,1527
2010-05-29,34,28,6,16,49,247,140,387,107
2010-05-30,27,14,13,9,20,65,133,198,-68
2010-05-31,128,120,8,42,210,8912,4825,13737,4087
2010-06-01,172,160,12,66,329,6331,2703,9034,3628
2010-06-02,196,185,11,70,371,7231,2501,9732,4730
2010-06-03,153,140,13,54,495,4162,3805,7967,357
2010-06-04,163,146,17,85,515,111042,1453,112495,109589
2010-06-05,37,30,7,17,75,1048,396,1444,652
2010-06-06,32,32,0,12,73,850,711,1561,139
2010-06-07,84,81,3,46,166,14480,383,14863,14097
2010-06-08,81,73,8,41,180,2407,1462,3869,945
2010-06-09,82,69,13,47,163,2181,1712,3893,469
2010-06-10,55,49,6,27,261,1610,194540,196150,-192930
2010-06-11,79,67,12,33,144,2097,1192,3289,905
2010-06-12,29,23,6,17,55,445,285,730,160
2010-06-13,12,11,1,9,13,34,42,76,-8
2010-06-14,110,109,1,34,319,5294,2432,7726,2862
2010-06-15,102,94,8,53,235,2310,1509,3819,801
2010-06-16,94,91,3,35,223,2518,1151,3669,1367
2010-06-17,76,73,3,50,315,4850,973,5823,3877
2010-06-18,132,127,5,56,507,17785,7199,24984,10586
2010-06-19,30,30,0,7,85,1204,484,1688,720
2010-06-20,16,14,2,8,21,216,55,271,161
2010-06-21,49,47,2,28,114,4821,953,5774,3868
2010-06-22,102,100,2,38,371,16874,8920,25794,7954
2010-06-23,114,113,1,46,365,55916,8673,64589,47243
2010-06-24,82,80,2,32,355,3226,5234,8460,-2008
2010-06-25,45,42,3,26,113,3519,1237,4756,2282
2010-06-26,40,39,1,14,124,3673,3025,6698,648
2010-06-27,29,9,20,8,19,152,112,264,40
2010-06-28,48,38,10,23,111,768,639,1407,129
2010-06-29,120,119,1,51,206,14685,1846,16531,12839
2010-06-30,159,151,8,67,423,2899,2585,5484,314
2010-07-01,58,51,7,31,82,494,226,720,268
2010-07-02,69,60,9,32,128,8638,7740,16378,898
2010-07-03,23,20,3,14,36,986,654,1640,332
2010-07-04,20,20,0,12,39,1047,195,1242,852
2010-07-05,145,136,9,45,323,7039,5674,12713,1365
2010-07-06,88,85,3,33,213,7545,15626,23171,-8081
2010-07-07,82,72,10,34,175,1328,1433,2761,-105
2010-07-08,165,156,9,65,402,5647,7026,12673,-1379
2010-07-09,97,95,2,48,172,2509,989,3498,1520
2010-07-10,10,10,0,6,21,152,118,270,34
2010-07-11,28,26,2,18,54,289,241,530,48
2010-07-12,88,83,5,34,237,3226,1750,4976,1476
2010-07-13,120,116,4,39,242,3292,11675,14967,-8383
2010-07-14,60,57,3,34,161,3639,4990,8629,-1351
2010-07-15,40,37,3,25,63,1970,753,2723,1217
2010-07-16,96,90,6,40,246,1881,1758,3639,123
2010-07-17,45,43,2,21,81,1876,665,2541,1211
2010-07-18,24,21,3,16,45,809,184,993,625
2010-07-19,77,72,5,44,187,2265,893,3158,1372
2010-07-20,109,102,7,59,154,940,1600,2540,-660
2010-07-21,156,144,12,66,244,3525,2014,5539,1511
2010-07-22,200,188,12,61,1001,12636,12358,24994,278
2010-07-23,145,139,6,40,294,4480,4709,9189,-229
2010-07-24,18,17,1,5,157,470,639,1109,-169
2010-07-25,18,15,3,16,27,341,121,462,220
2010-07-26,347,334,13,102,815,10286,8104,18390,2182
2010-07-27,363,355,8,97,914,24911,9816,34727,15095
2010-07-28,323,315,8,82,939,27220,15471,42691,11749
2010-07-29,87,76,11,40,125,1755,736,2491,1019
2010-07-30,69,68,1,38,247,1568,2271,3839,-703
2010-07-31,55,48,7,32,73,1212,332,1544,880
2010-08-01,212,212,0,55,410,8140,2881,11021,5259
2010-08-02,692,680,12,156,1602,57180,46124,103304,11056
2010-08-03,302,290,12,99,801,14565,10680,25245,3885
2010-08-04,325,287,38,95,678,11624,7731,19355,3893
2010-08-05,548,520,28,137,1236,87327,10627,97954,76700
2010-08-06,165,125,40,58,474,6003,3929,9932,2074
2010-08-07,174,163,11,43,426,5790,4418,10208,1372
2010-08-08,47,35,12,27,129,2042,376,2418,1666
2010-08-09,324,317,7,80,943,22214,145955,168169,-123741
2010-08-10,528,493,35,164,1004,23645,8637,32282,15008
2010-08-11,301,289,12,119,563,13596,4898,18494,8698
2010-08-12,181,163,18,65,662,16891,15287,32178,1604
2010-08-13,69,60,9,27,154,1782,951,2733,831
2010-08-14,73,55,18,24,307,4168,208086,212254,-203918
2010-08-15,45,34,11,17,73,1374,1741,3115,-367
2010-08-16,128,117,11,51,237,2732,1693,4425,1039
2010-08-17,79,78,1,41,163,1640,1048,2688,592
2010-08-18,120,97,23,54,292,4657,1953,6610,2704
2010-08-19,103,99,4,44,174,4333,1982,6315,2351
2010-08-20,107,101,6,43,312,44771,3411,48182,41360
2010-08-21,18,17,1,11,48,271,91,362,180
2010-08-22,37,30,7,16,63,1412,289,1701,1123
2010-08-23,92,82,10,56,147,1745,2008,3753,-263
2010-08-24,229,211,18,87,448,27445,7753,35198,19692
2010-08-25,121,113,8,50,310,3610,2250,5860,1360
2010-08-26,64,61,3,38,111,950,850,1800,100
2010-08-27,98,95,3,32,324,3328,3093,6421,235
2010-08-28,44,25,19,16,27,536,411,947,125
2010-08-29,33,30,3,12,79,745,444,1189,301
2010-08-30,84,83,1,31,172,3269,49082,52351,-45813
2010-08-31,184,182,2,67,520,53921,5102,59023,48819
2010-09-01,89,84,5,45,125,3474,864,4338,2610
2010-09-02,101,99,2,57,358,96213,1819,98032,94394
2010-09-03,52,49,3,29,133,1872,604,2476,1268
2010-09-04,35,35,0,29,38,269,119,388,150
2010-09-05,123,122,1,39,323,21840,20910,42750,930
2010-09-06,34,33,1,21,41,731,159,890,572
2010-09-07,150,129,21,50,238,13925,11365,25290,2560
2010-09-08,237,225,12,73,387,19464,5947,25411,13517
2010-09-09,224,217,7,52,760,150604,6132,156736,144472
2010-09-10,213,200,13,86,387,6001,4433,10434,1568
2010-09-11,41,33,8,17,53,1174,867,2041,307
2010-09-12,28,28,0,13,33,309,167,476,142
2010-09-13,59,50,9,31,80,1021,442,1463,579
2010-09-14,180,179,1,70,552,20156,6056,26212,14100
2010-09-15,86,81,5,40,150,3693,1016,4709,2677
2010-09-16,155,142,13,55,300,4930,2311,7241,2619
2010-09-17,136,129,7,60,519,35926,40794,76720,-4868
2010-09-18,13,13,0,10,35,618,522,1140,96
2010-09-19,62,56,6,25,114,2156,908,3064,1248
2010-09-20,113,106,7,46,250,3500,2972,6472,528
2010-09-21,256,243,13,73,508,37146,7991,45137,29155
2010-09-22,104,96,8,50,229,15036,2857,17893,12179
2010-09-23,124,118,6,73,291,2083,1361,3444,722
2010-09-24,265,251,14,68,551,13258,7616,20874,5642
2010-09-25,42,34,8,28,69,5801,464,6265,5337
2010-09-26,22,22,0,12,35,382,123,505,259
2010-09-27,142,122,20,61,428,8359,4168,12527,4191
2010-09-28,168,161,7,59,286,3987,1649,5636,2338
2010-09-29,134,130,4,50,680,9121,6116,15237,3005
2010-09-30,103,99,4,59,196,9740,7102,16842,2638
2010-10-01,209,197,12,66,470,6447,4290,10737,2157
2010-10-02,46,46,0,20,162,1555,70016,71571,-68461
2010-10-03,17,15,2,8,21,406,91,497,315
2010-10-04,184,171,13,67,381,6430,3123,9553,3307
2010-10-05,262,255,7,80,898,27688,15436,43124,12252
2010-10-06,181,169,12,63,509,54652,33684,88336,20968
2010-10-07,195,178,17,82,508,9881,6474,16355,3407
2010-10-08,280,268,12,72,901,31709,10249,41958,21460
2010-10-09,58,49,9,26,134,1987,2722,4709,-735
2010-10-10,13,13,0,5,22,127,145,272,-18
2010-10-11,157,144,13,69,388,18783,87060,105843,-68277
2010-10-12,200,188,12,62,458,4942,4837,9779,105
2010-10-13,119,109,10,56,252,6440,2413,8853,4027
2010-10-14,207,203,4,53,533,7628,5257,12885,2371
2010-10-15,147,137,10,54,598,10983,7488,18471,3495
2010-10-16,63,61,2,24,150,3888,2860,6748,1028
2010-10-17,32,29,3,17,43,544,288,832,256
2010-10-18,263,250,13,88,796,13983,8829,22812,5154
2010-10-19,188,178,10,75,320,4398,3466,7864,932
2010-10-20,166,158,8,62,823,12385,5238,17623,7147
2010-10-21,843,795,48,155,2034,54505,22201,76706,32304
2010-10-22,530,511,19,181,1078,28501,11190,39691,17311
2010-10-23,242,213,29,73,513,7188,4720,11908,2468
2010-10-24,500,492,8,86,869,17503,6879,24382,10624
2010-10-25,346,307,39,120,757,13093,14131,27224,-1038
2010-10-26,374,357,17,127,767,13146,4440,17586,8706
2010-10-27,215,201,14,67,541,13496,3890,17386,9606
2010-10-28,535,492,43,161,901,23992,7511,31503,16481
2010-10-29,216,192,24,62,579,12890,46620,59510,-33730
2010-10-30,72,61,11,29,123,754,1378,2132,-624
2010-10-31,23,22,1,15,43,480,306,786,174
2010-11-01,107,98,9,28,469,2877,4363,7240,-1486
2010-11-02,35,31,4,23,44,508,255,763,253
2010-11-03,48,40,8,29,56,439,459,898,-20
2010-11-04,44,42,2,26,92,855,397,1252,458
2010-11-05,52,45,7,28,93,954,572,1526,382
2010-11-06,19,17,2,12,138,2192,1142,3334,1050
2010-11-07,23,21,2,12,26,246,55,301,191
2010-11-08,81,72,9,45,103,874,376,1250,498
2010-11-09,205,197,8,86,527,33229,2559,35788,30670
2010-11-10,188,179,9,69,402,8714,6962,15676,1752
2010-11-11,143,139,4,74,304,11668,3207,14875,8461
2010-11-12,100,87,13,57,136,4103,867,4970,3236
2010-11-13,29,20,9,14,72,2669,887,3556,1782
2010-11-14,5,2,3,4,2,3,1,4,2
2010-11-15,292,275,17,92,574,7027,4890,11917,2137
2010-11-16,215,201,14,75,580,10243,3251,13494,6992
2010-11-17,195,191,4,61,806,9146,5936,15082,3210
2010-11-18,270,259,11,90,466,10281,6298,16579,3983
2010-11-19,95,83,12,36,271,8955,3256,12211,5699
2010-11-20,35,34,1,16,109,5925,2945,8870,2980
2010-11-21,18,18,0,15,35,162,72,234,90
2010-11-22,200,193,7,63,520,12578,2655,15233,9923
2010-11-23,95,85,10,22,273,4396,3870,8266,526
2010-11-24,180,161,19,70,317,12231,2640,14871,9591
2010-11-25,87,83,4,30,141,5931,4718,10649,1213
2010-11-26,72,52,20,31,192,3933,717,4650,3216
2010-11-27,32,30,2,13,45,3089,393,3482,2696
2010-11-28,62,57,5,40,130,3670,793,4463,2877
2010-11-29,217,206,11,85,473,9948,5578,15526,4370
2010-11-30,232,221,11,77,413,9044,7595,16639,1449
2010-12-01,183,174,9,84,405,9856,2869,12725,6987
2010-12-02,193,172,21,77,374,5257,5111,10368,146
2010-12-03,217,200,17,70,521,8205,5830,14035,2375
2010-12-04,23,23,0,15,36,182,102,284,80
2010-12-05,33,31,2,9,91,1825,1098,2923,727
2010-12-06,123,113,10,54,230,4732,2040,6772,2692
2010-12-07,155,146,9,58,359,8007,5285,13292,2722
2010-12-08,188,175,13,85,446,7948,3073,11021,4875
2010-12-09,133,123,10,64,205,3016,902,3918,2114
2010-12-10,208,201,7,75,475,10232,4374,14606,5858
2010-12-11,71,69,2,29,107,4204,3757,7961,447
2010-12-12,27,25,2,12,63,398,271,669,127
2010-12-13,152,144,8,50,353,7117,5483,12600,1634
2010-12-14,117,92,25,46,202,2731,827,3558,1904
2010-12-15,90,77,13,47,227,27940,1144,29084,26796
2010-12-16,319,301,18,107,832,69336,58447,127783,10889
2010-12-17,123,109,14,55,199,2308,1537,3845,771
2010-12-18,35,28,7,17,63,1301,355,1656,946
2010-12-19,31,28,3,13,51,821,735,1556,86
2010-12-20,187,174,13,64,419,9777,2430,12207,7347
2010-12-21,281,272,9,97,713,17562,9836,27398,7726
2010-12-22,267,248,19,75,731,30724,8317,39041,22407
2010-12-23,146,132,14,67,254,10336,1580,11916,8756
2010-12-24,104,96,8,28,157,1413,5485,6898,-4072
2010-12-25,20,20,0,9,81,549,233,782,316
2010-12-26,21,18,3,10,36,1466,942,2408,524
2010-12-27,21,15,6,15,15,37,52,89,-15
2010-12-28,37,30,7,21,68,908,336,1244,572
2010-12-29,261,258,3,62,1168,15570,26374,41944,-10804
2010-12-30,82,72,10,29,186,4401,3874,8275,527
2010-12-31,46,45,1,25,105,8711,6464,15175,2247
2011-01-01,26,26,0,7,165,763,2694,3457,-1931
2011-01-02,16,12,4,8,12,214,209,423,5
2011-01-03,109,97,12,50,247,6153,4574,10727,1579
2011-01-04,149,140,9,66,252,5157,3210,8367,1947
2011-01-05,237,225,12,55,537,7685,4626,12311,3059
2011-01-06,174,143,31,66,287,5896,2099,7995,3797
2011-01-07,288,267,21,76,887,11537,4968,16505,6569
2011-01-08,75,70,5,21,98,3430,2786,6216,644
2011-01-09,71,64,7,37,131,5740,1285,7025,4455
2011-01-10,309,279,30,98,746,20639,15634,36273,5005
2011-01-11,235,211,24,89,410,6678,3666,10344,3012
2011-01-12,401,361,40,106,749,14385,5125,19510,9260
2011-01-13,436,403,33,123,1052,18371,6284,24655,12087
2011-01-14,361,329,32,106,669,41834,4349,46183,37485
2011-01-15,34,25,9,17,37,375,447,822,-72
2011-01-16,76,69,7,27,170,2730,1435,4165,1295
2011-01-17,81,69,12,42,215,4788,2136,6924,2652
2011-01-18,130,113,17,55,279,4745,901,5646,3844
2011-01-19,258,253,5,94,647,6787,4633,11420,2154
2011-01-20,125,119,6,52,370,5892,3421,9313,2471
2011-01-21,313,287,26,95,1023,38131,21930,60061,16201
2011-01-22,49,47,2,22,116,4211,1006,5217,3205
2011-01-23,75,74,1,52,148,4780,619,5399,4161
2011-01-24,206,186,20,73,478,11246,16218,27464,-4972
2011-01-25,124,111,13,63,253,5855,1722,7577,4133
2011-01-26,117,108,9,63,207,1825,1959,3784,-134
2011-01-27,104,93,11,41,217,5387,2653,8040,2734
2011-01-28,156,144,12,62,360,2843,3425,6268,-582
2011-01-29,18,18,0,9,63,639,596,1235,43
2011-01-30,20,19,1,12,35,1630,167,1797,1463
2011-01-31,309,282,27,81,748,8749,17476,26225,-8727
2011-02-01,127,117,10,53,267,11437,2359,13796,9078
2011-02-02,117,109,8,49,525,7461,6191,13652,1270
2011-02-03,146,135,11,75,265,4832,1964,6796,2868
2011-02-04,183,174,9,69,364,6995,6816,13811,179
2011-02-05,49,48,1,16,319,4151,6257,10408,-2106
2011-02-06,33,26,7,18,41,766,403,1169,363
2011-02-07,92,82,10,46,186,3375,4967,8342,-1592
2011-02-08,116,110,6,36,251,5240,2467,7707,2773
2011-02-09,148,138,10,48,248,6711,8271,14982,-1560
2011-02-10,95,86,9,33,228,4928,6087,11015,-1159
2011-02-11,109,104,5,61,257,6387,4030,10417,2357
2011-02-12,110,97,13,46,170,3120,2725,5845,395
2011-02-13,39,34,5,19,62,851,242,1093,609
2011-02-14,142,126,16,62,252,4729,1524,6253,3205
2011-02-15,108,89,19,43,144,3070,1425,4495,1645
2011-02-16,130,119,11,42,289,3980,1873,5853,2107
2011-02-17,231,221,10,107,651,10884,3177,14061,7707
2011-02-18,230,217,13,70,552,9706,7583,17289,2123
2011-02-19,116,113,3,18,318,3359,2204,5563,1155
2011-02-20,30,26,4,21,39,205,175,380,30
2011-02-21,173,165,8,67,490,63637,22228,85865,41409
2011-02-22,168,153,15,62,379,8607,4125,12732,4482
2011-02-23,343,326,17,100,922,34665,6051,40716,28614
2011-02-24,193,183,10,53,401,6404,3305,9709,3099
2011-02-25,206,193,13,85,397,7686,2218,9904,5468
2011-02-26,40,38,2,21,54,726,542,1268,184
2011-02-27,24,23,1,18,35,1833,497,2330,1336
2011-02-28,203,199,4,84,538,12571,10813,23384,1758
2011-03-01,217,203,14,77,643,18967,9307,28274,9660
2011-03-02,137,132,5,70,327,3391,1913,5304,1478
2011-03-03,247,223,24,70,568,11219,6564,17783,4655
2011-03-04,115,106,9,58,193,5768,1767,7535,4001
2011-03-05,70,64,6,27,185,2617,2235,4852,382
2011-03-06,39,36,3,11,120,1279,1226,2505,53
2011-03-07,212,204,8,84,512,10620,8392,19012,2228
2011-03-08,139,131,8,53,277,3643,1614,5257,2029
2011-03-09,197,186,11,69,457,6389,4825,11214,1564
2011-03-10,355,340,15,89,757,8449,9163,17612,-714
2011-03-11,341,322,19,121,797,18162,5756,23918,12406
2011-03-12,99,89,10,24,364,5745,4247,9992,1498
2011-03-13,51,44,7,16,97,634,859,1493,-225
2011-03-14,488,475,13,130,1064,27710,21822,49532,5888
2011-03-15,368,351,17,107,730,21784,5368,27152,16416
2011-03-16,208,155,53,85,318,8482,2408,10890,6074
2011-03-17,324,295,29,78,712,26543,5784,32327,20759
2011-03-18,140,105,35,41,280,4262,2278,6540,1984
2011-03-19,19,12,7,13,17,46,55,101,-9
2011-03-20,41,34,7,23,58,791,2627,3418,-1836
2011-03-21,375,359,16,101,783,46957,18943,65900,28014
2011-03-22,332,320,12,93,706,41671,6239,47910,35432
2011-03-23,551,535,16,197,1132,25828,7681,33509,18147
2011-03-24,223,197,26,77,534,5147,3325,8472,1822
2011-03-25,158,151,7,50,502,13036,12040,25076,996
2011-03-26,89,68,21,33,136,2916,992,3908,1924
2011-03-27,25,25,0,15,64,6219,365,6584,5854
2011-03-28,234,204,30,90,346,8107,2358,10465,5749
2011-03-29,221,207,14,54,807,4604,5096,9700,-492
2011-03-30,113,102,11,49,213,27603,2013,29616,25590
2011-03-31,110,107,3,58,2629,6799,5408,12207,1391
2011-04-01,61,53,8,29,102,38839,38700,77539,139
2011-04-02,21,20,1,10,46,201,556,757,-355
2011-04-03,12,9,3,8,13,102,95,197,7
2011-04-04,136,125,11,65,276,3704,2136,5840,1568
2011-04-05,276,264,12,68,632,7622,23792,31414,-16170
2011-04-06,107,101,6,58,188,4163,1730,5893,2433
2011-04-07,140,123,17,42,319,3685,11809,15494,-8124
2011-04-08,66,62,4,27,149,2143,1707,3850,436
2011-04-09,18,13,5,9,180,174,74441,74615,-74267
2011-04-10,22,21,1,10,61,111,88,199,23
2011-04-11,105,96,9,37,158,8336,2089,10425,6247
2011-04-12,173,165,8,76,321,2490,2746,5236,-256
2011-04-13,236,225,11,91,407,9328,2491,11819,6837
2011-04-14,159,157,2,68,363,5249,3305,8554,1944
2011-04-15,70,66,4,36,155,1110,988,2098,122
2011-04-16,13,7,6,7,11,79,66,145,13
2011-04-17,62,62,0,16,87,768,716,1484,52
2011-04-18,142,128,14,51,259,1674,1842,3516,-168
2011-04-19,206,189,17,84,497,6090,3756,9846,2334
2011-04-20,191,188,3,73,421,9782,5961,15743,3821
2011-04-21,75,59,16,33,124,910,973,1883,-63
2011-04-22,50,44,6,19,151,1455,1429,2884,26
2011-04-23,25,24,1,13,56,889,221,1110,668
2011-04-24,41,33,8,20,129,784,994,1778,-210
2011-04-25,180,175,5,47,343,6658,3908,10566,2750
2011-04-26,200,186,14,55,471,17670,13560,31230,4110
2011-04-27,96,87,9,54,210,2221,1104,3325,1117
2011-04-28,164,159,5,58,400,7326,7321,14647,5
2011-04-29,147,139,8,52,342,3258,1868,5126,1390
2011-04-30,69,68,1,25,129,3426,2111,5537,1315
2011-05-01,84,82,2,36,176,3586,1534,5120,2052
2011-05-02,179,166,13,53,488,8327,14404,22731,-6077
2011-05-03,231,221,10,60,591,13502,40744,54246,-27242
2011-05-04,110,100,10,53,279,4987,1975,6962,3012
2011-05-05,67,63,4,34,188,13260,1395,14655,11865
2011-05-06,132,127,5,48,385,6473,9586,16059,-3113
2011-05-07,61,57,4,30,115,2516,1023,3539,1493
2011-05-08,103,98,5,26,154,1507,1488,2995,19
2011-05-09,112,105,7,36,223,3451,3886,7337,-435
2011-05-10,294,279,15,110,656,11450,7510,18960,3940
2011-05-11,457,450,7,93,872,10768,9469,20237,1299
2011-05-12,187,167,20,90,381,16381,5240,21621,11141
2011-05-13,152,145,7,57,304,7274,2907,10181,4367
2011-05-14,50,45,5,17,79,1643,828,2471,815
2011-05-15,43,38,5,22,87,1981,1337,3318,644
2011-05-16,222,213,9,73,546,12307,7800,20107,4507
2011-05-17,277,266,11,70,632,29319,8774,38093,20545
2011-05-18,125,113,12,52,205,10477,2097,12574,8380
2011-05-19,511,491,20,110,1532,38319,26423,64742,11896
2011-05-20,471,428,43,133,835,56047,43493,99540,12554
2011-05-21,41,37,4,23,77,2694,920,3614,1774
2011-05-22,94,81,13,28,168,1869,1023,2892,846
2011-05-23,250,213,37,86,540,9546,3898,13444,5648
2011-05-24,306,271,35,117,500,11289,4865,16154,6424
2011-05-25,557,531,26,161,1343,28934,13163,42097,15771
2011-05-26,260,237,23,104,554,8095,2319,10414,5776
2011-05-27,275,249,26,99,556,19055,5145,24200,13910
2011-05-28,87,70,17,23,142,512,958,1470,-446
2011-05-29,86,71,15,24,196,4782,1059,5841,3723
2011-05-30,45,44,1,18,107,2500,1712,4212,788
2011-05-31,47,39,8,27,57,316,185,501,131
2011-06-01,159,154,5,66,328,4644,2351,6995,2293
2011-06-02,78,77,1,44,144,3776,388,4164,3388
2011-06-03,98,87,11,49,214,2024,1332,3356,692
2011-06-04,45,38,7,19,68,486,452,938,34
2011-06-05,23,23,0,14,75,313,210,523,103
2011-06-06,164,146,18,73,425,8766,3305,12071,5461
2011-06-07,304,299,5,84,1250,13185,19861,33046,-6676
2011-06-08,143,112,31,46,205,4863,2469,7332,2394
2011-06-09,166,148,18,73,296,2963,3291,6254,-328
2011-06-10,84,74,10,45,428,2440,2567,5007,-127
2011-06-11,69,69,0,25,133,2535,746,3281,1789
2011-06-12,22,16,6,11,23,230,205,435,25
2011-06-13,106,94,12,40,176,2477,1296,3773,1181
2011-06-14,83,70,13,40,188,2177,1639,3816,538
2011-06-15,136,132,4,44,249,29145,12962,42107,16183
2011-06-16,205,189,16,88,458,7142,2977,10119,4165
2011-06-17,92,80,12,56,157,1821,869,2690,952
2011-06-18,52,49,3,17,114,1260,756,2016,504
2011-06-19,27,23,4,17,25,58,43,101,15
2011-06-20,135,127,8,46,363,6536,7413,13949,-877
2011-06-21,134,118,16,52,268,4256,1903,6159,2353
2011-06-22,91,88,3,36,247,5577,976,6553,4601
2011-06-23,110,104,6,32,214,7571,1243,8814,6328
2011-06-24,159,141,18,47,285,2637,2172,4809,465
2011-06-25,62,57,5,35,95,3071,1956,5027,1115
2011-06-26,9,8,1,6,12,377,148,525,229
2011-06-27,192,176,16,79,380,24886,5339,30225,19547
2011-06-28,251,242,9,86,704,15185,11589,26774,3596
2011-06-29,217,206,11,84,553,19191,6182,25373,13009
2011-06-30,78,64,14,42,95,791,500,1291,291
2011-07-01,211,201,10,90,464,8402,6237,14639,2165
2011-07-02,81,77,4,17,171,3033,1330,4363,1703
2011-07-03,292,287,5,24,1547,95905,72289,168194,23616
2011-07-04,108,101,7,39,243,4329,3209,7538,1120
2011-07-05,368,359,9,87,997,29215,20409,49624,8806
2011-07-06,204,196,8,73,701,13602,103529,117131,-89927
2011-07-07,299,281,18,85,515,23582,22629,46211,953
2011-07-08,296,281,15,110,672,15432,11080,26512,4352
2011-07-09,43,33,10,20,41,437,228,665,209
2011-07-10,104,95,9,28,222,4789,4206,8995,583
2011-07-11,186,173,13,64,399,5574,2949,8523,2625
2011-07-12,238,233,5,70,797,15097,47376,62473,-32279
2011-07-13,225,218,7,75,403,7594,5169,12763,2425
2011-07-14,144,138,6,46,295,4576,2855,7431,1721
2011-07-15,138,126,12,60,360,11656,5833,17489,5823
2011-07-16,50,48,2,28,139,3614,2382,5996,1232
2011-07-17,46,30,16,14,58,453,277,730,176
2011-07-18,141,136,5,56,390,4924,4242,9166,682
2011-07-19,90,87,3,40,185,2058,1188,3246,870
2011-07-20,294,285,9,72,787,17756,9581,27337,8175
2011-07-21,255,241,14,90,709,10088,6166,16254,3922
2011-07-22,249,201,48,95,624,19516,9569,29085,9947
2011-07-23,130,105,25,35,387,4603,4239,8842,364
2011-07-24,115,107,8,41,279,4344,3739,8083,605
2011-07-25,171,154,17,67,434,5705,5370,11075,335
2011-07-26,345,322,23,131,1117,34288,4413,38701,29875
2011-07-27,575,556,19,101,1523,94244,49550,143794,44694
2011-07-28,166,158,8,47,461,10971,2365,13336,8606
2011-07-29,70,68,2,34,212,16949,1782,18731,15167
2011-07-30,48,33,15,17,39,390,1070,1460,-680
2011-07-31,109,103,6,37,239,9051,1549,10600,7502
2011-08-01,155,136,19,66,280,3106,2975,6081,131
2011-08-02,112,107,5,52,260,2397,995,3392,1402
2011-08-03,103,87,16,41,197,4567,2063,6630,2504
2011-08-04,129,116,13,63,205,2796,2214,5010,582
2011-08-05,110,98,12,50,138,1644,1035,2679,609
2011-08-06,27,21,6,18,37,904,358,1262,546
2011-08-07,27,24,3,11,73,1246,1445,2691,-199
2011-08-08,190,174,16,73,541,10766,9608,20374,1158
2011-08-09,156,144,12,52,277,21307,1494,22801,19813
2011-08-10,76,70,6,51,97,1922,403,2325,1519
2011-08-11,132,126,6,56,1019,13672,13496,27168,176
2011-08-12,116,107,9,46,594,3727,3558,7285,169
2011-08-13,64,56,8,29,269,2934,52799,55733,-49865
2011-08-14,77,71,6,35,113,2498,407,2905,2091
2011-08-15,72,63,9,30,94,2910,1673,4583,1237
2011-08-16,52,46,6,27,96,2256,1193,3449,1063
2011-08-17,68,60,8,35,108,2616,4769,7385,-2153
2011-08-18,58,48,10,28,346,872,1353,2225,-481
2011-08-19,158,151,7,60,248,3529,2212,5741,1317
2011-08-20,17,15,2,11,17,316,217,533,99
2011-08-21,65,61,4,9,354,1014,702,1716,312
2011-08-22,248,234,14,76,540,13273,4840,18113,8433
2011-08-23,404,395,9,103,1216,53460,79577,133037,-26117
2011-08-24,416,402,14,74,1035,65314,26766,92080,38548
2011-08-25,252,247,5,60,578,28703,56907,85610,-28204
2011-08-26,146,128,18,61,368,18650,16780,35430,1870
2011-08-27,140,138,2,45,469,12603,3941,16544,8662
2011-08-28,19,18,1,11,37,317,142,459,175
2011-08-29,305,289,16,67,828,12370,9994,22364,2376
2011-08-30,75,70,5,40,114,1311,856,2167,455
2011-08-31,152,145,7,43,263,3877,2043,5920,1834
2011-09-01,49,48,1,18,85,1252,353,1605,899
2011-09-02,22,18,4,14,39,862,142,1004,720
2011-09-03,38,38,0,14,100,1152,829,1981,323
2011-09-04,17,17,0,9,77,996,816,1812,180
2011-09-05,44,40,4,17,52,2594,391,2985,2203
2011-09-06,298,296,2,52,837,21242,17810,39052,3432
2011-09-07,66,56,10,18,162,3540,944,4484,2596
2011-09-08,34,29,5,19,83,2635,2418,5053,217
2011-09-09,166,161,5,46,348,5182,2330,7512,2852
2011-09-10,15,12,3,9,29,379,97,476,282
2011-09-11,245,242,3,47,491,7794,4717,12511,3077
2011-09-12,70,65,5,21,174,2916,5261,8177,-2345
2011-09-13,104,99,5,36,203,5408,3180,8588,2228
2011-09-14,170,164,6,56,458,9658,8263,17921,1395
2011-09-15,237,228,9,86,593,7082,4838,11920,2244
2011-09-16,263,248,15,65,488,19039,15594,34633,3445
2011-09-17,51,47,4,25,71,564,306,870,258
2011-09-18,62,58,4,32,148,1014,755,1769,259
2011-09-19,131,121,10,54,299,7112,1894,9006,5218
2011-09-20,285,262,23,76,585,27756,4974,32730,22782
2011-09-21,252,244,8,109,541,14816,7194,22010,7622
2011-09-22,161,150,11,75,354,5553,4611,10164,942
2011-09-23,106,95,11,54,192,2371,1127,3498,1244
2011-09-24,36,36,0,20,66,7439,542,7981,6897
2011-09-25,84,84,0,26,169,2788,1888,4676,900
2011-09-26,154,145,9,67,404,5639,3146,8785,2493
2011-09-27,177,169,8,75,593,5078,3944,9022,1134
2011-09-28,136,127,9,30,256,4734,3666,8400,1068
2011-09-29,138,135,3,52,260,5575,1951,7526,3624
2011-09-30,215,204,11,45,484,10390,6741,17131,3649
2011-10-01,28,26,2,9,76,1577,236,1813,1341
2011-10-02,68,64,4,19,124,2044,683,2727,1361
2011-10-03,159,153,6,54,355,4472,4054,8526,418
2011-10-04,214,194,20,61,462,6459,3982,10441,2477
2011-10-05,165,161,4,36,342,12865,5707,18572,7158
2011-10-06,117,109,8,44,354,17868,4852,22720,13016
2011-10-07,136,124,12,40,352,5394,3191,8585,2203
2011-10-08,67,62,5,24,148,1161,941,2102,220
2011-10-09,11,11,0,7,20,682,153,835,529
2011-10-10,108,102,6,42,192,4443,1744,6187,2699
2011-10-11,194,190,4,55,608,103280,6453,109733,96827
2011-10-12,161,159,2,46,457,7428,101344,108772,-93916
2011-10-13,266,263,3,67,544,15663,5633,21296,10030
2011-10-14,321,314,7,72,668,13685,8211,21896,5474
2011-10-15,8,5,3,7,5,8,4,12,4
2011-10-16,75,73,2,36,159,3843,893,4736,2950
2011-10-17,186,180,6,72,522,6544,3987,10531,2557
2011-10-18,153,149,4,69,302,6775,5336,12111,1439
2011-10-19,225,220,5,70,503,7236,3981,11217,3255
2011-10-20,135,114,21,57,183,1344,1281,2625,63
2011-10-21,135,130,5,40,277,4713,2092,6805,2621
2011-10-22,19,18,1,14,23,379,142,521,237
2011-10-23,49,45,4,10,97,10693,11717,22410,-1024
2011-10-24,315,303,12,107,672,18794,11863,30657,6931
2011-10-25,107,82,25,43,129,2252,693,2945,1559
2011-10-26,148,124,24,63,301,4252,1723,5975,2529
2011-10-27,59,50,9,26,110,1237,779,2016,458
2011-10-28,76,54,22,36,98,1083,934,2017,149
2011-10-29,80,76,4,30,120,2448,1205,3653,1243
2011-10-30,123,109,14,44,303,4365,1471,5836,2894
2011-10-31,401,378,23,62,2440,20750,2627,23377,18123
2011-11-01,263,248,15,105,554,20983,4898,25881,16085
2011-11-02,256,231,25,87,864,8521,5346,13867,3175
2011-11-03,209,199,10,55,498,18374,10836,29210,7538
2011-11-04,212,193,19,50,294,5400,2279,7679,3121
2011-11-05,55,47,8,33,76,5090,1210,6300,3880
2011-11-06,47,39,8,19,149,1029,349,1378,680
2011-11-07,172,143,29,70,243,3687,1326,5013,2361
2011-11-08,314,299,15,106,662,11551,9060,20611,2491
2011-11-09,208,195,13,70,393,13968,3990,17958,9978
2011-11-10,84,80,4,45,186,4001,1945,5946,2056
2011-11-11,306,297,9,78,689,16079,8486,24565,7593
2011-11-12,26,15,11,12,25,161,135,296,26
2011-11-13,45,43,2,14,88,3465,471,3936,2994
2011-11-14,134,128,6,72,339,3212,1859,5071,1353
2011-11-15,264,256,8,64,1184,39144,41364,80508,-2220
2011-11-16,218,210,8,91,542,25198,3643,28841,21555
2011-11-17,168,159,9,84,493,8433,7142,15575,1291
2011-11-18,95,87,8,37,406,2549,6199,8748,-3650
2011-11-19,19,12,7,10,17,87,73,160,14
2011-11-20,49,45,4,21,82,1125,716,1841,409
2011-11-21,171,158,13,61,360,5838,1937,7775,3901
2011-11-22,158,135,23,63,354,4932,1556,6488,3376
2011-11-23,121,98,23,55,323,2283,1710,3993,573
2011-11-24,233,223,10,68,550,17821,17575,35396,246
2011-11-25,77,75,2,30,173,3405,1387,4792,2018
2011-11-26,55,50,5,27,110,1109,1176,2285,-67
2011-11-27,259,251,8,69,701,9232,18429,27661,-9197
2011-11-28,210,193,17,65,683,8948,6366,15314,2582
2011-11-29,155,144,11,50,467,32887,2711,35598,30176
2011-11-30,151,149,2,56,357,11198,4850,16048,6348
2011-12-01,131,118,13,54,270,5098,2900,7998,2198
2011-12-02,216,201,15,55,453,5713,3919,9632,1794
2011-12-03,62,59,3,14,140,9681,4070,13751,5611
2011-12-04,27,25,2,8,51,269,232,501,37
2011-12-05,151,135,16,84,247,3281,1340,4621,1941
2011-12-06,277,247,30,98,560,8473,4999,13472,3474
2011-12-07,194,185,9,58,732,22905,8593,31498,14312
2011-12-08,304,286,18,81,861,15105,48060,63165,-32955
2011-12-09,157,147,10,71,272,3428,1428,4856,2000
2011-12-10,84,80,4,37,150,1483,1146,2629,337
2011-12-11,130,126,4,37,387,3807,2412,6219,1395
2011-12-12,234,226,8,66,465,8214,6021,14235,2193
2011-12-13,296,277,19,97,705,17015,7841,24856,9174
2011-12-14,152,147,5,55,370,9839,2993,12832,6846
2011-12-15,195,180,15,78,382,6803,5089,11892,1714
2011-12-16,190,154,36,76,371,11961,2772,14733,9189
2011-12-17,26,19,7,11,25,313,321,634,-8
2011-12-18,103,98,5,34,230,2983,2053,5036,930
2011-12-19,172,159,13,81,474,7455,4927,12382,2528
2011-12-20,264,235,29,74,655,15959,6732,22691,9227
2011-12-21,258,247,11,68,589,17024,7817,24841,9207
2011-12-22,174,159,15,43,460,4302,3225,7527,1077
2011-12-23,180,171,9,59,506,11256,6648,17904,4608
2011-12-24,34,30,4,11,64,376,545,921,-169
2011-12-25,21,14,7,10,38,885,88,973,797
2011-12-26,22,20,2,15,39,565,178,743,387
2011-12-27,185,158,27,49,306,5446,4647,10093,799
2011-12-28,61,53,8,21,91,1406,474,1880,932
2011-12-29,35,35,0,21,76,4027,618,4645,3409
2011-12-30,145,131,14,42,248,5538,3275,8813,2263
2011-12-31,157,156,1,10,523,3198,3340,6538,-142
2012-01-01,2,2,0,2,2,25,13,38,12
2012-01-02,77,73,4,28,189,1356,1201,2557,155
2012-01-03,149,137,12,64,254,4232,2007,6239,2225
2012-01-04,355,347,8,88,1298,12869,7658,20527,5211
2012-01-05,295,284,11,87,1087,26024,20319,46343,5705
2012-01-06,256,234,22,90,534,8583,4570,13153,4013
2012-01-07,60,41,19,24,144,1435,780,2215,655
2012-01-08,122,107,15,43,210,4310,1058,5368,3252
2012-01-09,284,247,37,70,718,8571,4830,13401,3741
2012-01-10,113,85,28,51,115,3892,1440,5332,2452
2012-01-11,270,253,17,92,505,11311,3589,14900,7722
2012-01-12,185,159,26,71,658,4770,2772,7542,1998
2012-01-13,165,157,8,83,331,5457,2535,7992,2922
2012-01-14,34,21,13,16,50,832,125,957,707
2012-01-15,25,14,11,9,22,275,629,904,-354
2012-01-16,175,162,13,67,307,4083,1874,5957,2209
2012-01-17,193,172,21,74,546,6903,2768,9671,4135
2012-01-18,116,96,20,53,167,2594,1115,3709,1479
2012-01-19,59,52,7,27,102,680,738,1418,-58
2012-01-20,179,176,3,50,315,6230,4126,10356,2104
2012-01-21,71,71,0,13,177,2455,3022,5477,-567
2012-01-22,32,31,1,20,64,412,834,1246,-422
2012-01-23,102,92,10,47,163,1276,662,1938,614
2012-01-24,289,279,10,106,756,8455,8223,16678,232
2012-01-25,139,129,10,50,256,6058,3010,9068,3048
2012-01-26,177,165,12,66,374,11104,3345,14449,7759
2012-01-27,180,166,14,73,381,4405,3400,7805,1005
2012-01-28,43,37,6,20,73,460,318,778,142
2012-01-29,32,24,8,13,56,1300,917,2217,383
2012-01-30,95,82,13,52,261,11570,4527,16097,7043
2012-01-31,140,130,10,44,415,3778,2141,5919,1637
2012-02-01,157,151,6,66,282,5098,1526,6624,3572
2012-02-02,149,139,10,78,292,3565,3040,6605,525
2012-02-03,158,150,8,68,318,4127,4094,8221,33
2012-02-04,67,55,12,32,154,2648,2438,5086,210
2012-02-05,26,26,0,8,29,126,163,289,-37
2012-02-06,222,213,9,60,561,9832,5433,15265,4399
2012-02-07,122,94,28,54,154,2946,1070,4016,1876
2012-02-08,120,115,5,61,355,6891,33254,40145,-26363
2012-02-09,332,317,15,87,644,23053,17612,40665,5441
2012-02-10,134,123,11,50,285,7686,17919,25605,-10233
2012-02-11,32,28,4,15,46,624,239,863,385
2012-02-12,5,4,1,4,9,73,39,112,34
2012-02-13,303,284,19,72,696,15023,5549,20572,9474
2012-02-14,230,218,12,84,419,6444,6762,13206,-318
2012-02-15,209,202,7,79,458,17919,2388,20307,15531
2012-02-16,132,128,4,49,393,6770,5242,12012,1528
2012-02-17,135,130,5,44,276,4696,2238,6934,2458
2012-02-18,51,42,9,17,73,677,461,1138,216
2012-02-19,155,154,1,45,399,8874,3277,12151,5597
2012-02-20,132,127,5,47,281,3273,2826,6099,447
2012-02-21,240,229,11,74,825,57238,55534,112772,1704
2012-02-22,199,187,12,76,477,7490,8184,15674,-694
2012-02-23,174,163,11,54,400,3331,3207,6538,124
2012-02-24,328,313,15,123,808,15967,5609,21576,10358
2012-02-25,75,69,6,23,141,1197,1387,2584,-190
2012-02-26,53,47,6,25,90,1049,271,1320,778
2012-02-27,237,213,24,84,517,5531,6815,12346,-1284
2012-02-28,197,179,18,65,289,6940,2246,9186,4694
2012-02-29,196,180,16,74,434,4741,3609,8350,1132
2012-03-01,125,114,11,56,244,4204,2492,6696,1712
2012-03-02,114,95,19,48,346,2846,1890,4736,956
2012-03-03,76,72,4,41,144,5387,718,6105,4669
2012-03-04,118,102,16,30,283,3342,4488,7830,-1146
2012-03-05,326,306,20,118,705,11813,5305,17118,6508
2012-03-06,366,348,18,118,767,19845,10556,30401,9289
2012-03-07,273,255,18,103,833,10626,6070,16696,4556
2012-03-08,365,353,12,116,852,14962,24049,39011,-9087
2012-03-09,147,129,18,53,329,8253,3819,12072,4434
2012-03-10,120,107,13,35,213,8327,4212,12539,4115
2012-03-11,109,106,3,40,282,4208,3380,7588,828
2012-03-12,237,229,8,68,519,8721,6168,14889,2553
2012-03-13,258,231,27,86,650,9958,5781,15739,4177
2012-03-14,148,129,19,64,372,13052,6769,19821,6283
2012-03-15,170,145,25,54,359,7619,6461,14080,1158
2012-03-16,180,163,17,70,426,23552,3136,26688,20416
2012-03-17,54,48,6,33,124,2430,1368,3798,1062
2012-03-18,33,24,9,16,39,353,179,532,174
2012-03-19,319,304,15,80,587,21515,10139,31654,11376
2012-03-20,293,266,27,94,567,10371,7707,18078,2664
2012-03-21,242,221,21,58,659,15584,6921,22505,8663
2012-03-22,337,311,26,97,596,9343,5588,14931,3755
2012-03-23,252,221,31,102,504,9320,4230,13550,5090
2012-03-24,124,104,20,31,237,3413,1898,5311,1515
2012-03-25,32,26,6,13,89,826,933,1759,-107
2012-03-26,295,290,5,109,714,25702,6199,31901,19503
2012-03-27,211,193,18,77,498,9031,5536,14567,3495
2012-03-28,271,231,40,90,2057,14675,10584,25259,4091
2012-03-29,140,114,26,67,249,2983,1438,4421,1545
2012-03-30,115,91,24,59,217,2304,9244,11548,-6940
2012-03-31,61,46,15,20,90,1903,1908,3811,-5
2012-04-01,190,188,2,39,371,9525,6216,15741,3309
2012-04-02,148,140,8,44,210,2032,1584,3616,448
2012-04-03,101,88,13,56,142,1505,1057,2562,448
2012-04-04,167,156,11,55,375,4750,5843,10593,-1093
2012-04-05,101,90,11,61,222,3698,2113,5811,1585
2012-04-06,108,103,5,52,207,1726,8224,9950,-6498
2012-04-07,83,71,12,14,110,2054,1898,3952,156
2012-04-08,81,79,2,23,214,4295,1576,5871,2719
2012-04-09,307,304,3,83,652,11302,6112,17414,5190
2012-04-10,307,298,9,110,597,10758,9774,20532,984
2012-04-11,166,161,5,84,346,6134,2539,8673,3595
2012-04-12,262,233,29,90,757,11211,6122,17333,5089
2012-04-13,217,204,13,77,399,8610,3830,12440,4780
2012-04-14,58,48,10,32,123,1957,411,2368,1546
2012-04-15,74,66,8,35,344,2807,2451,5258,356
2012-04-16,164,160,4,82,319,2699,2104,4803,595
2012-04-17,138,130,8,57,343,8360,2695,11055,5665
2012-04-18,282,270,12,110,622,11135,9819,20954,1316
2012-04-19,210,193,17,74,286,11710,11036,22746,674
2012-04-20,186,175,11,53,333,6905,3889,10794,3016
2012-04-21,99,94,5,36,276,1562,1462,3024,100
2012-04-22,62,56,6,24,182,10408,5418,15826,4990
2012-04-23,240,234,6,85,484,6768,4760,11528,2008
2012-04-24,216,207,9,96,468,9746,4284,14030,5462
2012-04-25,210,199,11,63,449,16989,8958,25947,8031
2012-04-26,162,148,14,72,307,5520,2477,7997,3043
2012-04-27,191,182,9,80,383,6590,3379,9969,3211
2012-04-28,32,17,15,8,27,521,350,871,171
2012-04-29,37,32,5,12,88,3706,509,4215,3197
2012-04-30,213,202,11,71,476,10783,7067,17850,3716
2012-05-01,174,169,5,69,404,17889,8805,26694,9084
2012-05-02,180,166,14,55,386,8696,2516,11212,6180
2012-05-03,269,265,4,67,499,6324,4997,11321,1327
2012-05-04,173,155,18,70,297,10879,3890,14769,6989
2012-05-05,107,100,7,34,290,3096,3819,6915,-723
2012-05-06,71,69,2,27,221,2554,2167,4721,387
2012-05-07,194,179,15,68,483,8675,9520,18195,-845
2012-05-08,368,348,20,105,998,20914,10995,31909,9919
2012-05-09,507,476,31,140,1011,25647,19104,44751,6543
2012-05-10,221,194,27,90,378,13018,4439,17457,8579
2012-05-11,291,258,33,109,676,14511,7289,21800,7222
2012-05-12,312,290,22,55,634,12068,17208,29276,-5140
2012-05-13,87,75,12,27,248,1903,1392,3295,511
2012-05-14,548,515,33,131,1453,32715,16223,48938,16492
2012-05-15,358,341,17,114,794,17507,10652,28159,6855
2012-05-16,362,344,18,100,896,15707,37506,53213,-21799
2012-05-17,272,259,13,82,672,23474,23013,46487,461
2012-05-18,159,146,13,59,333,9290,2805,12095,6485
2012-05-19,150,136,14,47,374,7541,5112,12653,2429
2012-05-20,280,280,0,64,715,27558,12833,40391,14725
2012-05-21,246,211,35,70,601,21953,5556,27509,16397
2012-05-22,309,267,42,90,527,18635,3869,22504,14766
2012-05-23,109,74,35,45,201,3748,1241,4989,2507
2012-05-24,167,140,27,47,424,12159,4629,16788,7530
2012-05-25,95,85,10,43,199,4104,2245,6349,1859
2012-05-26,33,21,12,11,77,854,2949,3803,-2095
2012-05-27,19,18,1,6,34,551,85,636,466
2012-05-28,94,86,8,22,256,2871,2394,5265,477
2012-05-29,236,231,5,91,371,5413,3119,8532,2294
2012-05-30,202,177,25,71,366,6442,3040,9482,3402
2012-05-31,145,132,13,51,233,3205,1325,4530,1880
2012-06-01,294,276,18,83,682,14370,5121,19491,9249
2012-06-02,24,20,4,15,59,1384,427,1811,957
2012-06-03,88,87,1,23,130,2094,1301,3395,793
2012-06-04,165,153,12,63,276,3453,2122,5575,1331
2012-06-05,505,494,11,89,992,21490,12798,34288,8692
2012-06-06,237,221,16,91,672,7872,7426,15298,446
2012-06-07,161,154,7,70,287,3932,2340,6272,1592
2012-06-08,95,80,15,50,162,4127,914,5041,3213
2012-06-09,39,39,0,19,74,339,364,703,-25
2012-06-10,25,24,1,9,63,319,380,699,-61
2012-06-11,220,209,11,82,497,12282,7844,20126,4438
2012-06-12,229,221,8,103,625,14465,6370,20835,8095
2012-06-13,251,229,22,83,431,5176,3106,8282,2070
2012-06-14,172,165,7,60,312,3348,3135,6483,213
2012-06-15,117,106,11,50,193,3116,1807,4923,1309
2012-06-16,64,51,13,21,117,1670,483,2153,1187
2012-06-17,69,62,7,34,99,1570,638,2208,932
2012-06-18,194,179,15,81,314,8521,1090,9611,7431
2012-06-19,163,156,7,55,642,106940,3271,110211,103669
2012-06-20,320,301,19,114,767,14150,8883,23033,5267
2012-06-21,124,113,11,57,213,2368,2597,4965,-229
2012-06-22,100,88,12,47,189,5455,1258,6713,4197
2012-06-23,115,109,6,34,163,16462,4544,21006,11918
2012-06-24,30,21,9,18,81,943,765,1708,178
2012-06-25,234,221,13,79,415,8865,6155,15020,2710
2012-06-26,129,120,9,47,168,2133,1629,3762,504
2012-06-27,200,191,9,79,402,10178,5631,15809,4547
2012-06-28,177,158,19,58,359,5235,5851,11086,-616
2012-06-29,175,160,15,59,409,6492,3530,10022,2962
2012-06-30,91,70,21,22,100,2456,741,3197,1715
2012-07-01,143,142,1,27,430,7685,6331,14016,1354
2012-07-02,154,148,6,62,408,4643,3040,7683,1603
2012-07-03,185,168,17,68,344,4863,1689,6552,3174
2012-07-04,90,80,10,50,134,2306,727,3033,1579
2012-07-05,206,181,25,68,332,5169,2463,7632,2706
2012-07-06,443,408,35,111,673,13712,9056,22768,4656
2012-07-07,37,32,5,20,72,2051,380,2431,1671
2012-07-08,132,128,4,49,203,2475,4782,7257,-2307
2012-07-09,380,365,15,124,695,11793,5739,17532,6054
2012-07-10,213,191,22,79,446,6667,15031,21698,-8364
2012-07-11,317,277,40,106,703,22633,10525,33158,12108
2012-07-12,223,201,22,76,448,9555,2743,12298,6812
2012-07-13,189,174,15,52,299,4116,3754,7870,362
2012-07-14,139,129,10,36,439,4889,2813,7702,2076
2012-07-15,80,77,3,20,148,3757,2188,5945,1569
2012-07-16,143,133,10,47,376,8263,4230,12493,4033
2012-07-17,452,425,27,131,1047,22215,15771,37986,6444
2012-07-18,163,136,27,63,263,10080,2187,12267,7893
2012-07-19,280,263,17,69,489,8598,3759,12357,4839
2012-07-20,338,323,15,107,1683,18163,22060,40223,-3897
2012-07-21,74,67,7,25,120,1317,2385,3702,-1068
2012-07-22,198,176,22,43,300,3046,2291,5337,755
2012-07-23,235,217,18,82,400,7961,3791,11752,4170
2012-07-24,240,208,32,62,506,14807,3688,18495,11119
2012-07-25,160,139,21,77,356,10635,2397,13032,8238
2012-07-26,166,141,25,71,310,5443,2685,8128,2758
2012-07-27,187,171,16,54,361,4473,3335,7808,1138
2012-07-28,37,34,3,13,59,1076,387,1463,689
2012-07-29,50,49,1,16,86,2731,953,3684,1778
2012-07-30,285,253,32,66,541,9872,9988,19860,-116
2012-07-31,378,363,15,133,723,15155,4106,19261,11049
2012-08-01,245,221,24,63,599,12481,5211,17692,7270
2012-08-02,57,46,11,34,82,584,2306,2890,-1722
2012-08-03,132,117,15,49,176,2288,1241,3529,1047
2012-08-04,163,160,3,30,373,8839,6941,15780,1898
2012-08-05,13,8,5,11,13,61,31,92,30
2012-08-06,188,183,5,55,310,7062,1668,8730,5394
2012-08-07,68,66,2,48,81,698,269,967,429
2012-08-08,96,88,8,45,165,1766,1059,2825,707
2012-08-09,150,145,5,50,259,4745,2471,7216,2274
2012-08-10,180,175,5,73,271,3029,1932,4961,1097
2012-08-11,48,47,1,18,90,3155,851,4006,2304
2012-08-12,46,40,6,24,73,3378,10635,14013,-7257
2012-08-13,184,172,12,67,389,5383,3956,9339,1427
2012-08-14,163,160,3,63,1178,6215,3790,10005,2425
2012-08-15,214,204,10,69,1352,9599,7930,17529,1669
2012-08-16,244,231,13,89,392,6593,6933,13526,-340
2012-08-17,226,213,13,87,332,5094,7114,12208,-2020
2012-08-18,25,21,4,13,22,74,85,159,-11
2012-08-19,33,32,1,13,64,946,1446,2392,-500
2012-08-20,175,156,19,70,389,5725,2620,8345,3105
2012-08-21,149,134,15,64,292,3306,1867,5173,1439
2012-08-22,206,192,14,72,325,8945,2489,11434,6456
2012-08-23,241,231,10,94,459,10078,4360,14438,5718
2012-08-24,139,117,22,58,233,4159,3324,7483,835
2012-08-25,44,38,6,15,69,509,879,1388,-370
2012-08-26,12,5,7,7,47,1004,5263,6267,-4259
2012-08-27,78,71,7,33,150,2080,1687,3767,393
2012-08-28,126,121,5,40,184,3240,1448,4688,1792
2012-08-29,27,23,4,15,38,1997,490,2487,1507
2012-08-30,105,102,3,44,288,5982,2559,8541,3423
2012-08-31,100,97,3,51,190,47695,4584,52279,43111
2012-09-01,46,42,4,22,121,2003,687,2690,1316
2012-09-02,16,11,5,12,11,88,26,114,62
2012-09-03,134,129,5,47,291,7413,2555,9968,4858
2012-09-04,311,301,10,93,505,7859,5850,13709,2009
2012-09-05,315,290,25,135,524,9436,2881,12317,6555
2012-09-06,426,411,15,101,735,34953,24050,59003,10903
2012-09-07,206,192,14,83,409,5762,3052,8814,2710
2012-09-08,105,101,4,27,240,16778,2744,19522,14034
2012-09-09,65,64,1,24,173,2788,1879,4667,909
2012-09-10,311,301,10,83,795,22466,6108,28574,16358
2012-09-11,309,295,14,79,536,12307,8144,20451,4163
2012-09-12,237,227,10,73,473,7749,5106,12855,2643
2012-09-13,292,259,33,105,786,16751,6318,23069,10433
2012-09-14,292,278,14,86,958,10141,9523,19664,618
2012-09-15,122,108,14,40,230,5393,1025,6418,4368
2012-09-16,18,7,11,8,14,60,79,139,-19
2012-09-17,346,293,53,103,605,30057,6648,36705,23409
2012-09-18,254,247,7,81,621,22206,6575,28781,15631
2012-09-19,230,211,19,96,584,7397,4317,11714,3080
2012-09-20,271,257,14,65,681,11252,3720,14972,7532
2012-09-21,348,317,31,102,713,27278,6304,33582,20974
2012-09-22,194,163,31,62,327,8243,3041,11284,5202
2012-09-23,179,169,10,45,285,6568,2056,8624,4512
2012-09-24,453,429,24,138,885,20358,11968,32326,8390
2012-09-25,193,174,19,70,463,6928,3550,10478,3378
2012-09-26,387,377,10,94,879,18020,8554,26574,9466
2012-09-27,353,333,20,109,716,11966,6733,18699,5233
2012-09-28,227,206,21,74,534,11191,19667,30858,-8476
2012-09-29,156,141,15,49,249,3469,3286,6755,183
2012-09-30,24,22,2,11,35,554,311,865,243
2012-10-01,461,400,61,96,887,22172,7802,29974,14370
2012-10-02,189,163,26,51,1034,4765,3270,8035,1495
2012-10-03,237,209,28,64,1440,58294,39170,97464,19124
2012-10-04,132,118,14,55,279,4762,3710,8472,1052
2012-10-05,338,328,10,116,757,12946,4916,17862,8030
2012-10-06,121,115,6,39,281,7258,2259,9517,4999
2012-10-07,127,106,21,40,236,4595,1279,5874,3316
2012-10-08,146,138,8,59,255,8359,1212,9571,7147
2012-10-09,354,328,26,112,1610,26383,22301,48684,4082
2012-10-10,135,110,25,57,332,5386,2408,7794,2978
2012-10-11,127,113,14,58,224,3165,4261,7426,-1096
2012-10-12,97,78,19,27,176,2708,2415,5123,293
2012-10-13,58,28,30,8,753,36955,31899,68854,5056
2012-10-14,30,26,4,9,108,250,817,1067,-567
2012-10-15,243,234,9,73,1026,6771,4820,11591,1951
2012-10-16,128,120,8,58,305,5412,4072,9484,1340
2012-10-17,228,201,27,82,576,8143,4622,12765,3521
2012-10-18,130,115,15,63,509,7766,2999,10765,4767
2012-10-19,210,191,19,71,359,4378,4263,8641,115
2012-10-20,29,23,6,16,39,450,343,793,107
2012-10-21,23,17,6,11,91,2916,2227,5143,689
2012-10-22,327,320,7,104,626,8025,7772,15797,253
2012-10-23,155,145,10,77,244,3145,1375,4520,1770
2012-10-24,377,357,20,122,794,16218,6213,22431,10005
2012-10-25,256,233,23,108,351,3580,2889,6469,691
2012-10-26,276,245,31,76,490,4855,40725,45580,-35870
2012-10-27,68,68,0,24,173,910,750,1660,160
2012-10-28,102,94,8,36,154,2039,944,2983,1095
2012-10-29,225,214,11,65,517,8976,4702,13678,4274
2012-10-30,317,306,11,95,618,12957,10094,23051,2863
2012-10-31,199,187,12,84,520,9177,10280,19457,-1103
2012-11-01,276,273,3,73,519,9205,5552,14757,3653
2012-11-02,133,121,12,44,190,2327,1722,4049,605
2012-11-03,96,91,5,39,168,2333,2018,4351,315
2012-11-04,83,83,0,20,123,771,529,1300,242
2012-11-05,189,176,13,54,462,8392,3685,12077,4707
2012-11-06,158,140,18,52,344,4419,10878,15297,-6459
2012-11-07,200,188,12,86,426,8522,6104,14626,2418
2012-11-08,522,518,4,66,1223,17848,14032,31880,3816
2012-11-09,251,226,25,92,430,9988,4250,14238,5738
2012-11-10,62,56,6,23,134,1942,1067,3009,875
2012-11-11,155,153,2,27,288,5008,2623,7631,2385
2012-11-12,117,92,25,46,171,4048,1155,5203,2893
2012-11-13,356,335,21,102,657,20660,22642,43302,-1982
2012-11-14,330,313,17,117,817,29537,8673,38210,20864
2012-11-15,410,381,29,114,739,14083,7270,21353,6813
2012-11-16,345,312,33,130,762,22362,5251,27613,17111
2012-11-17,108,89,19,35,177,1629,1135,2764,494
2012-11-18,58,51,7,32,115,4075,605,4680,3470
2012-11-19,241,223,18,75,745,10556,8218,18774,2338
2012-11-20,338,310,28,93,883,22336,8232,30568,14104
2012-11-21,633,558,75,149,1839,15197,10782,25979,4415
2012-11-22,182,168,14,73,415,4273,2318,6591,1955
2012-11-23,132,117,15,64,186,3424,1369,4793,2055
2012-11-24,63,57,6,19,529,2506,1227,3733,1279
2012-11-25,56,53,3,25,90,2676,827,3503,1849
2012-11-26,227,199,28,90,422,5315,3153,8468,2162
2012-11-27,362,345,17,90,681,30438,10093,40531,20345
2012-11-28,487,474,13,112,2199,32251,17463,49714,14788
2012-11-29,212,191,21,54,503,3493,4164,7657,-671
2012-11-30,269,240,29,99,520,12062,5026,17088,7036
2012-12-01,67,50,17,25,110,31856,1272,33128,30584
2012-12-02,102,49,53,25,61,1017,575,1592,442
2012-12-03,273,263,10,78,512,3926,3389,7315,537
2012-12-04,104,94,10,51,161,3080,1189,4269,1891
2012-12-05,186,185,1,63,362,5456,3550,9006,1906
2012-12-06,229,220,9,96,423,5662,4795,10457,867
2012-12-07,145,132,13,62,620,5696,4768,10464,928
2012-12-08,26,17,9,13,27,199,157,356,42
2012-12-09,140,85,55,24,351,3226,2773,5999,453
2012-12-10,207,175,32,62,389,8813,3063,11876,5750
2012-12-11,277,244,33,75,557,20299,3435,23734,16864
2012-12-12,223,186,37,64,413,8961,3651,12612,5310
2012-12-13,208,183,25,85,443,9110,5882,14992,3228
2012-12-14,142,124,18,53,354,13485,2733,16218,10752
2012-12-15,43,27,16,14,54,478,302,780,176
2012-12-16,29,23,6,24,36,159,60,219,99
2012-12-17,144,130,14,55,265,3471,2611,6082,860
2012-12-18,326,301,25,105,495,7811,2256,10067,5555
2012-12-19,175,164,11,70,516,7555,3386,10941,4169
2012-12-20,165,140,25,43,288,4605,1550,6155,3055
2012-12-21,187,179,8,64,335,16682,3868,20550,12814
2012-12-22,50,45,5,9,132,1085,1132,2217,-47
2012-12-23,34,33,1,12,65,895,1099,1994,-204
2012-12-24,65,64,1,23,622,2222,2111,4333,111
2012-12-25,15,15,0,11,20,269,81,350,188
2012-12-26,48,48,0,30,64,699,202,901,497
2012-12-27,106,102,4,43,146,1537,766,2303,771
2012-12-28,54,52,2,22,90,1243,770,2013,473
2012-12-29,4,4,0,2,6,11,9,20,2
2012-12-30,21,15,6,8,22,134,135,269,-1
2012-12-31,2,1,1,2,1,0,1,1,-1
2013-01-01,8,8,0,6,8,33,83,116,-50
2013-01-02,102,101,1,39,278,17705,3385,21090,14320
2013-01-03,248,237,11,66,1595,8318,9693,18011,-1375
2013-01-04,144,130,14,53,252,8658,1883,10541,6775
2013-01-05,89,87,2,25,166,3465,3877,7342,-412
2013-01-06,120,117,3,43,197,2066,1184,3250,882
2013-01-07,464,447,17,114,994,16214,17186,33400,-972
2013-01-08,142,126,16,61,237,3699,2209,5908,1490
2013-01-09,184,175,9,54,396,16356,3789,20145,12567
2013-01-10,290,270,20,95,656,8567,5350,13917,3217
2013-01-11,229,221,8,80,416,7481,5524,13005,1957
2013-01-12,241,237,4,55,608,9971,15178,25149,-5207
2013-01-13,42,37,5,23,67,1265,378,1643,887
2013-01-14,149,131,18,62,304,2478,1463,3941,1015
2013-01-15,135,121,14,46,219,9927,5673,15600,4254
2013-01-16,268,255,13,108,731,7103,7018,14121,85
2013-01-17,290,279,11,104,477,8715,7834,16549,881
2013-01-18,255,240,15,90,465,15250,5328,20578,9922
2013-01-19,80,77,3,35,237,3103,1422,4525,1681
2013-01-20,100,98,2,24,209,1944,1607,3551,337
2013-01-21,267,253,14,73,457,5859,3046,8905,2813
2013-01-22,276,248,28,88,533,7226,28255,35481,-21029
2013-01-23,213,197,16,81,448,14691,2907,17598,11784
2013-01-24,334,308,26,109,621,10313,5276,15589,5037
2013-01-25,336,320,16,84,950,39041,36070,75111,2971
2013-01-26,111,106,5,33,266,4040,4051,8091,-11
2013-01-27,90,83,7,41,222,2976,862,3838,2114
2013-01-28,325,296,29,108,588,13471,10854,24325,2617
2013-01-29,262,225,37,113,460,7985,5515,13500,2470
2013-01-30,276,254,22,100,442,9395,3055,12450,6340
2013-01-31,260,246,14,94,589,13002,5828,18830,7174
2013-02-01,213,199,14,83,1294,37721,23103,60824,14618
2013-02-02,67,62,5,25,107,1724,708,2432,1016
2013-02-03,161,155,6,26,497,3599,5140,8739,-1541
2013-02-04,269,255,14,102,529,8389,5247,13636,3142
2013-02-05,376,337,39,127,616,16931,5029,21960,11902
2013-02-06,287,267,20,97,588,12535,6442,18977,6093
2013-02-07,84,83,1,41,158,5211,1180,6391,4031
2013-02-08,335,303,32,117,560,11694,5882,17576,5812
2013-02-09,60,59,1,23,145,2663,1099,3762,1564
2013-02-10,78,63,15,39,144,5300,2146,7446,3154
2013-02-11,291,224,67,94,574,22161,3276,25437,18885
2013-02-12,155,126,29,66,254,7144,4760,11904,2384
2013-02-13,339,324,15,107,609,8621,4111,12732,4510
2013-02-14,254,236,18,71,519,9422,4600,14022,4822
2013-02-15,298,277,21,87,799,21987,4935,26922,17052
2013-02-16,72,68,4,32,157,2521,2186,4707,335
2013-02-17,60,59,1,19,101,2576,588,3164,1988
2013-02-18,134,121,13,53,322,4374,2713,7087,1661
2013-02-19,162,127,35,76,247,6955,1436,8391,5519
2013-02-20,352,299,53,86,787,14933,5732,20665,9201
2013-02-21,88,59,29,36,130,1512,1129,2641,383
2013-02-22,299,287,12,114,502,15136,3510,18646,11626
2013-02-23,44,38,6,17,363,1055,1109,2164,-54
2013-02-24,295,288,7,90,553,10306,3148,13454,7158
2013-02-25,109,96,13,43,188,2820,1348,4168,1472
2013-02-26,103,78,25,41,207,1653,1222,2875,431
2013-02-27,78,64,14,40,87,833,365,1198,468
2013-02-28,292,281,11,91,695,7574,4646,12220,2928
2013-03-01,138,123,15,63,226,10271,1915,12186,8356
2013-03-02,111,104,7,27,314,27425,965,28390,26460
2013-03-03,54,35,19,22,49,1710,191,1901,1519
2013-03-04,298,294,4,93,651,6901,5375,12276,1526
2013-03-05,229,217,12,65,516,6667,8864,15531,-2197
2013-03-06,259,244,15,79,579,7993,3903,11896,4090
2013-03-07,302,279,23,120,500,16857,10234,27091,6623
2013-03-08,115,104,11,57,223,2591,1671,4262,920
2013-03-09,48,43,5,21,129,995,499,1494,496
2013-03-10,43,42,1,22,70,1976,539,2515,1437
2013-03-11,280,268,12,97,648,12225,9010,21235,3215
2013-03-12,293,279,14,108,601,21893,6896,28789,14997
2013-03-13,188,176,12,77,319,6193,2359,8552,3834
2013-03-14,111,104,7,57,328,4602,18433,23035,-13831
2013-03-15,514,494,20,99,1029,20854,12098,32952,8756
2013-03-16,17,10,7,10,28,1544,1213,2757,331
2013-03-17,127,124,3,33,216,1351,2949,4300,-1598
2013-03-18,598,576,22,122,967,13522,7819,21341,5703
2013-03-19,185,174,11,74,301,30455,30660,61115,-205
2013-03-20,235,223,12,89,396,7990,2099,10089,5891
2013-03-21,298,275,23,84,473,14443,6397,20840,8046
2013-03-22,194,178,16,100,314,3381,2683,6064,698
2013-03-23,134,127,7,33,356,19341,1896,21237,17445
2013-03-24,118,113,5,37,476,5024,6415,11439,-1391
2013-03-25,483,463,20,112,1107,19243,21160,40403,-1917
2013-03-26,275,251,24,85,517,9638,5774,15412,3864
2013-03-27,260,243,17,101,393,3975,5003,8978,-1028
2013-03-28,190,167,23,66,381,7166,3571,10737,3595
2013-03-29,160,153,7,67,315,12527,1996,14523,10531
2013-03-30,72,69,3,28,122,2151,2177,4328,-26
2013-03-31,83,77,6,33,187,3481,1613,5094,1868
2013-04-01,310,285,25,77,617,26912,5747,32659,21165
2013-04-02,272,257,15,102,495,6557,4570,11127,1987
2013-04-03,400,371,29,126,713,18545,8518,27063,10027
2013-04-04,323,312,11,92,613,20695,4256,24951,16439
2013-04-05,293,284,9,89,474,6908,10828,17736,-3920
2013-04-06,23,21,2,17,31,96,98,194,-2
2013-04-07,103,98,5,41,154,4112,1304,5416,2808
2013-04-08,590,547,43,172,1220,19939,9678,29617,10261
2013-04-09,476,417,59,98,963,24062,24878,48940,-816
2013-04-10,172,155,17,90,337,6241,2483,8724,3758
2013-04-11,353,333,20,92,555,13330,3999,17329,9331
2013-04-12,222,169,53,91,357,15178,3184,18362,11994
2013-04-13,48,45,3,19,75,1048,568,1616,480
2013-04-14,105,97,8,25,193,3206,3329,6535,-123
2013-04-15,222,201,21,94,407,8990,4627,13617,4363
2013-04-16,192,180,12,83,434,5510,5994,11504,-484
2013-04-17,278,259,19,106,574,13806,9119,22925,4687
2013-04-18,248,225,23,101,475,6268,3609,9877,2659
2013-04-19,198,172,26,63,637,14181,12618,26799,1563
2013-04-20,13,10,3,10,20,582,32,614,550
2013-04-21,68,58,10,23,121,4124,1657,5781,2467
2013-04-22,207,197,10,73,413,13370,4572,17942,8798
2013-04-23,247,234,13,70,416,8023,3373,11396,4650
2013-04-24,170,154,16,63,248,4785,678,5463,4107
2013-04-25,246,233,13,85,420,18353,3227,21580,15126
2013-04-26,209,199,10,73,526,13528,3119,16647,10409
2013-04-27,70,52,18,23,150,7177,3121,10298,4056
2013-04-28,106,69,37,22,132,1042,901,1943,141
2013-04-29,379,350,29,132,645,13159,12601,25760,558
2013-04-30,465,414,51,107,577,6553,4582,11135,1971
2013-05-01,241,224,17,86,592,7852,4358,12210,3494
2013-05-02,465,441,24,70,771,12117,6602,18719,5515
2013-05-03,60,45,15,38,66,458,361,819,97
2013-05-04,37,30,7,16,47,382,242,624,140
2013-05-05,62,52,10,25,118,1544,1440,2984,104
2013-05-06,205,192,13,54,369,6182,2674,8856,3508
2013-05-07,163,139,24,56,317,6064,2260,8324,3804
2013-05-08,182,173,9,69,335,9916,2815,12731,7101
2013-05-09,137,111,26,52,237,5369,1275,6644,4094
2013-05-10,136,117,19,43,228,8891,1764,10655,7127
2013-05-11,32,26,6,18,49,574,343,917,231
2013-05-12,127,124,3,47,216,4439,1827,6266,2612
2013-05-13,174,166,8,64,408,2907,2955,5862,-48
2013-05-14,133,123,10,59,629,261689,1510,263199,260179
2013-05-15,146,136,10,58,244,2986,2679,5665,307
2013-05-16,289,278,11,77,395,6366,4423,10789,1943
2013-05-17,177,172,5,86,351,10014,2856,12870,7158
2013-05-18,70,63,7,17,104,366,568,934,-202
2013-05-19,26,25,1,18,45,423,219,642,204
2013-05-20,188,178,10,78,316,8200,3512,11712,4688
2013-05-21,234,220,14,101,433,4173,2930,7103,1243
2013-05-22,195,183,12,75,327,4619,3449,8068,1170
2013-05-23,166,153,13,53,277,2679,2020,4699,659
2013-05-24,189,172,17,80,302,3543,2554,6097,989
2013-05-25,45,39,6,22,66,1504,443,1947,1061
2013-05-26,54,47,7,24,139,1970,936,2906,1034
2013-05-27,155,149,6,39,279,2915,1836,4751,1079
2013-05-28,359,334,25,129,802,11152,6315,17467,4837
2013-05-29,206,192,14,94,519,22491,3317,25808,19174
2013-05-30,299,288,11,65,461,6046,11856,17902,-5810
2013-05-31,221,210,11,85,380,5056,2727,7783,2329
2013-06-01,86,63,23,37,121,2898,856,3754,2042
2013-06-02,7,5,2,5,5,14,15,29,-1
2013-06-03,300,289,11,137,703,19225,8522,27747,10703
2013-06-04,287,279,8,79,499,15571,6018,21589,9553
2013-06-05,271,255,16,106,374,6264,6775,13039,-511
2013-06-06,207,199,8,75,335,5245,5998,11243,-753
2013-06-07,163,146,17,55,222,6478,3698,10176,2780
2013-06-08,123,108,15,44,203,11487,1320,12807,10167
2013-06-09,91,84,7,38,132,5034,4825,9859,209
2013-06-10,228,206,22,64,418,8386,5290,13676,3096
2013-06-11,200,177,23,86,391,5154,3645,8799,1509
2013-06-12,370,345,25,133,628,35785,3764,39549,32021
2013-06-13,269,248,21,95,461,6329,3207,9536,3122
2013-06-14,223,198,25,71,368,5875,2832,8707,3043
2013-06-15,74,50,24,22,172,2177,6938,9115,-4761
2013-06-16,70,69,1,26,111,6055,2240,8295,3815
2013-06-17,698,643,55,166,1346,36581,19395,55976,17186
2013-06-18,320,305,15,118,666,11246,6928,18174,4318
2013-06-19,243,220,23,116,403,7367,3390,10757,3977
2013-06-20,313,270,43,112,541,10418,3325,13743,7093
2013-06-21,216,191,25,52,417,10017,5472,15489,4545
2013-06-22,92,85,7,25,177,2238,1435,3673,803
2013-06-23,25,25,0,9,51,1104,971,2075,133
2013-06-24,351,332,19,132,614,14938,4848,19786,10090
2013-06-25,236,216,20,101,386,17999,2211,20210,15788
2013-06-26,261,223,38,86,452,10164,2866,13030,7298
2013-06-27,378,357,21,96,881,59552,7989,67541,51563
2013-06-28,226,192,34,79,431,5184,3889,9073,1295
2013-06-29,178,163,15,31,366,3544,4202,7746,-658
2013-06-30,41,27,14,20,47,1152,215,1367,937
2013-07-01,355,333,22,108,781,18181,9885,28066,8296
2013-07-02,157,111,46,63,187,2637,1957,4594,680
2013-07-03,568,536,32,125,920,8623,6500,15123,2123
2013-07-04,130,102,28,55,169,2340,4460,6800,-2120
2013-07-05,165,158,7,53,365,18922,16899,35821,2023
2013-07-06,14,9,5,8,13,23,26,49,-3
2013-07-07,31,29,2,14,57,714,575,1289,139
2013-07-08,142,135,7,54,337,19465,1430,20895,18035
2013-07-09,214,201,13,82,450,5928,2661,8589,3267
2013-07-10,100,74,26,40,141,2204,725,2929,1479
2013-07-11,122,101,21,49,215,3297,1422,4719,1875
2013-07-12,123,117,6,40,205,5061,2838,7899,2223
2013-07-13,24,9,15,9,18,82,82,164,0
2013-07-14,84,78,6,16,430,3083,3694,6777,-611
2013-07-15,192,177,15,64,282,3111,2116,5227,995
2013-07-16,144,141,3,63,266,4071,1412,5483,2659
2013-07-17,138,135,3,51,368,2135,92991,95126,-90856
2013-07-18,84,74,10,42,127,2076,669,2745,1407
2013-07-19,127,111,16,48,163,2616,1637,4253,979
2013-07-20,43,38,5,30,48,1367,242,1609,1125
2013-07-21,25,20,5,17,35,434,89,523,345
2013-07-22,195,187,8,81,281,4039,12352,16391,-8313
2013-07-23,419,392,27,113,1115,10593,12788,23381,-2195
2013-07-24,276,268,8,92,473,15950,13635,29585,2315
2013-07-25,300,293,7,108,610,10492,26402,36894,-15910
2013-07-26,235,219,16,110,344,5893,4397,10290,1496
2013-07-27,22,19,3,12,40,434,376,810,58
2013-07-28,48,46,2,26,92,2914,369,3283,2545
2013-07-29,306,290,16,87,489,18110,13120,31230,4990
2013-07-30,233,227,6,86,457,4198,2189,6387,2009
2013-07-31,245,229,16,112,451,6210,3025,9235,3185
2013-08-01,258,244,14,90,478,21313,5905,27218,15408
2013-08-02,128,112,16,52,464,3256,3790,7046,-534
2013-08-03,138,133,5,34,402,6109,5037,11146,1072
2013-08-04,69,55,14,18,126,784,693,1477,91
2013-08-05,308,301,7,102,457,5665,3252,8917,2413
2013-08-06,224,214,10,59,546,7064,5533,12597,1531
2013-08-07,261,252,9,98,467,7377,3191,10568,4186
2013-08-08,96,84,12,35,148,2149,1117,3266,1032
2013-08-09,257,241,16,91,609,10172,5000,15172,5172
2013-08-10,54,46,8,23,120,1124,547,1671,577
2013-08-11,18,11,7,7,13,67,84,151,-17
2013-08-12,350,337,13,112,963,25262,32330,57592,-7068
2013-08-13,249,238,11,96,505,14508,4954,19462,9554
2013-08-14,366,341,25,120,670,13353,4819,18172,8534
2013-08-15,175,152,23,67,259,3926,3722,7648,204
2013-08-16,160,142,18,72,260,3479,1480,4959,1999
2013-08-17,34,33,1,12,64,2265,469,2734,1796
2013-08-18,117,115,2,43,203,8777,1744,10521,7033
2013-08-19,200,185,15,70,370,3665,3010,6675,655
2013-08-20,280,268,12,98,414,10052,3716,13768,6336
2013-08-21,316,297,19,88,587,14904,7296,22200,7608
2013-08-22,516,426,90,116,864,124684,9834,134518,114850
2013-08-23,225,210,15,95,417,12374,5693,18067,6681
2013-08-24,83,81,2,29,191,17086,838,17924,16248
2013-08-25,103,98,5,40,244,1910,2134,4044,-224
2013-08-26,224,204,20,90,425,10518,2608,13126,7910
2013-08-27,288,273,15,115,559,10611,4245,14856,6366
2013-08-28,242,223,19,105,417,8153,2853,11006,5300
2013-08-29,245,210,35,95,530,11614,12141,23755,-527
2013-08-30,439,416,23,99,859,28282,11607,39889,16675
2013-08-31,39,29,10,16,61,931,194,1125,737
2013-09-01,226,162,64,40,342,6201,3497,9698,2704
2013-09-02,118,109,9,55,173,4208,1487,5695,2721
2013-09-03,296,273,23,100,663,30458,5081,35539,25377
2013-09-04,318,279,39,104,535,9665,2889,12554,6776
2013-09-05,176,150,26,82,267,3827,2073,5900,1754
2013-09-06,130,109,21,51,210,5422,1785,7207,3637
2013-09-07,65,55,10,12,103,2144,1004,3148,1140
2013-09-08,34,29,5,13,91,1544,601,2145,943
2013-09-09,97,76,21,40,130,2119,780,2899,1339
2013-09-10,162,146,16,58,313,6325,3413,9738,2912
2013-09-11,445,421,24,136,737,41468,4003,45471,37465
2013-09-12,127,100,27,45,215,3617,2573,6190,1044
2013-09-13,88,80,8,39,201,3409,925,4334,2484
2013-09-14,33,32,1,11,65,1017,387,1404,630
2013-09-15,24,18,6,9,55,1920,188,2108,1732
2013-09-16,225,217,8,52,360,4353,4120,8473,233
2013-09-17,269,261,8,102,680,4232,17126,21358,-12894
2013-09-18,104,90,14,58,128,1009,543,1552,466
2013-09-19,120,109,11,50,178,3893,696,4589,3197
2013-09-20,157,147,10,55,240,4114,1442,5556,2672
2013-09-21,143,139,4,34,198,2381,1894,4275,487
2013-09-22,16,12,4,12,14,44,41,85,3
2013-09-23,223,213,10,68,360,4383,2718,7101,1665
2013-09-24,207,200,7,74,369,9860,5255,15115,4605
2013-09-25,330,318,12,99,595,9356,6128,15484,3228
2013-09-26,618,602,16,149,1145,22651,11123,33774,11528
2013-09-27,160,132,28,70,255,5654,1558,7212,4096
2013-09-28,71,61,10,32,159,3106,755,3861,2351
2013-09-29,48,39,9,13,62,294,545,839,-251
2013-09-30,332,304,28,112,563,8201,4247,12448,3954
2013-10-01,335,322,13,99,556,6639,4572,11211,2067
2013-10-02,172,160,12,72,340,4350,1754,6104,2596
2013-10-03,269,250,19,89,416,6924,3014,9938,3910
2013-10-04,109,99,10,42,192,9684,3340,13024,6344
2013-10-05,25,17,8,8,24,412,181,593,231
2013-10-06,105,101,4,29,142,2181,1766,3947,415
2013-10-07,211,180,31,80,295,9220,5732,14952,3488
2013-10-08,212,198,14,90,341,7385,1153,8538,6232
2013-10-09,377,364,13,90,965,13331,9672,23003,3659
2013-10-10,266,251,15,77,573,17778,3083,20861,14695
2013-10-11,433,416,17,126,847,30287,12044,42331,18243
2013-10-12,74,66,8,22,164,6851,1841,8692,5010
2013-10-13,89,84,5,23,141,1660,1148,2808,512
2013-10-14,248,232,16,87,614,20405,7673,28078,12732
2013-10-15,276,265,11,64,423,2923,3164,6087,-241
2013-10-16,339,332,7,104,588,8026,3827,11853,4199
2013-10-17,324,291,33,109,681,11811,5737,17548,6074
2013-10-18,292,257,35,92,462,8221,6612,14833,1609
2013-10-19,195,181,14,44,377,6586,3142,9728,3444
2013-10-20,88,85,3,38,117,3269,1038,4307,2231
2013-10-21,186,179,7,56,352,3177,2454,5631,723
2013-10-22,129,115,14,55,202,3228,861,4089,2367
2013-10-23,219,204,15,70,577,8668,4689,13357,3979
2013-10-24,241,157,84,59,346,5638,3252,8890,2386
2013-10-25,339,293,46,89,756,14550,5311,19861,9239
2013-10-26,18,14,4,12,26,183,115,298,68
2013-10-27,127,119,8,48,267,6103,17918,24021,-11815
2013-10-28,255,207,48,82,403,9444,2018,11462,7426
2013-10-29,330,319,11,142,648,8521,11053,19574,-2532
2013-10-30,251,233,18,120,517,7391,3913,11304,3478
2013-10-31,288,271,17,95,639,8717,3357,12074,5360
2013-11-01,114,107,7,48,209,3826,1726,5552,2100
2013-11-02,66,60,6,15,105,1888,913,2801,975
2013-11-03,20,19,1,13,26,154,94,248,60
2013-11-04,149,111,38,59,242,5608,1757,7365,3851
2013-11-05,120,105,15,53,219,2256,1005,3261,1251
2013-11-06,204,197,7,73,382,3982,1751,5733,2231
2013-11-07,216,186,30,74,302,5980,2310,8290,3670
2013-11-08,458,391,67,108,988,35093,11000,46093,24093
2013-11-09,98,98,0,24,207,2278,1674,3952,604
2013-11-10,130,124,6,19,177,2758,3120,5878,-362
2013-11-11,207,190,17,79,476,6824,5787,12611,1037
2013-11-12,266,226,40,71,457,6497,3245,9742,3252
2013-11-13,361,342,19,126,560,6210,3258,9468,2952
2013-11-14,211,187,24,82,442,5096,4429,9525,667
2013-11-15,217,185,32,79,472,5893,3631,9524,2262
2013-11-16,40,19,21,15,36,206,277,483,-71
2013-11-17,57,55,2,34,219,2208,1927,4135,281
2013-11-18,90,80,10,43,123,1427,847,2274,580
2013-11-19,135,116,19,63,251,2690,3759,6449,-1069
2013-11-20,168,148,20,72,312,5872,6533,12405,-661
2013-11-21,115,105,10,62,178,1363,549,1912,814
2013-11-22,82,56,26,38,109,1601,1119,2720,482
2013-11-23,41,40,1,24,78,418,265,683,153
2013-11-24,164,156,8,43,449,4805,5113,9918,-308
2013-11-25,319,309,10,121,576,31478,7827,39305,23651
2013-11-26,273,259,14,83,571,11110,7388,18498,3722
2013-11-27,157,145,12,62,277,4568,1189,5757,3379
2013-11-28,114,96,18,62,146,1289,603,1892,686
2013-11-29,85,76,9,48,153,1020,610,1630,410
2013-11-30,73,70,3,26,158,4121,3609,7730,512
2013-12-01,20,17,3,13,22,761,156,917,605
2013-12-02,285,270,15,103,518,10063,5928,15991,4135
2013-12-03,347,332,15,100,786,18409,4543,22952,13866
2013-12-04,274,242,32,86,460,8380,2369,10749,6011
2013-12-05,196,184,12,78,292,10679,1934,12613,8745
2013-12-06,240,220,20,80,612,6360,3104,9464,3256
2013-12-07,46,45,1,23,193,1024,710,1734,314
2013-12-08,24,23,1,10,115,944,561,1505,383
2013-12-09,373,356,17,128,637,13668,8844,22512,4824
2013-12-10,366,346,20,124,631,7540,3763,11303,3777
2013-12-11,319,298,21,108,843,17883,16521,34404,1362
2013-12-12,251,228,23,99,448,13566,4226,17792,9340
2013-12-13,176,155,21,76,272,4642,1797,6439,2845
2013-12-14,157,151,6,31,303,7887,2754,10641,5133
2013-12-15,49,44,5,23,64,1147,528,1675,619
2013-12-16,252,243,9,95,467,11707,3619,15326,8088
2013-12-17,418,388,30,128,744,10791,8288,19079,2503
2013-12-18,410,379,31,119,907,15946,8019,23965,7927
2013-12-19,417,390,27,141,715,21297,21792,43089,-495
2013-12-20,318,287,31,117,798,11918,4679,16597,7239
2013-12-21,76,74,2,32,145,4328,646,4974,3682
2013-12-22,68,49,19,26,98,2469,437,2906,2032
2013-12-23,141,130,11,42,247,4414,1372,5786,3042
2013-12-24,130,114,16,28,280,7242,2359,9601,4883
2013-12-25,12,12,0,5,23,479,86,565,393
2013-12-26,85,70,15,27,151,1443,720,2163,723
2013-12-27,28,24,4,21,87,261,345,606,-84
2013-12-28,47,42,5,17,81,1419,492,1911,927
2013-12-29,66,50,16,28,98,1739,1101,2840,638
2013-12-30,97,85,12,48,159,2004,1447,3451,557
2013-12-31,181,169,12,61,381,8209,1867,10076,6342
2014-01-01,28,24,4,16,49,12591,27,12618,12564
2014-01-02,183,148,35,67,222,3721,1644,5365,2077
2014-01-03,283,277,6,71,507,6435,2690,9125,3745
2014-01-04,80,73,7,44,130,2205,1251,3456,954
2014-01-05,95,86,9,36,157,2705,2904,5609,-199
2014-01-06,267,251,16,111,491,6349,3660,10009,2689
2014-01-07,350,343,7,112,780,10294,4419,14713,5875
2014-01-08,371,355,16,124,832,13531,9338,22869,4193
2014-01-09,293,274,19,100,719,11587,8622,20209,2965
2014-01-10,156,137,19,69,248,5643,2438,8081,3205
2014-01-11,66,65,1,39,102,1824,497,2321,1327
2014-01-12,93,79,14,30,220,5815,3240,9055,2575
2014-01-13,370,354,16,130,789,11555,5280,16835,6275
2014-01-14,303,277,26,84,637,12315,3275,15590,9040
2014-01-15,233,210,23,115,438,4749,1860,6609,2889
2014-01-16,190,159,31,76,553,22630,2417,25047,20213
2014-01-17,214,200,14,72,404,24063,5033,29096,19030
2014-01-18,91,80,11,41,167,4214,1446,5660,2768
2014-01-19,46,44,2,23,117,1340,756,2096,584
2014-01-20,180,135,45,68,246,2949,1254,4203,1695
2014-01-21,149,130,19,65,222,4486,1652,6138,2834
2014-01-22,326,309,17,109,706,8635,6541,15176,2094
2014-01-23,229,192,37,85,489,88068,8517,96585,79551
2014-01-24,335,320,15,126,696,8355,3914,12269,4441
2014-01-25,82,61,21,28,154,759,777,1536,-18
2014-01-26,43,40,3,14,163,1484,3481,4965,-1997
2014-01-27,130,122,8,57,243,3629,1570,5199,2059
2014-01-28,317,300,17,113,518,8951,3763,12714,5188
2014-01-29,153,137,16,69,348,3698,1949,5647,1749
2014-01-30,113,88,25,53,163,2296,1189,3485,1107
2014-01-31,117,88,29,53,154,1224,704,1928,520
2014-02-01,16,12,4,10,16,144,85,229,59
2014-02-02,32,24,8,13,39,520,189,709,331
2014-02-03,253,246,7,74,442,5433,2870,8303,2563
2014-02-04,264,256,8,100,437,5510,3474,8984,2036
2014-02-05,142,137,5,78,195,3720,955,4675,2765
2014-02-06,132,118,14,61,225,3369,1259,4628,2110
2014-02-07,332,321,11,139,801,11847,8125,19972,3722
2014-02-08,47,39,8,18,87,624,713,1337,-89
2014-02-09,195,190,5,64,410,15008,4409,19417,10599
2014-02-10,180,171,9,69,502,3948,1368,5316,2580
2014-02-11,221,205,16,106,426,5812,5051,10863,761
2014-02-12,272,256,16,94,595,8643,7796,16439,847
2014-02-13,454,444,10,138,865,10078,6454,16532,3624
2014-02-14,342,323,19,83,656,8274,3611,11885,4663
2014-02-15,88,79,9,48,135,3989,914,4903,3075
2014-02-16,40,34,6,18,62,847,273,1120,574
2014-02-17,311,300,11,95,653,16558,11140,27698,5418
2014-02-18,516,487,29,135,890,16098,8094,24192,8004
2014-02-19,151,135,16,67,281,3652,2325,5977,1327
2014-02-20,251,217,34,82,323,3965,2108,6073,1857
2014-02-21,169,151,18,61,260,3313,1707,5020,1606
2014-02-22,152,139,13,44,282,10952,1813,12765,9139
2014-02-23,203,187,16,36,419,6232,2467,8699,3765
2014-02-24,246,222,24,90,382,7056,6439,13495,617
2014-02-25,295,275,20,107,506,18078,15536,33614,2542
2014-02-26,206,197,9,75,431,8540,6324,14864,2216
2014-02-27,254,227,27,98,498,5521,10464,15985,-4943
2014-02-28,345,325,20,120,646,11276,12785,24061,-1509
2014-03-01,127,118,9,48,214,7217,4070,11287,3147
2014-03-02,53,40,13,21,55,986,172,1158,814
2014-03-03,228,210,18,89,343,6956,3596,10552,3360
2014-03-04,464,452,12,111,1041,132761,67797,200558,64964
2014-03-05,362,355,7,113,740,31723,4906,36629,26817
2014-03-06,253,238,15,117,514,6862,5327,12189,1535
2014-03-07,407,383,24,122,727,13633,5518,19151,8115
2014-03-08,57,42,15,18,106,3616,1137,4753,2479
2014-03-09,182,155,27,71,283,5513,3590,9103,1923
2014-03-10,243,229,14,80,408,5773,3261,9034,2512
2014-03-11,358,338,20,136,727,11541,13547,25088,-2006
2014-03-12,257,231,26,95,454,6265,5898,12163,367
2014-03-13,299,259,40,99,522,8359,4134,12493,4225
2014-03-14,196,184,12,80,345,9392,2606,11998,6786
2014-03-15,215,204,11,57,472,10943,3177,14120,7766
2014-03-16,47,43,4,14,110,1804,772,2576,1032
2014-03-17,535,480,55,127,810,17705,12994,30699,4711
2014-03-18,331,306,25,113,685,17067,8380,25447,8687
2014-03-19,409,390,19,138,724,12642,6261,18903,6381
2014-03-20,364,335,29,107,608,8804,3528,12332,5276
2014-03-21,166,158,8,60,268,4418,1155,5573,3263
2014-03-22,30,26,4,17,83,1345,200,1545,1145
2014-03-23,103,90,13,27,211,6526,3340,9866,3186
2014-03-24,124,114,10,46,157,1855,923,2778,932
2014-03-25,148,130,18,39,176,4972,1786,6758,3186
2014-03-26,347,330,17,80,827,25168,10340,35508,14828
2014-03-27,143,136,7,53,239,6026,1787,7813,4239
2014-03-28,194,179,15,76,281,4123,2334,6457,1789
2014-03-29,84,69,15,37,116,1512,486,1998,1026
2014-03-30,30,19,11,7,36,814,464,1278,350
2014-03-31,245,206,39,88,427,7467,2373,9840,5094
2014-04-01,222,184,38,75,325,5120,3041,8161,2079
2014-04-02,157,133,24,43,291,3094,2555,5649,539
2014-04-03,395,377,18,142,710,10190,5760,15950,4430
2014-04-04,118,104,14,43,164,6592,1079,7671,5513
2014-04-05,93,71,22,14,258,92950,1249,94199,91701
2014-04-06,60,51,9,27,83,3604,811,4415,2793
2014-04-07,328,319,9,130,695,8061,4635,12696,3426
2014-04-08,83,60,23,46,96,966,654,1620,312
2014-04-09,138,131,7,65,272,3648,1907,5555,1741
2014-04-10,48,35,13,25,65,908,293,1201,615
2014-04-11,121,102,19,57,202,1354,1065,2419,289
2014-04-12,40,30,10,16,66,1266,1526,2792,-260
2014-04-13,75,69,6,22,144,1206,896,2102,310
2014-04-14,521,506,15,141,930,14010,10070,24080,3940
2014-04-15,198,196,2,70,344,6132,13527,19659,-7395
2014-04-16,298,282,16,129,435,6323,23809,30132,-17486
2014-04-17,104,95,9,51,653,4248,3702,7950,546
2014-04-18,245,223,22,88,582,27277,11029,38306,16248
2014-04-19,33,25,8,22,38,237,243,480,-6
2014-04-20,63,59,4,20,126,5957,2521,8478,3436
2014-04-21,109,103,6,40,188,3880,1353,5233,2527
2014-04-22,329,315,14,102,533,10096,5407,15503,4689
2014-04-23,254,238,16,86,591,8732,3722,12454,5010
2014-04-24,336,318,18,116,543,12500,7749,20249,4751
2014-04-25,243,232,11,98,472,5454,11391,16845,-5937
2014-04-26,161,151,10,27,331,5365,2735,8100,2630
2014-04-27,67,54,13,35,184,1150,1432,2582,-282
2014-04-28,304,291,13,122,460,8117,2126,10243,5991
2014-04-29,169,159,10,61,292,3826,1373,5199,2453
2014-04-30,286,274,12,100,547,10318,4345,14663,5973
2014-05-01,57,45,12,27,111,625,388,1013,237
2014-05-02,91,79,12,47,116,1720,974,2694,746
2014-05-03,103,98,5,46,186,7306,798,8104,6508
2014-05-04,134,129,5,28,213,5771,5698,11469,73
2014-05-05,351,316,35,105,740,7405,4780,12185,2625
2014-05-06,293,272,21,91,755,15156,8284,23440,6872
2014-05-07,224,214,10,79,372,6766,3802,10568,2964
2014-05-08,170,156,14,70,297,3899,2514,6413,1385
2014-05-09,180,169,11,63,316,6212,2881,9093,3331
2014-05-10,18,17,1,12,76,154,142,296,12
2014-05-11,59,53,6,23,152,998,3922,4920,-2924
2014-05-12,227,219,8,96,482,10844,4123,14967,6721
2014-05-13,275,246,29,100,572,8177,5242,13419,2935
2014-05-14,352,335,17,120,594,17674,4069,21743,13605
2014-05-15,309,296,13,104,665,13673,8350,22023,5323
2014-05-16,536,506,30,133,1042,15258,7879,23137,7379
2014-05-17,40,37,3,11,62,779,452,1231,327
2014-05-18,48,47,1,11,117,667,2057,2724,-1390
2014-05-19,360,352,8,124,835,14989,10225,25214,4764
2014-05-20,284,252,32,94,482,8534,4968,13502,3566
2014-05-21,337,268,69,98,580,14534,7881,22415,6653
2014-05-22,412,374,38,150,706,13493,4395,17888,9098
2014-05-23,780,735,45,191,1663,69321,43306,112627,26015
2014-05-24,43,38,5,19,108,817,572,1389,245
2014-05-25,261,250,11,62,473,5770,6501,12271,-731
2014-05-26,261,238,23,84,557,14898,2802,17700,12096
2014-05-27,407,391,16,138,713,13800,4577,18377,9223
2014-05-28,388,369,19,129,731,12618,6744,19362,5874
2014-05-29,312,296,16,78,500,9816,4306,14122,5510
2014-05-30,317,297,20,93,583,12565,2881,15446,9684
2014-05-31,58,40,18,30,81,813,525,1338,288
2014-06-01,161,158,3,56,302,9898,3230,13128,6668
2014-06-02,284,234,50,96,478,7574,4561,12135,3013
2014-06-03,233,162,71,91,260,10463,2408,12871,8055
2014-06-04,463,430,33,135,871,9991,7243,17234,2748
2014-06-05,236,209,27,90,376,14591,2656,17247,11935
2014-06-06,316,303,13,115,649,8228,4622,12850,3606
2014-06-07,21,18,3,11,28,596,79,675,517
2014-06-08,39,27,12,17,51,214,251,465,-37
2014-06-09,101,89,12,52,188,1665,623,2288,1042
2014-06-10,237,217,20,92,431,9561,3852,13413,5709
2014-06-11,269,238,31,103,708,14523,8775,23298,5748
2014-06-12,105,82,23,41,138,1951,776,2727,1175
2014-06-13,95,79,16,35,101,1406,562,1968,844
2014-06-14,26,21,5,8,40,1206,101,1307,1105
2014-06-15,14,10,4,8,15,108,58,166,50
2014-06-16,119,110,9,65,170,2020,874,2894,1146
2014-06-17,249,240,9,101,543,6997,5370,12367,1627
2014-06-18,266,252,14,82,383,4941,5664,10605,-723
2014-06-19,522,512,10,106,1202,18269,9120,27389,9149
2014-06-20,240,233,7,98,421,23687,18011,41698,5676
2014-06-21,166,153,13,44,254,3648,2672,6320,976
2014-06-22,32,25,7,18,94,1235,830,2065,405
2014-06-23,159,153,6,81,343,8112,3307,11419,4805
2014-06-24,203,195,8,69,321,4219,3625,7844,594
2014-06-25,192,171,21,82,545,5813,8772,14585,-2959
2014-06-26,135,126,9,58,208,2572,1913,4485,659
2014-06-27,358,347,11,75,898,10138,27102,37240,-16964
2014-06-28,51,35,16,15,94,1051,9141,10192,-8090
2014-06-29,62,59,3,27,96,701,796,1497,-95
2014-06-30,151,145,6,62,285,4746,2800,7546,1946
2014-07-01,164,156,8,81,401,4925,68265,73190,-63340
2014-07-02,100,92,8,51,156,7668,6310,13978,1358
2014-07-03,268,258,10,82,448,8755,2745,11500,6010
2014-07-04,175,164,11,63,350,6856,11529,18385,-4673
2014-07-05,64,53,11,32,63,739,430,1169,309
2014-07-06,50,45,5,19,80,666,418,1084,248
2014-07-07,259,243,16,103,467,9009,8630,17639,379
2014-07-08,481,441,40,134,875,20160,7806,27966,12354
2014-07-09,483,467,16,158,733,13452,8316,21768,5136
2014-07-10,478,457,21,120,890,12631,25291,37922,-12660
2014-07-11,253,239,14,89,467,22648,3772,26420,18876
2014-07-12,225,210,15,53,867,6598,20579,27177,-13981
2014-07-13,129,104,25,25,401,4823,7128,11951,-2305
2014-07-14,133,125,8,71,231,4249,1840,6089,2409
2014-07-15,345,332,13,97,644,18313,5159,23472,13154
2014-07-16,393,366,27,113,914,16116,51132,67248,-35016
2014-07-17,341,315,26,111,902,14028,9698,23726,4330
2014-07-18,524,506,18,140,1238,23908,19440,43348,4468
2014-07-19,71,28,43,23,44,289,169,458,120
2014-07-20,34,32,2,17,40,1025,153,1178,872
2014-07-21,342,316,26,84,598,6496,4334,10830,2162
2014-07-22,416,384,32,149,814,13971,6818,20789,7153
2014-07-23,389,368,21,109,694,12677,5086,17763,7591
2014-07-24,168,149,19,85,334,4547,17996,22543,-13449
2014-07-25,239,227,12,95,430,7456,2587,10043,4869
2014-07-26,186,168,18,50,291,7569,5528,13097,2041
2014-07-27,171,158,13,41,285,3820,23557,27377,-19737
2014-07-28,240,221,19,79,512,8006,4880,12886,3126
2014-07-29,179,164,15,86,301,6429,3947,10376,2482
2014-07-30,338,325,13,103,633,18513,7426,25939,11087
2014-07-31,342,327,15,97,616,13317,4184,17501,9133
2014-08-01,277,271,6,115,478,7288,4253,11541,3035
2014-08-02,77,68,9,26,152,3319,1053,4372,2266
2014-08-03,84,79,5,30,125,4808,968,5776,3840
2014-08-04,270,204,66,70,369,10245,5150,15395,5095
2014-08-05,272,218,54,86,504,8853,4348,13201,4505
2014-08-06,161,148,13,43,223,2812,3117,5929,-305
2014-08-07,371,348,23,119,539,8913,4506,13419,4407
2014-08-08,325,312,13,83,700,13090,5074,18164,8016
2014-08-09,115,101,14,20,797,16388,7591,23979,8797
2014-08-10,16,9,7,9,9,58,21,79,37
2014-08-11,124,110,14,41,236,6693,913,7606,5780
2014-08-12,70,70,0,30,389,2597,1930,4527,667
2014-08-13,137,132,5,45,255,6631,5271,11902,1360
2014-08-14,204,173,31,58,258,4351,3773,8124,578
2014-08-15,71,60,11,37,107,1602,622,2224,980
2014-08-16,335,322,13,89,629,10968,8447,19415,2521
2014-08-17,154,152,2,56,303,4462,2349,6811,2113
2014-08-18,79,76,3,49,152,2106,1294,3400,812
2014-08-19,216,207,9,103,286,2849,3383,6232,-534
2014-08-20,93,88,5,38,167,3702,835,4537,2867
2014-08-21,210,201,9,60,379,6202,4304,10506,1898
2014-08-22,135,126,9,69,190,3720,1155,4875,2565
2014-08-23,55,49,6,20,142,2115,2029,4144,86
2014-08-24,35,23,12,22,49,516,381,897,135
2014-08-25,213,196,17,74,466,7513,3290,10803,4223
2014-08-26,283,278,5,113,600,6044,3538,9582,2506
2014-08-27,137,126,11,74,281,3841,1622,5463,2219
2014-08-28,163,146,17,66,300,5109,1917,7026,3192
2014-08-29,123,112,11,67,231,2105,1112,3217,993
2014-08-30,343,336,7,61,755,8587,20447,29034,-11860
2014-08-31,68,62,6,22,138,1694,2143,3837,-449
2014-09-01,136,128,8,57,256,2717,3045,5762,-328
2014-09-02,397,385,12,127,689,26324,8822,35146,17502
2014-09-03,431,414,17,111,733,7271,4448,11719,2823
2014-09-04,169,149,20,78,336,12092,5608,17700,6484
2014-09-05,133,96,37,59,198,3883,952,4835,2931
2014-09-06,76,64,12,38,113,1664,1041,2705,623
2014-09-07,145,140,5,39,232,2760,981,3741,1779
2014-09-08,515,499,16,149,812,11912,13340,25252,-1428
2014-09-09,372,356,16,137,711,24030,4119,28149,19911
2014-09-10,215,198,17,94,436,5972,5304,11276,668
2014-09-11,365,341,24,98,654,7277,5797,13074,1480
2014-09-12,129,108,21,59,243,7169,2522,9691,4647
2014-09-13,170,157,13,47,361,7072,3718,10790,3354
2014-09-14,103,93,10,46,154,2130,1051,3181,1079
2014-09-15,235,213,22,76,584,17304,12988,30292,4316
2014-09-16,447,431,16,137,847,16197,6057,22254,10140
2014-09-17,223,221,2,75,432,5815,1890,7705,3925
2014-09-18,136,127,9,61,244,1733,2068,3801,-335
2014-09-19,347,320,27,108,522,6710,4094,10804,2616
2014-09-20,85,79,6,32,88,408,308,716,100
2014-09-21,134,131,3,36,202,4287,2216,6503,2071
2014-09-22,296,278,18,130,509,7904,2347,10251,5557
2014-09-23,336,314,22,116,615,29183,3466,32649,25717
2014-09-24,541,503,38,167,950,16248,4501,20749,11747
2014-09-25,286,242,44,103,611,10261,3428,13689,6833
2014-09-26,322,302,20,135,678,44283,10098,54381,34185
2014-09-27,61,51,10,21,121,2299,1115,3414,1184
2014-09-28,98,83,15,41,235,2415,1941,4356,474
2014-09-29,258,243,15,113,519,7039,73926,80965,-66887
2014-09-30,254,229,25,93,736,32285,62166,94451,-29881
2014-10-01,193,176,17,80,364,8335,3707,12042,4628
2014-10-02,290,268,22,98,489,4580,2423,7003,2157
2014-10-03,215,186,29,105,482,13415,8151,21566,5264
2014-10-04,41,37,4,17,106,1083,333,1416,750
2014-10-05,35,29,6,18,58,915,747,1662,168
2014-10-06,151,113,38,53,239,3389,1316,4705,2073
2014-10-07,108,98,10,53,192,1957,1141,3098,816
2014-10-08,117,74,43,43,147,7541,603,8144,6938
2014-10-09,167,154,13,57,344,8992,3187,12179,5805
2014-10-10,243,230,13,85,416,6251,3569,9820,2682
2014-10-11,26,11,15,11,22,1081,808,1889,273
2014-10-12,28,14,14,9,17,93,151,244,-58
2014-10-13,66,52,14,28,110,933,989,1922,-56
2014-10-14,338,312,26,108,473,9478,4017,13495,5461
2014-10-15,98,83,15,41,153,1205,1326,2531,-121
2014-10-16,61,58,3,37,135,2011,657,2668,1354
2014-10-17,58,57,1,23,115,2556,773,3329,1783
2014-10-18,48,27,21,19,43,376,172,548,204
2014-10-19,25,12,13,11,41,267,63,330,204
2014-10-20,896,883,13,139,2634,16796,32900,49696,-16104
2014-10-21,173,156,17,56,274,3492,4819,8311,-1327
2014-10-22,161,158,3,76,230,2495,1192,3687,1303
2014-10-23,162,151,11,75,236,5446,1855,7301,3591
2014-10-24,225,207,18,88,300,8635,4948,13583,3687
2014-10-25,86,82,4,28,219,2421,1928,4349,493
2014-10-26,24,21,3,7,36,318,309,627,9
2014-10-27,367,346,21,82,823,6383,5517,11900,866
2014-10-28,364,352,12,125,572,8993,5556,14549,3437
2014-10-29,570,559,11,150,1081,16842,39559,56401,-22717
2014-10-30,311,291,20,104,526,8426,3722,12148,4704
2014-10-31,165,145,20,63,254,6428,1797,8225,4631
2014-11-01,36,27,9,22,34,554,82,636,472
2014-11-02,74,66,8,21,157,1348,1021,2369,327
2014-11-03,436,421,15,146,927,12482,12898,25380,-416
2014-11-04,424,393,31,133,896,20390,15182,35572,5208
2014-11-05,297,282,15,110,586,6959,5387,12346,1572
2014-11-06,416,401,15,128,674,16676,4216,20892,12460
2014-11-07,439,428,11,107,752,17074,7564,24638,9510
2014-11-08,48,43,5,25,74,1290,742,2032,548
2014-11-09,105,86,19,27,216,2835,1400,4235,1435
2014-11-10,329,314,15,120,553,9480,3445,12925,6035
2014-11-11,226,216,10,106,510,4896,3363,8259,1533
2014-11-12,331,309,22,97,836,11830,8626,20456,3204
2014-11-13,272,259,13,84,491,14067,2392,16459,11675
2014-11-14,293,268,25,93,598,9840,4712,14552,5128
2014-11-15,28,22,6,13,34,220,103,323,117
2014-11-16,124,111,13,39,203,5567,1275,6842,4292
2014-11-17,230,220,10,87,397,8921,1854,10775,7067
2014-11-18,231,218,13,91,423,11641,3062,14703,8579
2014-11-19,341,300,41,122,642,8605,12944,21549,-4339
2014-11-20,378,331,47,112,837,13600,24123,37723,-10523
2014-11-21,323,287,36,118,640,11315,15580,26895,-4265
2014-11-22,138,121,17,53,250,6159,2984,9143,3175
2014-11-23,192,185,7,58,466,9847,2722,12569,7125
2014-11-24,534,528,6,124,1402,21549,12656,34205,8893
2014-11-25,303,291,12,128,594,10228,4405,14633,5823
2014-11-26,474,445,29,148,866,14353,10218,24571,4135
2014-11-27,146,137,9,75,253,4461,3051,7512,1410
2014-11-28,151,109,42,50,369,4610,3404,8014,1206
2014-11-29,34,27,7,8,61,2995,2378,5373,617
2014-11-30,32,30,2,17,56,916,147,1063,769
2014-12-01,186,178,8,70,298,6058,3064,9122,2994
2014-12-02,275,266,9,77,537,14726,6025,20751,8701
2014-12-03,432,414,18,128,814,17694,6509,24203,11185
2014-12-04,229,215,14,86,437,8115,4867,12982,3248
2014-12-05,163,138,25,59,262,4395,1388,5783,3007
2014-12-06,62,56,6,29,117,1724,693,2417,1031
2014-12-07,19,18,1,12,31,319,300,619,19
2014-12-08,236,172,64,66,334,19847,2152,21999,17695
2014-12-09,325,284,41,90,562,6135,3839,9974,2296
2014-12-10,162,124,38,54,268,4750,2364,7114,2386
2014-12-11,336,308,28,113,531,11353,5552,16905,5801
2014-12-12,199,166,33,66,376,6849,3765,10614,3084
2014-12-13,158,149,9,61,334,4914,2741,7655,2173
2014-12-14,29,21,8,14,61,1236,145,1381,1091
2014-12-15,98,88,10,61,153,1406,592,1998,814
2014-12-16,195,162,33,64,337,6549,2643,9192,3906
2014-12-17,169,158,11,64,347,4100,2302,6402,1798
2014-12-18,90,77,13,43,121,1135,450,1585,685
2014-12-19,103,82,21,41,190,2811,4797,7608,-1986
2014-12-20,27,14,13,5,32,1424,1038,2462,386
2014-12-21,99,94,5,41,126,1718,2159,3877,-441
2014-12-22,210,205,5,81,426,8239,5122,13361,3117
2014-12-23,160,157,3,65,338,9641,2520,12161,7121
2014-12-24,86,72,14,36,148,2083,1695,3778,388
2014-12-25,8,7,1,4,9,50,43,93,7
2014-12-26,43,39,4,26,58,249,391,640,-142
2014-12-27,15,13,2,10,21,177,102,279,75
2014-12-28,45,43,2,19,106,938,436,1374,502
2014-12-29,58,48,10,37,67,927,597,1524,330
2014-12-30,81,70,11,28,114,2592,532,3124,2060
2014-12-31,59,49,10,23,74,2423,1654,4077,769
2015-01-01,26,22,4,9,28,679,18,697,661
2015-01-02,113,105,8,44,215,1808,1749,3557,59
2015-01-03,24,23,1,8,48,1603,1319,2922,284
2015-01-04,20,17,3,9,54,652,575,1227,77
2015-01-05,165,160,5,77,281,6331,3239,9570,3092
2015-01-06,211,202,9,90,365,4009,2397,6406,1612
2015-01-07,152,145,7,79,274,3232,2267,5499,965
2015-01-08,216,201,15,101,354,5469,2497,7966,2972
2015-01-09,338,326,12,127,620,8961,4056,13017,4905
2015-01-10,182,172,10,29,250,2910,3252,6162,-342
2015-01-11,54,46,8,21,85,1923,1418,3341,505
2015-01-12,367,347,20,125,705,12341,5468,17809,6873
2015-01-13,283,266,17,117,521,6422,3883,10305,2539
2015-01-14,205,192,13,87,298,5845,2047,7892,3798
2015-01-15,327,309,18,102,561,8915,4025,12940,4890
2015-01-16,204,180,24,81,351,5974,3921,9895,2053
2015-01-17,259,248,11,78,425,7878,5933,13811,1945
2015-01-18,116,105,11,53,273,17350,1565,18915,15785
2015-01-19,230,212,18,102,329,11028,3205,14233,7823
2015-01-20,252,235,17,97,713,13229,7408,20637,5821
2015-01-21,260,239,21,98,527,11043,3108,14151,7935
2015-01-22,408,382,26,118,2630,33799,27545,61344,6254
2015-01-23,278,245,33,119,400,5777,3176,8953,2601
2015-01-24,69,62,7,27,130,1101,4687,5788,-3586
2015-01-25,303,294,9,83,520,9236,6649,15885,2587
2015-01-26,248,211,37,110,364,9373,2779,12152,6594
2015-01-27,472,436,36,139,963,21929,7735,29664,14194
2015-01-28,356,337,19,118,699,12555,7574,20129,4981
2015-01-29,323,299,24,111,644,12027,20800,32827,-8773
2015-01-30,219,205,14,95,353,14417,6402,20819,8015
2015-01-31,59,49,10,26,119,1665,619,2284,1046
2015-02-01,90,84,6,33,179,5981,1583,7564,4398
2015-02-02,362,346,16,116,670,15071,8566,23637,6505
2015-02-03,346,329,17,107,625,12374,7805,20179,4569
2015-02-04,242,205,37,100,399,9176,2730,11906,6446
2015-02-05,204,174,30,77,534,9594,2267,11861,7327
2015-02-06,156,135,21,59,241,3962,2250,6212,1712
2015-02-07,109,106,3,52,146,2692,1365,4057,1327
2015-02-08,89,62,27,32,115,3139,1251,4390,1888
2015-02-09,185,141,44,79,297,3970,2892,6862,1078
2015-02-10,156,119,37,58,242,2266,2490,4756,-224
2015-02-11,119,94,25,41,180,4395,1845,6240,2550
2015-02-12,241,215,26,66,500,5448,4352,9800,1096
2015-02-13,271,260,11,64,555,5675,2836,8511,2839
2015-02-14,166,163,3,53,326,6076,1355,7431,4721
2015-02-15,51,45,6,24,77,1451,474,1925,977
2015-02-16,94,83,11,36,168,2097,3691,5788,-1594
2015-02-17,240,222,18,77,459,12146,2959,15105,9187
2015-02-18,173,151,22,66,259,5119,1818,6937,3301
2015-02-19,130,114,16,54,216,2553,2033,4586,520
2015-02-20,117,107,10,59,193,3170,1392,4562,1778
2015-02-21,41,17,24,13,18,121,52,173,69
2015-02-22,45,40,5,23,132,1072,897,1969,175
2015-02-23,368,353,15,109,666,9290,12527,21817,-3237
2015-02-24,169,154,15,95,286,5678,1857,7535,3821
2015-02-25,147,141,6,69,258,6929,2161,9090,4768
2015-02-26,356,349,7,98,513,6294,2742,9036,3552
2015-02-27,155,147,8,70,279,3738,3093,6831,645
2015-02-28,85,70,15,44,118,4029,1002,5031,3027
2015-03-01,86,77,9,36,133,3391,5063,8454,-1672
2015-03-02,423,410,13,134,804,9642,7513,17155,2129
2015-03-03,337,326,11,115,728,11156,6302,17458,4854
2015-03-04,312,267,45,110,467,10639,3674,14313,6965
2015-03-05,154,133,21,80,253,4049,1806,5855,2243
2015-03-06,316,287,29,111,526,7729,3987,11716,3742
2015-03-07,257,250,7,97,604,24509,6724,31233,17785
2015-03-08,56,48,8,25,70,1372,1094,2466,278
2015-03-09,210,197,13,98,366,6599,2854,9453,3745
2015-03-10,248,229,19,80,337,5722,3436,9158,2286
2015-03-11,208,189,19,90,331,6056,3643,9699,2413
2015-03-12,251,234,17,97,500,10332,2488,12820,7844
2015-03-13,262,243,19,102,660,7533,6481,14014,1052
2015-03-14,67,54,13,33,97,1192,828,2020,364
2015-03-15,132,122,10,32,234,3126,1430,4556,1696
2015-03-16,367,339,28,134,706,12736,6769,19505,5967
2015-03-17,290,276,14,105,498,6773,5693,12466,1080
2015-03-18,272,261,11,113,450,14286,4099,18385,10187
2015-03-19,244,226,18,93,482,5303,3973,9276,1330
2015-03-20,339,327,12,113,596,7340,5880,13220,1460
2015-03-21,60,47,13,28,112,2429,680,3109,1749
2015-03-22,55,43,12,26,58,803,184,987,619
2015-03-23,349,330,19,119,730,14496,7695,22191,6801
2015-03-24,316,294,22,113,550,14763,5997,20760,8766
2015-03-25,288,261,27,142,596,5945,10646,16591,-4701
2015-03-26,368,360,8,127,776,15223,9783,25006,5440
2015-03-27,285,269,16,91,607,10082,14348,24430,-4266
2015-03-28,38,29,9,22,75,823,196,1019,627
2015-03-29,98,84,14,42,158,2905,614,3519,2291
2015-03-30,243,233,10,102,425,14976,2240,17216,12736
2015-03-31,376,354,22,104,773,15380,5475,20855,9905
2015-04-01,360,341,19,122,736,18138,4606,22744,13532
2015-04-02,446,414,32,127,836,17364,5832,23196,11532
2015-04-03,518,472,46,127,860,22020,8794,30814,13226
2015-04-04,37,32,5,18,133,946,797,1743,149
2015-04-05,37,37,0,11,59,493,245,738,248
2015-04-06,65,63,2,39,169,2463,1463,3926,1000
2015-04-07,241,225,16,74,547,9789,9919,19708,-130
2015-04-08,325,297,28,126,665,10941,4582,15523,6359
2015-04-09,168,156,12,76,247,3935,1545,5480,2390
2015-04-10,383,358,25,103,643,12021,7592,19613,4429
2015-04-11,109,89,20,38,181,2287,938,3225,1349
2015-04-12,171,137,34,19,451,4628,3867,8495,761
2015-04-13,248,184,64,70,498,5296,6275,11571,-979
2015-04-14,317,289,28,87,623,9502,7388,16890,2114
2015-04-15,323,292,31,112,816,11616,7061,18677,4555
2015-04-16,126,116,10,53,240,5893,2895,8788,2998
2015-04-17,224,210,14,100,355,3061,2010,5071,1051
2015-04-18,49,34,15,20,49,1854,1148,3002,706
2015-04-19,21,18,3,12,24,965,140,1105,825
2015-04-20,85,71,14,42,97,813,593,1406,220
2015-04-21,122,110,12,42,229,4279,1631,5910,2648
2015-04-22,146,119,27,41,210,2675,1714,4389,961
2015-04-23,121,117,4,59,193,2567,1754,4321,813
2015-04-24,149,130,19,41,333,3781,4024,7805,-243
2015-04-25,8,8,0,7,14,137,46,183,91
2015-04-26,44,37,7,17,49,630,460,1090,170
2015-04-27,278,264,14,103,553,11174,6183,17357,4991
2015-04-28,68,63,5,42,101,1105,918,2023,187
2015-04-29,200,191,9,72,403,9336,4122,13458,5214
2015-04-30,207,193,14,80,349,6777,9675,16452,-2898
2015-05-01,172,169,3,47,384,5609,3842,9451,1767
2015-05-02,30,25,5,18,57,606,288,894,318
2015-05-03,25,18,7,20,26,86,154,240,-68
2015-05-04,237,220,17,93,362,9998,3291,13289,6707
2015-05-05,221,213,8,89,468,9008,2538,11546,6470
2015-05-06,191,180,11,80,321,8394,2501,10895,5893
2015-05-07,202,185,17,95,299,3225,1839,5064,1386
2015-05-08,477,466,11,134,978,16477,11217,27694,5260
2015-05-09,248,224,24,61,460,6946,5035,11981,1911
2015-05-10,166,158,8,58,336,5163,13720,18883,-8557
2015-05-11,326,309,17,89,671,12327,5548,17875,6779
2015-05-12,287,266,21,119,488,11566,7191,18757,4375
2015-05-13,326,303,23,108,668,11709,4049,15758,7660
2015-05-14,126,120,6,68,242,3444,1982,5426,1462
2015-05-15,228,199,29,71,352,9051,4104,13155,4947
2015-05-16,26,16,10,13,22,161,36,197,125
2015-05-17,44,38,6,20,54,1170,173,1343,997
2015-05-18,297,286,11,87,501,8552,5086,13638,3466
2015-05-19,460,442,18,99,1166,19705,6850,26555,12855
2015-05-20,272,254,18,109,453,13971,3055,17026,10916
2015-05-21,183,175,8,78,358,6242,2000,8242,4242
2015-05-22,214,186,28,73,345,6505,3711,10216,2794
2015-05-23,74,69,5,22,158,4826,944,5770,3882
2015-05-24,225,219,6,71,465,50362,7601,57963,42761
2015-05-25,189,176,13,63,317,6751,3165,9916,3586
2015-05-26,219,214,5,94,427,9393,3612,13005,5781
2015-05-27,343,324,19,100,659,14291,3476,17767,10815
2015-05-28,285,271,14,97,625,17676,4399,22075,13277
2015-05-29,244,216,28,94,394,8079,2225,10304,5854
2015-05-30,121,120,1,27,233,6373,3872,10245,2501
2015-05-31,467,450,17,120,1146,30581,17214,47795,13367
2015-06-01,354,335,19,115,697,8292,6423,14715,1869
2015-06-02,381,363,18,120,1000,14887,11919,26806,2968
2015-06-03,398,383,15,116,826,28900,7213,36113,21687
2015-06-04,331,316,15,95,934,438537,4183,442720,434354
2015-06-05,176,142,34,53,253,4366,1501,5867,2865
2015-06-06,78,70,8,34,140,3898,723,4621,3175
2015-06-07,112,105,7,41,285,4230,1087,5317,3143
2015-06-08,295,280,15,116,521,6326,7736,14062,-1410
2015-06-09,192,186,6,88,460,9503,2942,12445,6561
2015-06-10,292,279,13,115,681,12966,9506,22472,3460
2015-06-11,325,292,33,108,740,36542,5633,42175,30909
2015-06-12,302,281,21,89,671,9985,6619,16604,3366
2015-06-13,150,149,1,47,216,4624,4768,9392,-144
2015-06-14,41,39,2,18,133,1704,1470,3174,234
2015-06-15,215,197,18,88,361,6613,3166,9779,3447
2015-06-16,267,260,7,88,465,14795,2773,17568,12022
2015-06-17,181,164,17,75,277,9246,2767,12013,6479
2015-06-18,265,237,28,83,403,10618,11281,21899,-663
2015-06-19,269,255,14,88,560,21841,7111,28952,14730
2015-06-20,16,11,5,11,18,498,220,718,278
2015-06-21,196,194,2,65,499,7579,2796,10375,4783
2015-06-22,257,204,53,77,394,10968,2737,13705,8231
2015-06-23,261,217,44,77,668,13031,2484,15515,10547
2015-06-24,138,120,18,65,217,5263,1337,6600,3926
2015-06-25,295,263,32,107,688,16586,4430,21016,12156
2015-06-26,231,202,29,78,395,10233,2628,12861,7605
2015-06-27,22,13,9,9,16,120,112,232,8
2015-06-28,24,20,4,15,37,314,81,395,233
2015-06-29,101,94,7,52,151,2930,635,3565,2295
2015-06-30,67,63,4,30,120,3636,524,4160,3112
2015-07-01,230,211,19,69,441,3721,2281,6002,1440
2015-07-02,83,58,25,36,105,1476,530,2006,946
2015-07-03,56,44,12,29,60,762,493,1255,269
2015-07-04,47,37,10,12,73,5665,2806,8471,2859
2015-07-05,46,43,3,23,55,1099,247,1346,852
2015-07-06,421,415,6,128,646,10396,12046,22442,-1650
2015-07-07,180,171,9,89,274,2941,1897,4838,1044
2015-07-08,163,155,8,91,304,3763,2241,6004,1522
2015-07-09,143,132,11,73,231,6467,851,7318,5616
2015-07-10,88,77,11,51,129,4082,356,4438,3726
2015-07-11,95,86,9,31,197,1127,607,1734,520
2015-07-12,61,54,7,24,77,456,764,1220,-308
2015-07-13,122,117,5,63,189,2206,1204,3410,1002
2015-07-14,266,260,6,96,457,6311,2684,8995,3627
2015-07-15,332,318,14,118,637,5593,4756,10349,837
2015-07-16,300,283,17,102,529,20138,3837,23975,16301
2015-07-17,339,305,34,109,745,19119,5708,24827,13411
2015-07-18,32,22,10,11,43,338,277,615,61
2015-07-19,54,49,5,27,51,266,180,446,86
2015-07-20,220,211,9,86,480,9232,3504,12736,5728
2015-07-21,284,260,24,111,561,12881,6294,19175,6587
2015-07-22,250,240,10,103,448,8903,3481,12384,5422
2015-07-23,388,382,6,110,946,10063,33569,43632,-23506
2015-07-24,262,228,34,107,467,20762,6749,27511,14013
2015-07-25,53,45,8,26,90,1411,278,1689,1133
2015-07-26,33,24,9,21,34,346,248,594,98
2015-07-27,324,294,30,113,633,8322,5415,13737,2907
2015-07-28,168,147,21,75,387,6644,3238,9882,3406
2015-07-29,337,323,14,104,699,13150,6771,19921,6379
2015-07-30,190,170,20,82,313,12938,1857,14795,11081
2015-07-31,268,251,17,111,449,13142,3954,17096,9188
2015-08-01,27,18,9,12,34,310,92,402,218
2015-08-02,28,25,3,9,31,114,58,172,56
2015-08-03,194,183,11,108,483,7480,5656,13136,1824
2015-08-04,328,317,11,98,603,15403,7164,22567,8239
2015-08-05,450,430,20,163,754,19102,7154,26256,11948
2015-08-06,210,198,12,74,361,5884,3308,9192,2576
2015-08-07,350,331,19,118,569,12581,4755,17336,7826
2015-08-08,99,88,11,41,160,3387,2076,5463,1311
2015-08-09,73,67,6,22,96,2190,640,2830,1550
2015-08-10,317,301,16,113,578,11112,5031,16143,6081
2015-08-11,345,327,18,132,739,22498,10232,32730,12266
2015-08-12,290,275,15,96,520,19245,8174,27419,11071
2015-08-13,265,237,28,92,467,7735,4839,12574,2896
2015-08-14,272,254,18,103,490,11318,2591,13909,8727
2015-08-15,213,207,6,58,454,7673,5009,12682,2664
2015-08-16,125,119,6,40,273,3174,4060,7234,-886
2015-08-17,416,387,29,116,883,35352,13022,48374,22330
2015-08-18,263,247,16,91,434,5677,3463,9140,2214
2015-08-19,138,128,10,75,182,1799,2145,3944,-346
2015-08-20,199,183,16,80,381,9810,2179,11989,7631
2015-08-21,116,89,27,55,173,4103,652,4755,3451
2015-08-22,92,84,8,22,143,3187,1489,4676,1698
2015-08-23,41,32,9,22,51,1045,169,1214,876
2015-08-24,184,176,8,69,405,9508,2827,12335,6681
2015-08-25,226,210,16,88,374,3484,2335,5819,1149
2015-08-26,226,219,7,92,406,5936,5850,11786,86
2015-08-27,226,210,16,91,440,11211,2537,13748,8674
2015-08-28,481,466,15,104,3411,64407,57663,122070,6744
2015-08-29,47,44,3,30,236,60061,483,60544,59578
2015-08-30,184,147,37,39,327,6720,3167,9887,3553
2015-08-31,168,132,36,67,251,5013,1234,6247,3779
2015-09-01,154,101,53,55,180,2504,872,3376,1632
2015-09-02,150,130,20,60,222,2333,1089,3422,1244
2015-09-03,234,216,18,76,401,7308,3082,10390,4226
2015-09-04,245,222,23,100,456,10017,2886,12903,7131
2015-09-05,105,101,4,43,160,2856,998,3854,1858
2015-09-06,38,31,7,22,39,754,322,1076,432
2015-09-07,40,37,3,22,51,609,213,822,396
2015-09-08,254,234,20,80,431,5187,2828,8015,2359
2015-09-09,115,92,23,59,165,2256,412,2668,1844
2015-09-10,140,134,6,72,354,5601,4860,10461,741
2015-09-11,85,65,20,50,139,1125,302,1427,823
2015-09-12,16,7,9,5,7,23,15,38,8
2015-09-13,351,346,5,78,634,4465,6583,11048,-2118
2015-09-14,338,329,9,99,565,5251,5552,10803,-301
2015-09-15,251,247,4,82,451,5423,4527,9950,896
2015-09-16,152,141,11,66,440,3752,1303,5055,2449
2015-09-17,263,249,14,107,403,6216,3581,9797,2635
2015-09-18,190,170,20,71,508,3744,2379,6123,1365
2015-09-19,48,48,0,24,74,900,986,1886,-86
2015-09-20,30,22,8,12,40,1180,78,1258,1102
2015-09-21,250,238,12,95,448,23375,3694,27069,19681
2015-09-22,241,228,13,102,375,6671,2362,9033,4309
2015-09-23,277,254,23,97,613,9609,4980,14589,4629
2015-09-24,231,212,19,71,385,3166,1848,5014,1318
2015-09-25,171,153,18,65,257,3278,1651,4929,1627
2015-09-26,36,32,4,24,39,314,344,658,-30
2015-09-27,145,123,22,44,184,4016,1850,5866,2166
2015-09-28,109,104,5,46,195,3411,800,4211,2611
2015-09-29,781,767,14,163,1520,16252,20648,36900,-4396
2015-09-30,346,331,15,117,673,11170,5544,16714,5626
2015-10-01,309,297,12,102,757,8560,5168,13728,3392
2015-10-02,365,341,24,118,599,17570,8162,25732,9408
2015-10-03,131,119,12,54,295,15197,2857,18054,12340
2015-10-04,366,360,6,118,647,24707,5993,30700,18714
2015-10-05,236,223,13,93,403,7474,2553,10027,4921
2015-10-06,218,191,27,96,416,9576,4922,14498,4654
2015-10-07,220,190,30,79,368,8882,3120,12002,5762
2015-10-08,280,263,17,87,589,9384,3826,13210,5558
2015-10-09,284,266,18,86,444,7473,3891,11364,3582
2015-10-10,53,42,11,17,56,856,1716,2572,-860
2015-10-11,83,73,10,47,138,2120,542,2662,1578
2015-10-12,254,232,22,110,507,9195,2508,11703,6687
2015-10-13,667,649,18,123,1189,11925,10948,22873,977
2015-10-14,424,406,18,126,1046,17110,17832,34942,-722
2015-10-15,283,247,36,103,415,6865,2790,9655,4075
2015-10-16,302,277,25,120,611,15237,5524,20761,9713
2015-10-17,296,289,7,52,524,5544,11135,16679,-5591
2015-10-18,149,145,4,57,232,3189,1537,4726,1652
2015-10-19,264,253,11,120,442,7151,2452,9603,4699
2015-10-20,241,229,12,92,474,7852,5409,13261,2443
2015-10-21,345,328,17,118,718,21560,6102,27662,15458
2015-10-22,338,307,31,134,841,19456,3201,22657,16255
2015-10-23,278,228,50,118,402,20276,2606,22882,17670
2015-10-24,46,40,6,15,116,2878,1861,4739,1017
2015-10-25,280,273,7,74,622,9717,13234,22951,-3517
2015-10-26,285,242,43,100,369,6466,2532,8998,3934
2015-10-27,295,284,11,108,598,13863,3717,17580,10146
2015-10-28,250,242,8,96,717,59916,3724,63640,56192
2015-10-29,164,153,11,56,311,8621,2843,11464,5778
2015-10-30,193,184,9,77,277,5099,2118,7217,2981
2015-10-31,60,48,12,27,93,723,470,1193,253
2015-11-01,76,58,18,24,88,1352,538,1890,814
2015-11-02,198,179,19,87,333,5192,6126,11318,-934
2015-11-03,296,268,28,116,528,8744,3881,12625,4863
2015-11-04,106,68,38,39,119,1226,770,1996,456
2015-11-05,158,119,39,59,199,1778,2552,4330,-774
2015-11-06,247,225,22,89,383,4701,2148,6849,2553
2015-11-07,147,134,13,54,394,3040,2005,5045,1035
2015-11-08,50,47,3,29,72,1177,328,1505,849
2015-11-09,151,145,6,72,243,3518,1359,4877,2159
2015-11-10,160,133,27,66,259,2022,1626,3648,396
2015-11-11,223,205,18,64,424,7117,31970,39087,-24853
2015-11-12,109,92,17,53,143,2052,1600,3652,452
2015-11-13,56,48,8,22,67,1443,1121,2564,322
2015-11-14,34,22,12,8,78,587,800,1387,-213
2015-11-15,41,32,9,24,46,927,208,1135,719
2015-11-16,776,768,8,179,1330,18705,13499,32204,5206
2015-11-17,270,263,7,108,636,4423,3237,7660,1186
2015-11-18,233,227,6,85,1194,14070,6631,20701,7439
2015-11-19,233,220,13,97,542,4463,2692,7155,1771
2015-11-20,228,207,21,105,393,7943,3056,10999,4887
2015-11-21,70,65,5,44,98,1764,285,2049,1479
2015-11-22,41,33,8,12,66,891,290,1181,601
2015-11-23,236,223,13,112,438,6905,2166,9071,4739
2015-11-24,206,193,13,90,381,9866,1569,11435,8297
2015-11-25,249,231,18,96,458,6909,4212,11121,2697
2015-11-26,214,207,7,67,333,8514,5519,14033,2995
2015-11-27,61,44,17,30,102,2493,1236,3729,1257
2015-11-28,14,11,3,6,14,343,109,452,234
2015-11-29,31,29,2,19,45,374,278,652,96
2015-11-30,313,297,16,102,444,13728,4600,18328,9128
2015-12-01,264,254,10,103,963,21301,8642,29943,12659
2015-12-02,164,155,9,69,322,3536,15401,18937,-11865
2015-12-03,351,328,23,99,664,21285,5516,26801,15769
2015-12-04,256,236,20,114,488,8880,5273,14153,3607
2015-12-05,75,71,4,37,117,9002,830,9832,8172
2015-12-06,68,58,10,23,94,886,399,1285,487
2015-12-07,250,236,14,96,486,5297,2850,8147,2447
2015-12-08,234,224,10,86,511,17560,2651,20211,14909
2015-12-09,231,219,12,102,578,11515,7137,18652,4378
2015-12-10,235,217,18,90,341,7215,2924,10139,4291
2015-12-11,181,158,23,78,413,6007,4038,10045,1969
2015-12-12,166,147,19,78,244,10402,2030,12432,8372
2015-12-13,144,133,11,49,263,3156,1888,5044,1268
2015-12-14,368,355,13,116,746,14166,9745,23911,4421
2015-12-15,437,399,38,125,758,17025,7444,24469,9581
2015-12-16,212,198,14,99,350,6765,1630,8395,5135
2015-12-17,285,276,9,89,625,14017,2868,16885,11149
2015-12-18,457,431,26,116,980,12983,9124,22107,3859
2015-12-19,74,56,18,35,130,4677,427,5104,4250
2015-12-20,79,73,6,38,209,2973,766,3739,2207
2015-12-21,422,415,7,107,997,63875,9117,72992,54758
2015-12-22,408,343,65,148,650,12161,5041,17202,7120
2015-12-23,239,197,42,74,412,10113,5142,15255,4971
2015-12-24,108,103,5,43,220,4240,1045,5285,3195
2015-12-25,11,8,3,7,11,131,88,219,43
2015-12-26,40,35,5,8,48,110,145,255,-35
2015-12-27,33,22,11,19,39,478,84,562,394
2015-12-28,165,154,11,53,302,20944,3135,24079,17809
2015-12-29,142,134,8,43,324,40440,1024,41464,39416
2015-12-30,125,119,6,56,227,2183,1629,3812,554
2015-12-31,94,76,18,39,137,1755,1410,3165,345
2016-01-01,75,73,2,25,273,2703,2462,5165,241
2016-01-02,12,11,1,6,16,227,100,327,127
2016-01-03,26,22,4,17,31,683,126,809,557
2016-01-04,272,264,8,83,429,5997,4457,10454,1540
2016-01-05,267,248,19,69,399,6596,3456,10052,3140
2016-01-06,205,185,20,78,316,6119,1628,7747,4491
2016-01-07,360,342,18,124,963,11697,7557,19254,4140
2016-01-08,193,175,18,89,356,6453,3727,10180,2726
2016-01-09,77,68,9,36,135,2516,1280,3796,1236
2016-01-10,93,85,8,44,161,6807,605,7412,6202
2016-01-11,478,426,52,120,1217,16416,8659,25075,7757
2016-01-12,246,183,63,69,320,4293,1709,6002,2584
2016-01-13,154,118,36,63,156,2205,1187,3392,1018
2016-01-14,121,104,17,55,216,5369,1440,6809,3929
2016-01-15,243,219,24,105,655,4100,2425,6525,1675
2016-01-16,167,165,2,39,445,5634,3643,9277,1991
2016-01-17,19,8,11,7,14,114,43,157,71
2016-01-18,95,83,12,44,118,1972,689,2661,1283
2016-01-19,165,160,5,68,329,4777,1514,6291,3263
2016-01-20,88,73,15,41,132,4709,803,5512,3906
2016-01-21,244,218,26,92,508,7222,5747,12969,1475
2016-01-22,104,90,14,41,335,3756,1579,5335,2177
2016-01-23,71,62,9,23,116,1454,869,2323,585
2016-01-24,137,128,9,45,197,5788,1107,6895,4681
2016-01-25,289,284,5,149,450,4748,2642,7390,2106
2016-01-26,154,148,6,73,221,3430,984,4414,2446
2016-01-27,196,189,7,81,349,8352,4150,12502,4202
2016-01-28,159,156,3,56,313,9678,1858,11536,7820
2016-01-29,269,247,22,109,461,6375,12821,19196,-6446
2016-01-30,118,105,13,52,226,2828,1409,4237,1419
2016-01-31,29,20,9,19,37,943,279,1222,664
2016-02-01,240,220,20,86,367,6398,1494,7892,4904
2016-02-02,133,132,1,66,270,1924,1174,3098,750
2016-02-03,451,440,11,100,864,6851,58558,65409,-51707
2016-02-04,138,130,8,58,247,1918,1583,3501,335
2016-02-05,119,105,14,61,245,9153,857,10010,8296
2016-02-06,136,126,10,59,207,3998,1877,5875,2121
2016-02-07,222,211,11,63,396,4881,4314,9195,567
2016-02-08,573,557,16,178,973,13527,11149,24676,2378
2016-02-09,291,272,19,102,542,8767,4228,12995,4539
2016-02-10,351,331,20,116,758,15670,9626,25296,6044
2016-02-11,249,231,18,94,442,9709,4986,14695,4723
2016-02-12,319,302,17,111,517,8065,4673,12738,3392
2016-02-13,39,33,6,23,63,1514,472,1986,1042
2016-02-14,34,14,20,14,23,214,74,288,140
2016-02-15,312,309,3,102,613,9056,6195,15251,2861
2016-02-16,342,319,23,114,583,12196,5377,17573,6819
2016-02-17,323,301,22,120,626,11103,6158,17261,4945
2016-02-18,296,282,14,111,579,15243,7812,23055,7431
2016-02-19,304,276,28,108,540,12471,3664,16135,8807
2016-02-20,330,315,15,80,733,12311,9243,21554,3068
2016-02-21,45,39,6,20,90,1235,1012,2247,223
2016-02-22,283,254,29,84,429,6547,3692,10239,2855
2016-02-23,338,333,5,86,712,7741,4540,12281,3201
2016-02-24,556,520,36,165,1007,20490,5984,26474,14506
2016-02-25,349,321,28,122,521,10725,3256,13981,7469
2016-02-26,457,403,54,117,885,12061,6668,18729,5393
2016-02-27,111,104,7,40,251,3775,1015,4790,2760
2016-02-28,36,28,8,15,45,559,323,882,236
2016-02-29,585,559,26,150,1088,45078,9001,54079,36077
2016-03-01,359,338,21,120,700,14219,5383,19602,8836
2016-03-02,373,325,48,138,797,11182,10290,21472,892
2016-03-03,432,416,16,150,858,11770,11253,23023,517
2016-03-04,256,239,17,84,433,8945,6071,15016,2874
2016-03-05,188,160,28,79,316,5161,1717,6878,3444
2016-03-06,57,36,21,19,85,1820,1121,2941,699
2016-03-07,189,181,8,87,450,7808,8274,16082,-466
2016-03-08,337,316,21,124,635,10637,4906,15543,5731
2016-03-09,319,309,10,111,663,17979,8309,26288,9670
2016-03-10,345,321,24,99,513,13179,4061,17240,9118
2016-03-11,517,493,24,108,1611,36862,21946,58808,14916
2016-03-12,289,287,2,66,544,8266,12479,20745,-4213
2016-03-13,82,40,42,31,87,863,403,1266,460
2016-03-14,425,375,50,118,791,24499,14830,39329,9669
2016-03-15,209,180,29,67,397,5227,2563,7790,2664
2016-03-16,192,161,31,75,383,18149,4984,23133,13165
2016-03-17,299,273,26,122,611,11674,4800,16474,6874
2016-03-18,145,127,18,74,262,6660,4390,11050,2270
2016-03-19,46,34,12,19,59,1003,321,1324,682
2016-03-20,69,51,18,34,80,751,308,1059,443
2016-03-21,153,137,16,67,257,5011,1577,6588,3434
2016-03-22,194,178,16,74,353,9472,1987,11459,7485
2016-03-23,160,154,6,62,297,2756,3576,6332,-820
2016-03-24,51,31,20,28,60,476,423,899,53
2016-03-25,117,93,24,39,209,3069,1666,4735,1403
2016-03-26,35,31,4,12,58,510,282,792,228
2016-03-27,75,75,0,15,100,2945,1026,3971,1919
2016-03-28,407,400,7,92,684,9196,7148,16344,2048
2016-03-29,199,195,4,95,327,5081,2416,7497,2665
2016-03-30,213,208,5,99,377,4405,3531,7936,874
2016-03-31,335,325,10,107,842,13094,18364,31458,-5270
2016-04-01,134,119,15,72,231,10760,1585,12345,9175
2016-04-02,21,12,9,8,17,133,113,246,20
2016-04-03,72,67,5,32,162,4341,802,5143,3539
2016-04-04,164,149,15,73,729,11705,5468,17173,6237
2016-04-05,362,342,20,123,666,10722,7533,18255,3189
2016-04-06,198,188,10,78,360,7005,3359,10364,3646
2016-04-07,186,175,11,78,307,3233,1453,4686,1780
2016-04-08,163,148,15,54,304,3792,1818,5610,1974
2016-04-09,51,37,14,22,82,2480,1315,3795,1165
2016-04-10,30,30,0,21,83,2660,270,2930,2390
2016-04-11,231,215,16,72,567,6952,7981,14933,-1029
2016-04-12,269,262,7,102,756,8799,4105,12904,4694
2016-04-13,412,371,41,124,873,14367,6847,21214,7520
2016-04-14,293,277,16,97,597,12088,5064,17152,7024
2016-04-15,348,316,32,110,550,14124,3756,17880,10368
2016-04-16,65,53,12,30,94,2713,720,3433,1993
2016-04-17,44,36,8,18,79,723,446,1169,277
2016-04-18,140,133,7,70,250,4831,1310,6141,3521
2016-04-19,348,341,7,102,538,22171,4028,26199,18143
2016-04-20,269,261,8,92,497,9874,2898,12772,6976
2016-04-21,237,211,26,90,381,5564,2648,8212,2916
2016-04-22,156,136,20,59,254,3256,1986,5242,1270
2016-04-23,60,46,14,29,92,1239,812,2051,427
2016-04-24,87,69,18,34,133,2560,516,3076,2044
2016-04-25,325,290,35,112,525,7778,4239,12017,3539
2016-04-26,470,439,31,172,831,15306,5874,21180,9432
2016-04-27,199,181,18,92,329,5317,1669,6986,3648
2016-04-28,467,429,38,143,970,18627,7519,26146,11108
2016-04-29,466,436,30,127,760,22620,8183,30803,14437
2016-04-30,210,204,6,75,428,6435,2956,9391,3479
2016-05-01,133,132,1,38,385,7037,5079,12116,1958
2016-05-02,342,325,17,101,592,8259,5612,13871,2647
2016-05-03,340,318,22,108,584,16176,9800,25976,6376
2016-05-04,266,237,29,101,571,10322,4445,14767,5877
2016-05-05,396,378,18,103,860,69397,9086,78483,60311
2016-05-06,268,239,29,115,502,13808,4375,18183,9433
2016-05-07,72,63,9,27,107,1242,632,1874,610
2016-05-08,44,44,0,20,101,1300,891,2191,409
2016-05-09,402,359,43,134,778,13677,5537,19214,8140
2016-05-10,323,277,46,111,531,12417,4052,16469,8365
2016-05-11,330,312,18,125,711,9978,4125,14103,5853
2016-05-12,180,158,22,81,359,13963,2172,16135,11791
2016-05-13,545,498,47,125,1042,20469,7666,28135,12803
2016-05-14,98,92,6,45,163,4645,740,5385,3905
2016-05-15,18,14,4,8,23,665,82,747,583
2016-05-16,149,104,45,59,198,3625,1266,4891,2359
2016-05-17,297,238,59,96,528,7787,3569,11356,4218
2016-05-18,130,100,30,57,181,2859,844,3703,2015
2016-05-19,112,93,19,33,200,3512,3425,6937,87
2016-05-20,387,353,34,106,971,11676,4724,16400,6952
2016-05-21,222,208,14,74,468,7252,3341,10593,3911
2016-05-22,27,26,1,11,43,695,188,883,507
2016-05-23,102,90,12,38,172,2621,1362,3983,1259
2016-05-24,164,144,20,57,382,2421,1948,4369,473
2016-05-25,143,123,20,46,300,9067,3857,12924,5210
2016-05-26,94,78,16,47,196,1400,3503,4903,-2103
2016-05-27,128,92,36,44,211,2161,907,3068,1254
2016-05-28,92,80,12,25,148,2640,540,3180,2100
2016-05-29,52,50,2,16,119,1003,521,1524,482
2016-05-30,311,308,3,99,510,9975,2601,12576,7374
2016-05-31,210,206,4,93,383,12945,6039,18984,6906
2016-06-01,167,159,8,66,274,4458,2333,6791,2125
2016-06-02,167,160,7,64,313,4790,2404,7194,2386
2016-06-03,231,213,18,92,564,10748,9303,20051,1445
2016-06-04,65,54,11,22,121,9451,992,10443,8459
2016-06-05,24,20,4,7,50,884,605,1489,279
2016-06-06,152,146,6,59,250,4268,1562,5830,2706
2016-06-07,280,267,13,99,894,15753,9372,25125,6381
2016-06-08,325,308,17,115,555,20734,6433,27167,14301
2016-06-09,162,139,23,81,256,2429,2363,4792,66
2016-06-10,333,309,24,103,586,13276,5570,18846,7706
2016-06-11,114,99,15,45,232,3518,869,4387,2649
2016-06-12,44,40,4,22,56,848,268,1116,580
2016-06-13,254,233,21,87,402,6350,3665,10015,2685
2016-06-14,335,316,19,108,604,12090,5012,17102,7078
2016-06-15,242,223,19,91,445,11129,3835,14964,7294
2016-06-16,269,250,19,87,482,15942,4539,20481,11403
2016-06-17,182,169,13,77,314,7518,2522,10040,4996
2016-06-18,239,223,16,53,850,6034,6453,12487,-419
2016-06-19,82,70,12,30,168,898,1386,2284,-488
2016-06-20,258,242,16,93,477,7930,5040,12970,2890
2016-06-21,384,371,13,127,713,19505,14192,33697,5313
2016-06-22,147,140,7,69,259,3118,2566,5684,552
2016-06-23,307,294,13,119,674,12907,4327,17234,8580
2016-06-24,184,167,17,69,332,9127,5147,14274,3980
2016-06-25,313,291,22,87,604,9707,6255,15962,3452
2016-06-26,54,50,4,27,74,1012,702,1714,310
2016-06-27,269,257,12,118,560,15680,2982,18662,12698
2016-06-28,329,320,9,84,646,21800,4883,26683,16917
2016-06-29,329,305,24,132,474,11422,3057,14479,8365
2016-06-30,284,264,20,78,853,81448,3610,85058,77838
2016-07-01,271,242,29,92,722,7653,4201,11854,3452
2016-07-02,89,72,17,30,129,3503,1248,4751,2255
2016-07-03,101,97,4,21,732,3993,10438,14431,-6445
2016-07-04,267,259,8,91,723,19547,12633,32180,6914
2016-07-05,331,299,32,107,1170,30620,12499,43119,18121
2016-07-06,230,206,24,82,442,6929,3272,10201,3657
2016-07-07,413,367,46,88,687,10315,8753,19068,1562
2016-07-08,385,352,33,123,1376,21290,5903,27193,15387
2016-07-09,117,106,11,46,282,8674,2398,11072,6276
2016-07-10,68,65,3,26,192,2548,3112,5660,-564
2016-07-11,241,232,9,99,424,14100,5346,19446,8754
2016-07-12,302,295,7,90,715,12991,5265,18256,7726
2016-07-13,183,170,13,74,363,5414,2381,7795,3033
2016-07-14,444,408,36,107,974,12966,4446,17412,8520
2016-07-15,394,369,25,127,735,9663,5770,15433,3893
2016-07-16,144,121,23,33,215,4348,1544,5892,2804
2016-07-17,139,137,2,43,279,9016,3893,12909,5123
2016-07-18,266,263,3,67,524,17255,10890,28145,6365
2016-07-19,234,221,13,105,374,7259,1592,8851,5667
2016-07-20,203,186,17,70,445,15489,2980,18469,12509
2016-07-21,153,140,13,68,420,8274,3334,11608,4940
2016-07-22,129,122,7,64,227,3822,1162,4984,2660
2016-07-23,95,76,19,18,170,4301,2838,7139,1463
2016-07-24,111,74,37,37,137,1714,962,2676,752
2016-07-25,259,213,46,81,334,5845,2901,8746,2944
2016-07-26,296,265,31,102,726,13972,6955,20927,7017
2016-07-27,87,49,38,35,84,670,548,1218,122
2016-07-28,219,204,15,73,700,7120,66486,73606,-59366
2016-07-29,183,158,25,54,303,3898,2301,6199,1597
2016-07-30,24,14,10,7,21,111,84,195,27
2016-07-31,64,59,5,27,99,563,268,831,295
2016-08-01,173,142,31,43,247,5911,703,6614,5208
2016-08-02,319,306,13,121,742,13894,7714,21608,6180
2016-08-03,167,159,8,52,417,8925,2418,11343,6507
2016-08-04,184,168,16,63,591,18777,4769,23546,14008
2016-08-05,136,124,12,41,237,4813,2076,6889,2737
2016-08-06,31,10,21,11,23,319,323,642,-4
2016-08-07,14,8,6,6,71,305,231,536,74
2016-08-08,698,683,15,149,1291,29960,6840,36800,23120
2016-08-09,329,320,9,134,573,11289,4597,15886,6692
2016-08-10,236,230,6,108,483,4745,3238,7983,1507
2016-08-11,182,172,10,96,295,5075,1861,6936,3214
2016-08-12,126,104,22,63,208,13306,615,13921,12691
2016-08-13,147,137,10,37,298,14574,2727,17301,11847
2016-08-14,32,28,4,14,55,855,1127,1982,-272
2016-08-15,385,363,22,106,745,14653,12780,27433,1873
2016-08-16,131,125,6,59,270,6097,4846,10943,1251
2016-08-17,119,112,7,59,223,10898,2202,13100,8696
2016-08-18,238,214,24,100,346,6854,3792,10646,3062
2016-08-19,218,189,29,99,341,12248,1483,13731,10765
2016-08-20,57,53,4,27,88,2890,1508,4398,1382
2016-08-21,290,286,4,96,739,11587,7633,19220,3954
2016-08-22,325,318,7,120,849,25225,8480,33705,16745
2016-08-23,264,246,18,85,894,9850,4385,14235,5465
2016-08-24,445,421,24,146,803,18392,15364,33756,3028
2016-08-25,237,219,18,89,392,7401,2938,10339,4463
2016-08-26,125,118,7,68,195,2421,1992,4413,429
2016-08-27,59,44,15,30,69,997,269,1266,728
2016-08-28,22,17,5,7,29,372,554,926,-182
2016-08-29,194,186,8,80,357,6895,4606,11501,2289
2016-08-30,290,276,14,96,473,5306,2694,8000,2612
2016-08-31,386,374,12,151,696,37589,5617,43206,31972
2016-09-01,333,316,17,112,663,7181,5058,12239,2123
2016-09-02,292,262,30,110,483,10960,4335,15295,6625
2016-09-03,113,99,14,49,172,4118,672,4790,3446
2016-09-04,47,41,6,23,62,1596,1358,2954,238
2016-09-05,158,142,16,73,232,4045,1554,5599,2491
2016-09-06,220,201,19,103,327,6150,2575,8725,3575
2016-09-07,149,142,7,66,264,7675,1779,9454,5896
2016-09-08,241,220,21,100,407,18641,5607,24248,13034
2016-09-09,420,396,24,113,1001,26204,10528,36732,15676
2016-09-10,147,137,10,59,375,10413,68993,79406,-58580
2016-09-11,63,55,8,16,116,3873,1604,5477,2269
2016-09-12,321,310,11,114,647,6025,5626,11651,399
2016-09-13,350,309,41,125,541,5924,3775,9699,2149
2016-09-14,302,249,53,100,421,12942,2172,15114,10770
2016-09-15,249,236,13,94,434,7034,2618,9652,4416
2016-09-16,354,331,23,110,569,11654,7345,18999,4309
2016-09-17,94,85,9,28,186,3327,1743,5070,1584
2016-09-18,64,59,5,24,101,5088,944,6032,4144
2016-09-19,638,594,44,189,1577,39395,54179,93574,-14784
2016-09-20,286,272,14,112,550,5759,4727,10486,1032
2016-09-21,280,264,16,95,513,14865,7512,22377,7353
2016-09-22,446,427,19,150,1007,30377,43151,73528,-12774
2016-09-23,269,244,25,113,464,4978,2190,7168,2788
2016-09-24,111,100,11,57,220,5893,1416,7309,4477
2016-09-25,113,107,6,44,268,10526,1449,11975,9077
2016-09-26,308,298,10,109,507,6797,3512,10309,3285
2016-09-27,309,301,8,132,707,8352,16258,24610,-7906
2016-09-28,181,159,22,73,422,3328,2513,5841,815
2016-09-29,113,87,26,45,143,2873,442,3315,2431
2016-09-30,207,181,26,83,409,6677,3529,10206,3148
2016-10-01,71,57,14,28,115,2522,751,3273,1771
2016-10-02,213,203,10,41,387,17166,2793,19959,14373
2016-10-03,184,137,47,52,257,6473,1095,7568,5378
2016-10-04,399,362,37,102,719,18726,6513,25239,12213
2016-10-05,121,107,14,38,280,7305,1726,9031,5579
2016-10-06,125,106,19,36,323,4479,2438,6917,2041
2016-10-07,159,132,27,45,264,4023,2377,6400,1646
2016-10-08,212,193,19,64,480,3896,2826,6722,1070
2016-10-09,19,16,3,10,21,177,123,300,54
2016-10-10,119,96,23,44,169,2181,805,2986,1376
2016-10-11,178,164,14,73,360,4957,2339,7296,2618
2016-10-12,223,209,14,49,318,3716,2269,5985,1447
2016-10-13,88,83,5,54,260,915,702,1617,213
2016-10-14,185,151,34,45,546,27521,3161,30682,24360
2016-10-15,31,21,10,18,30,285,167,452,118
2016-10-16,319,315,4,72,698,11185,12676,23861,-1491
2016-10-17,235,228,7,112,458,93318,1117,94435,92201
2016-10-18,210,192,18,74,420,9154,4270,13424,4884
2016-10-19,232,220,12,96,420,6381,2236,8617,4145
2016-10-20,237,226,11,86,493,3921,6583,10504,-2662
2016-10-21,339,322,17,95,673,17068,4677,21745,12391
2016-10-22,47,33,14,19,62,2096,309,2405,1787
2016-10-23,103,95,8,34,164,5490,2982,8472,2508
2016-10-24,345,340,5,133,714,15076,8034,23110,7042
2016-10-25,336,327,9,100,911,14668,10633,25301,4035
2016-10-26,161,156,5,71,234,5628,1103,6731,4525
2016-10-27,213,197,16,97,503,13265,3232,16497,10033
2016-10-28,239,208,31,96,514,6992,5529,12521,1463
2016-10-29,123,94,29,70,167,1526,1205,2731,321
2016-10-30,124,114,10,56,263,4915,2217,7132,2698
2016-10-31,180,167,13,72,325,6867,2041,8908,4826
2016-11-01,232,217,15,80,510,7181,3514,10695,3667
2016-11-02,202,195,7,72,636,5628,5961,11589,-333
2016-11-03,195,189,6,58,395,16768,9453,26221,7315
2016-11-04,209,192,17,72,385,11145,3446,14591,7699
2016-11-05,78,63,15,31,117,2961,1479,4440,1482
2016-11-06,16,12,4,8,12,55,137,192,-82
2016-11-07,394,379,15,129,677,14040,6863,20903,7177
2016-11-08,367,352,15,105,644,9141,5066,14207,4075
2016-11-09,249,231,18,104,396,7607,3088,10695,4519
2016-11-10,272,255,17,100,572,25726,20439,46165,5287
2016-11-11,205,185,20,87,376,61295,3723,65018,57572
2016-11-12,40,30,10,22,53,684,927,1611,-243
2016-11-13,168,152,16,64,358,10903,1490,12393,9413
2016-11-14,380,360,20,158,652,14233,5164,19397,9069
2016-11-15,325,310,15,128,543,12794,5161,17955,7633
2016-11-16,441,410,31,155,963,23045,8419,31464,14626
2016-11-17,311,293,18,124,678,21158,3432,24590,17726
2016-11-18,508,439,69,141,1115,23484,12059,35543,11425
2016-11-19,180,143,37,41,302,5786,3576,9362,2210
2016-11-20,31,28,3,15,44,598,320,918,278
2016-11-21,223,213,10,95,351,4323,2446,6769,1877
2016-11-22,308,288,20,110,512,12623,3581,16204,9042
2016-11-23,424,410,14,145,715,11799,5302,17101,6497
2016-11-24,155,139,16,81,242,3617,1564,5181,2053
2016-11-25,190,168,22,79,308,6894,3205,10099,3689
2016-11-26,67,58,9,27,93,1160,649,1809,511
2016-11-27,62,58,4,20,131,1816,1070,2886,746
2016-11-28,211,193,18,80,389,18975,5189,24164,13786
2016-11-29,492,483,9,187,857,15849,8153,24002,7696
2016-11-30,406,338,68,133,694,31934,7150,39084,24784
2016-12-01,288,272,16,117,605,33563,10301,43864,23262
2016-12-02,171,152,19,74,342,10180,1900,12080,8280
2016-12-03,138,131,7,58,318,5678,1993,7671,3685
2016-12-04,71,65,6,20,236,2723,858,3581,1865
2016-12-05,266,254,12,90,447,6308,3314,9622,2994
2016-12-06,289,272,17,136,718,22167,11350,33517,10817
2016-12-07,244,223,21,102,409,7604,2438,10042,5166
2016-12-08,213,196,17,100,326,8618,1479,10097,7139
2016-12-09,125,112,13,58,310,3305,1706,5011,1599
2016-12-10,93,86,7,35,149,3999,2257,6256,1742
2016-12-11,86,79,7,46,177,2519,1154,3673,1365
2016-12-12,286,185,101,70,352,7191,2840,10031,4351
2016-12-13,304,257,47,114,480,8245,5893,14138,2352
2016-12-14,195,157,38,76,328,21192,4190,25382,17002
2016-12-15,335,307,28,86,900,10595,15404,25999,-4809
2016-12-16,129,107,22,53,195,3653,1491,5144,2162
2016-12-17,51,45,6,25,70,1065,316,1381,749
2016-12-18,86,66,20,33,175,1998,932,2930,1066
2016-12-19,120,114,6,44,180,1845,1268,3113,577
2016-12-20,96,84,12,51,152,1600,713,2313,887
2016-12-21,66,63,3,31,96,1955,1005,2960,950
2016-12-22,74,59,15,26,88,1273,369,1642,904
2016-12-23,66,54,12,33,74,1249,408,1657,841
2016-12-24,13,6,7,4,1099,1528,1216,2744,312
2016-12-25,24,21,3,5,337,1116,1426,2542,-310
2016-12-26,23,21,2,16,309,1335,1881,3216,-546
2016-12-27,138,133,5,48,236,14039,3169,17208,10870
2016-12-28,71,67,4,41,108,2273,2199,4472,74
2016-12-29,70,67,3,34,129,1307,905,2212,402
2016-12-30,140,137,3,57,380,3105,2111,5216,994
2016-12-31,39,39,0,20,56,616,363,979,253
2017-01-01,7,5,2,5,10,188,151,339,37
2017-01-02,265,256,9,99,534,9993,6015,16008,3978
2017-01-03,406,397,9,142,669,9605,4697,14302,4908
2017-01-04,212,189,23,86,284,4938,3896,8834,1042
2017-01-05,232,218,14,106,446,6370,14101,20471,-7731
2017-01-06,151,132,19,81,238,3998,3492,7490,506
2017-01-07,36,33,3,19,65,454,2359,2813,-1905
2017-01-08,57,45,12,23,176,1473,973,2446,500
2017-01-09,271,245,26,109,621,16127,5001,21128,11126
2017-01-10,411,389,22,154,707,14524,4366,18890,10158
2017-01-11,228,219,9,117,363,6163,3088,9251,3075
2017-01-12,309,293,16,146,523,8718,3890,12608,4828
2017-01-13,145,140,5,75,247,5659,9060,14719,-3401
2017-01-14,126,117,9,38,326,5489,1986,7475,3503
2017-01-15,45,34,11,14,66,5588,232,5820,5356
2017-01-16,260,247,13,87,473,5229,7668,12897,-2439
2017-01-17,206,171,35,91,270,4417,1417,5834,3000
2017-01-18,196,182,14,79,403,5975,2585,8560,3390
2017-01-19,290,274,16,113,618,8573,2705,11278,5868
2017-01-20,245,221,24,98,398,6037,3024,9061,3013
2017-01-21,41,41,0,20,55,1686,151,1837,1535
2017-01-22,101,81,20,32,157,1556,613,2169,943
2017-01-23,231,222,9,98,430,7480,3408,10888,4072
2017-01-24,364,344,20,123,894,20060,6272,26332,13788
2017-01-25,298,284,14,143,574,14569,3118,17687,11451
2017-01-26,251,227,24,107,507,6308,2443,8751,3865
2017-01-27,413,380,33,143,1542,17216,14619,31835,2597
2017-01-28,124,115,9,39,405,6900,2606,9506,4294
2017-01-29,90,74,16,34,158,1982,761,2743,1221
2017-01-30,388,324,64,142,791,13980,7950,21930,6030
2017-01-31,437,406,31,138,853,23141,9186,32327,13955
2017-02-01,212,197,15,74,444,7781,4560,12341,3221
2017-02-02,160,145,15,63,398,3545,1889,5434,1656
2017-02-03,585,556,29,188,1137,28376,13772,42148,14604
2017-02-04,70,62,8,31,106,3616,475,4091,3141
2017-02-05,64,61,3,29,108,4803,684,5487,4119
2017-02-06,259,241,18,88,491,15206,4624,19830,10582
2017-02-07,301,265,36,101,697,12689,9004,21693,3685
2017-02-08,385,370,15,154,718,18611,6761,25372,11850
2017-02-09,263,243,20,106,746,10660,8396,19056,2264
2017-02-10,346,307,39,119,585,17952,4957,22909,12995
2017-02-11,56,47,9,23,103,15449,775,16224,14674
2017-02-12,118,117,1,44,236,2787,2007,4794,780
2017-02-13,379,374,5,106,724,16435,4115,20550,12320
2017-02-14,316,304,12,120,690,23228,5189,28417,18039
2017-02-15,214,200,14,100,324,13854,9314,23168,4540
2017-02-16,204,184,20,88,260,3849,2280,6129,1569
2017-02-17,338,313,25,99,695,9941,7206,17147,2735
2017-02-18,22,21,1,13,46,2928,62,2990,2866
2017-02-19,176,125,51,58,258,6018,1964,7982,4054
2017-02-20,190,145,45,59,268,4905,2009,6914,2896
2017-02-21,195,140,55,66,272,5000,2965,7965,2035
2017-02-22,132,109,23,52,294,15151,4115,19266,11036
2017-02-23,375,334,41,119,658,18554,4404,22958,14150
2017-02-24,148,142,6,59,240,4119,2428,6547,1691
2017-02-25,180,169,11,79,432,8699,4743,13442,3956
2017-02-26,32,29,3,21,36,402,289,691,113
2017-02-27,112,106,6,49,216,2006,1283,3289,723
2017-02-28,273,249,24,72,921,6097,5318,11415,779
2017-03-01,207,192,15,71,316,3793,2160,5953,1633
2017-03-02,188,165,23,55,1808,4951,2431,7382,2520
2017-03-03,239,223,16,66,531,9834,4286,14120,5548
2017-03-04,33,20,13,13,38,1087,517,1604,570
2017-03-05,25,24,1,16,43,990,73,1063,917
2017-03-06,515,512,3,182,2056,214221,5849,220070,208372
2017-03-07,401,378,23,123,727,16755,6588,23343,10167
2017-03-08,215,208,7,85,435,6606,3401,10007,3205
2017-03-09,362,344,18,120,639,24121,5075,29196,19046
2017-03-10,203,181,22,79,365,7197,2256,9453,4941
2017-03-11,37,29,8,18,65,460,429,889,31
2017-03-12,81,77,4,29,161,1778,3726,5504,-1948
2017-03-13,333,316,17,107,611,13439,7035,20474,6404
2017-03-14,197,187,10,85,344,8030,2082,10112,5948
2017-03-15,213,194,19,89,369,5248,2559,7807,2689
2017-03-16,368,356,12,136,628,10420,4392,14812,6028
2017-03-17,233,214,19,108,410,6644,3089,9733,3555
2017-03-18,44,41,3,19,84,986,896,1882,90
2017-03-19,44,43,1,14,75,1355,493,1848,862
2017-03-20,166,160,6,73,328,3375,2715,6090,660
2017-03-21,312,299,13,115,499,9079,5753,14832,3326
2017-03-22,370,336,34,139,610,12245,4343,16588,7902
2017-03-23,424,404,20,126,735,13755,7237,20992,6518
2017-03-24,302,267,35,113,525,18597,4807,23404,13790
2017-03-25,81,73,8,39,165,3950,1657,5607,2293
2017-03-26,25,15,10,11,30,537,76,613,461
2017-03-27,185,176,9,85,433,7888,4022,11910,3866
2017-03-28,379,366,13,96,779,18311,6339,24650,11972
2017-03-29,339,316,23,125,632,10530,7586,18116,2944
2017-03-30,543,523,20,132,1071,412549,10059,422608,402490
2017-03-31,231,196,35,80,379,9018,3312,12330,5706
2017-04-01,96,83,13,44,165,3827,983,4810,2844
2017-04-02,101,86,15,35,163,3021,1629,4650,1392
2017-04-03,242,224,18,86,437,9764,3979,13743,5785
2017-04-04,289,266,23,114,560,15757,3712,19469,12045
2017-04-05,407,394,13,128,852,20142,16476,36618,3666
2017-04-06,340,315,25,120,638,11787,5823,17610,5964
2017-04-07,285,265,20,103,550,10902,5239,16141,5663
2017-04-08,322,309,13,125,823,119517,6119,125636,113398
2017-04-09,99,91,8,14,156,1387,1200,2587,187
2017-04-10,351,335,16,121,687,18766,14603,33369,4163
2017-04-11,326,311,15,107,567,12262,7995,20257,4267
2017-04-12,301,272,29,121,394,9413,2655,12068,6758
2017-04-13,274,261,13,97,594,10069,3166,13235,6903
2017-04-14,224,202,22,73,427,9127,4700,13827,4427
2017-04-15,66,57,9,22,159,6677,701,7378,5976
2017-04-16,41,31,10,20,57,8324,162,8486,8162
2017-04-17,142,128,14,64,264,7252,3459,10711,3793
2017-04-18,331,317,14,107,651,10665,7743,18408,2922
2017-04-19,409,341,68,130,955,27095,10039,37134,17056
2017-04-20,450,424,26,120,1011,19374,9792,29166,9582
2017-04-21,235,213,22,102,423,6132,2608,8740,3524
2017-04-22,41,39,2,18,63,1896,201,2097,1695
2017-04-23,36,32,4,14,70,998,461,1459,537
2017-04-24,430,408,22,128,760,19345,4259,23604,15086
2017-04-25,290,279,11,116,578,14666,8127,22793,6539
2017-04-26,220,203,17,90,445,8282,2710,10992,5572
2017-04-27,197,178,19,97,332,9852,2609,12461,7243
2017-04-28,429,388,41,137,964,41486,6109,47595,35377
2017-04-29,20,18,2,13,29,132,81,213,51
2017-04-30,122,92,30,45,190,3904,1302,5206,2602
2017-05-01,221,184,37,80,769,6378,30531,36909,-24153
2017-05-02,219,180,39,73,355,13835,8527,22362,5308
2017-05-03,239,212,27,90,397,6315,3091,9406,3224
2017-05-04,184,165,19,73,352,7306,2522,9828,4784
2017-05-05,97,82,15,50,136,1733,812,2545,921
2017-05-06,16,4,12,5,5,104,37,141,67
2017-05-07,28,27,1,16,34,310,90,400,220
2017-05-08,117,109,8,53,202,3357,748,4105,2609
2017-05-09,251,220,31,91,548,5096,2855,7951,2241
2017-05-10,111,92,19,29,266,2928,3436,6364,-508
2017-05-11,75,63,12,35,113,1559,654,2213,905
2017-05-12,84,64,20,48,116,2618,660,3278,1958
2017-05-13,25,21,4,12,29,1134,217,1351,917
2017-05-14,117,114,3,61,285,3564,1393,4957,2171
2017-05-15,442,433,9,168,862,11060,8495,19555,2565
2017-05-16,220,212,8,95,566,14657,14575,29232,82
2017-05-17,269,258,11,83,560,7089,3837,10926,3252
2017-05-18,310,293,17,121,538,10714,5798,16512,4916
2017-05-19,176,155,21,83,308,3527,1095,4622,2432
2017-05-20,22,12,10,7,18,75,27,102,48
2017-05-21,96,88,8,39,179,3150,1194,4344,1956
2017-05-22,251,238,13,98,424,8946,6951,15897,1995
2017-05-23,212,201,11,96,325,5449,2193,7642,3256
2017-05-24,476,465,11,129,908,308723,8786,317509,299937
2017-05-25,178,168,10,82,294,4902,2123,7025,2779
2017-05-26,195,168,27,65,310,8358,5907,14265,2451
2017-05-27,73,61,12,25,93,973,929,1902,44
2017-05-28,37,35,2,12,50,576,582,1158,-6
2017-05-29,169,165,4,59,279,2990,2287,5277,703
2017-05-30,226,215,11,81,374,6232,3370,9602,2862
2017-05-31,194,187,7,73,432,10363,5371,15734,4992
2017-06-01,288,269,19,111,585,14714,6516,21230,8198
2017-06-02,294,256,38,91,518,7735,6030,13765,1705
2017-06-03,142,136,6,54,200,5233,1920,7153,3313
2017-06-04,106,98,8,28,241,3707,4202,7909,-495
2017-06-05,258,245,13,100,659,7766,3970,11736,3796
2017-06-06,381,364,17,148,644,11814,4745,16559,7069
2017-06-07,295,287,8,116,600,10832,4980,15812,5852
2017-06-08,393,372,21,127,709,10084,5575,15659,4509
2017-06-09,429,412,17,118,1054,17981,9718,27699,8263
2017-06-10,127,109,18,31,267,10574,1781,12355,8793
2017-06-11,113,99,14,25,202,7841,2317,10158,5524
2017-06-12,276,264,12,105,492,8928,3452,12380,5476
2017-06-13,522,502,20,170,1005,17325,9742,27067,7583
2017-06-14,241,227,14,97,500,39055,2744,41799,36311
2017-06-15,334,317,17,109,568,12878,3555,16433,9323
2017-06-16,314,273,41,100,1548,16494,10182,26676,6312
2017-06-17,61,54,7,23,103,1478,891,2369,587
2017-06-18,95,88,7,18,199,1681,1305,2986,376
2017-06-19,378,293,85,115,692,14998,5692,20690,9306
2017-06-20,632,592,40,165,1315,52111,10900,63011,41211
2017-06-21,233,218,15,109,459,11766,4567,16333,7199
2017-06-22,375,360,15,123,690,11401,4058,15459,7343
2017-06-23,313,283,30,131,602,13253,5649,18902,7604
2017-06-24,72,61,11,32,92,1872,650,2522,1222
2017-06-25,100,89,11,33,148,2993,861,3854,2132
2017-06-26,151,143,8,60,308,6095,2336,8431,3759
2017-06-27,270,256,14,107,763,13153,4830,17983,8323
2017-06-28,336,318,18,105,688,8195,6777,14972,1418
2017-06-29,359,338,21,114,721,8636,5307,13943,3329
2017-06-30,180,168,12,82,373,6898,3135,10033,3763
2017-07-01,140,125,15,40,400,4928,1455,6383,3473
2017-07-02,128,118,10,46,169,3483,756,4239,2727
2017-07-03,243,147,96,75,289,6786,2635,9421,4151
2017-07-04,240,194,46,62,353,4376,2674,7050,1702
2017-07-05,112,85,27,57,190,2763,979,3742,1784
2017-07-06,342,319,23,122,606,12555,3882,16437,8673
2017-07-07,192,165,27,41,283,4689,1685,6374,3004
2017-07-08,52,31,21,24,67,433,316,749,117
2017-07-09,59,47,12,20,81,2342,637,2979,1705
2017-07-10,180,161,19,95,220,1929,1507,3436,422
2017-07-11,93,83,10,42,149,1925,664,2589,1261
2017-07-12,213,205,8,80,352,5183,2104,7287,3079
2017-07-13,152,128,24,41,338,3455,2131,5586,1324
2017-07-14,294,280,14,72,499,14862,7045,21907,7817
2017-07-15,46,26,20,19,30,316,139,455,177
2017-07-16,202,199,3,76,326,9116,6701,15817,2415
2017-07-17,397,383,14,141,674,17087,5593,22680,11494
2017-07-18,374,364,10,116,734,19877,17886,37763,1991
2017-07-19,260,255,5,80,478,13723,2097,15820,11626
2017-07-20,312,298,14,120,477,12129,3716,15845,8413
2017-07-21,119,99,20,56,224,3268,1715,4983,1553
2017-07-22,58,52,6,21,125,2016,1238,3254,778
2017-07-23,38,35,3,15,51,2697,2114,4811,583
2017-07-24,227,210,17,98,437,6327,2042,8369,4285
2017-07-25,237,223,14,127,365,6525,1923,8448,4602
2017-07-26,267,251,16,111,469,10371,16760,27131,-6389
2017-07-27,290,275,15,89,403,5817,1960,7777,3857
2017-07-28,214,194,20,76,326,6436,2416,8852,4020
2017-07-29,115,108,7,39,217,2794,2026,4820,768
2017-07-30,151,144,7,65,232,1858,1540,3398,318
2017-07-31,195,185,10,87,411,6265,2894,9159,3371
2017-08-01,284,273,11,101,662,17374,8998,26372,8376
2017-08-02,195,181,14,95,323,3122,1654,4776,1468
2017-08-03,314,290,24,108,625,23897,33365,57262,-9468
2017-08-04,208,179,29,69,361,7862,2404,10266,5458
2017-08-05,38,35,3,21,49,987,63,1050,924
2017-08-06,43,40,3,21,72,1830,402,2232,1428
2017-08-07,303,282,21,115,753,11958,5323,17281,6635
2017-08-08,251,244,7,107,555,5810,2533,8343,3277
2017-08-09,290,276,14,111,489,10148,6174,16322,3974
2017-08-10,491,455,36,159,994,13959,6081,20040,7878
2017-08-11,211,195,16,81,388,9157,5186,14343,3971
2017-08-12,73,70,3,22,106,533,291,824,242
2017-08-13,43,35,8,21,168,1043,273,1316,770
2017-08-14,343,327,16,135,514,13645,5527,19172,8118
2017-08-15,417,396,21,139,825,24940,6358,31298,18582
2017-08-16,432,380,52,128,782,13845,5975,19820,7870
2017-08-17,343,317,26,114,613,5890,2811,8701,3079
2017-08-18,428,375,53,150,632,10419,6820,17239,3599
2017-08-19,97,95,2,22,152,3106,1287,4393,1819
2017-08-20,273,255,18,73,892,140828,6194,147022,134634
2017-08-21,243,222,21,103,339,6466,1609,8075,4857
2017-08-22,456,426,30,138,1186,35605,6670,42275,28935
2017-08-23,301,284,17,84,919,9036,4560,13596,4476
2017-08-24,302,269,33,134,559,8936,13298,22234,-4362
2017-08-25,355,341,14,113,591,6286,11739,18025,-5453
2017-08-26,120,99,21,34,212,11334,1248,12582,10086
2017-08-27,93,92,1,32,184,1980,966,2946,1014
2017-08-28,598,573,25,186,1253,16039,5889,21928,10150
2017-08-29,517,495,22,145,1037,14556,7767,22323,6789
2017-08-30,372,347,25,143,550,11851,3520,15371,8331
2017-08-31,464,452,12,157,744,16551,4123,20674,12428
2017-09-01,291,235,56,92,458,13005,4599,17604,8406
2017-09-02,44,37,7,19,78,1192,380,1572,812
2017-09-03,69,47,22,20,90,719,449,1168,270
2017-09-04,253,201,52,65,481,8398,3350,11748,5048
2017-09-05,260,222,38,92,809,8452,6226,14678,2226
2017-09-06,134,110,24,52,183,1502,901,2403,601
2017-09-07,252,183,69,69,365,5797,2865,8662,2932
2017-09-08,91,72,19,44,120,2112,1037,3149,1075
2017-09-09,213,199,14,75,491,8552,2557,11109,5995
2017-09-10,27,26,1,9,62,1086,412,1498,674
2017-09-11,61,53,8,32,84,612,539,1151,73
2017-09-12,108,96,12,42,177,1862,3581,5443,-1719
2017-09-13,166,147,19,70,243,4663,1474,6137,3189
2017-09-14,92,84,8,34,366,3854,130690,134544,-126836
2017-09-15,72,59,13,37,67,586,596,1182,-10
2017-09-16,42,34,8,20,53,667,251,918,416
2017-09-17,93,90,3,37,139,1831,2069,3900,-238
2017-09-18,247,241,6,118,367,5155,3568,8723,1587
2017-09-19,297,286,11,116,524,8730,4246,12976,4484
2017-09-20,179,169,10,82,271,4002,1612,5614,2390
2017-09-21,223,207,16,66,298,2031,1475,3506,556
2017-09-22,217,202,15,83,386,6693,1950,8643,4743
2017-09-23,102,88,14,37,228,2058,1312,3370,746
2017-09-24,70,63,7,28,106,774,510,1284,264
2017-09-25,318,304,14,112,585,9311,3890,13201,5421
2017-09-26,1093,1084,9,153,3691,205496,59593,265089,145903
2017-09-27,226,208,18,77,446,15469,4914,20383,10555
2017-09-28,299,285,14,100,567,27924,30200,58124,-2276
2017-09-29,230,209,21,73,459,7300,23277,30577,-15977
2017-09-30,18,14,4,11,17,58,37,95,21
2017-10-01,64,53,11,31,105,592,849,1441,-257
2017-10-02,163,151,12,75,276,8256,1620,9876,6636
2017-10-03,228,213,15,91,424,9624,3301,12925,6323
2017-10-04,390,378,12,163,583,9595,4429,14024,5166
2017-10-05,163,149,14,72,352,9680,4433,14113,5247
2017-10-06,281,251,30,101,526,9970,4134,14104,5836
2017-10-07,106,97,9,40,193,5026,933,5959,4093
2017-10-08,32,30,2,16,46,2093,307,2400,1786
2017-10-09,332,305,27,123,569,22916,3672,26588,19244
2017-10-10,326,307,19,123,556,7509,4728,12237,2781
2017-10-11,312,299,13,102,499,10865,4792,15657,6073
2017-10-12,325,306,19,107,542,6784,2580,9364,4204
2017-10-13,327,304,23,113,676,9421,4140,13561,5281
2017-10-14,84,71,13,38,134,3017,955,3972,2062
2017-10-15,113,100,13,28,222,5482,1963,7445,3519
2017-10-16,271,258,13,98,429,7641,7255,14896,386
2017-10-17,231,221,10,92,360,4575,2713,7288,1862
2017-10-18,436,415,21,135,946,12024,5835,17859,6189
2017-10-19,428,365,63,145,893,23516,17351,40867,6165
2017-10-20,312,275,37,112,499,9415,4244,13659,5171
2017-10-21,277,268,9,68,581,23216,13239,36455,9977
2017-10-22,97,78,19,31,125,1735,360,2095,1375
2017-10-23,234,217,17,78,437,14425,6271,20696,8154
2017-10-24,185,166,19,76,341,5789,1791,7580,3998
2017-10-25,203,195,8,79,565,6228,2745,8973,3483
2017-10-26,256,232,24,81,528,13343,4944,18287,8399
2017-10-27,299,280,19,107,640,12041,4503,16544,7538
2017-10-28,105,87,18,24,249,4204,1452,5656,2752
2017-10-29,89,80,9,42,147,2961,529,3490,2432
2017-10-30,333,291,42,116,577,9325,5415,14740,3910
2017-10-31,289,280,9,107,851,10452,61554,72006,-51102
2017-11-01,365,338,27,125,704,10614,7662,18276,2952
2017-11-02,499,447,52,124,13987,34733,7180,41913,27553
2017-11-03,335,316,19,119,677,16031,7321,23352,8710
2017-11-04,140,131,9,46,1053,2547,2325,4872,222
2017-11-05,119,107,12,42,240,4577,2486,7063,2091
2017-11-06,263,252,11,85,512,6842,5051,11893,1791
2017-11-07,260,240,20,89,822,5137,5492,10629,-355
2017-11-08,352,335,17,139,1034,10583,5733,16316,4850
2017-11-09,215,198,17,94,496,3463,2838,6301,625
2017-11-10,283,234,49,95,441,6347,2499,8846,3848
2017-11-11,173,157,16,54,742,4813,2004,6817,2809
2017-11-12,29,26,3,20,40,252,184,436,68
2017-11-13,289,239,50,107,574,13506,8464,21970,5042
2017-11-14,272,175,97,90,285,4385,1420,5805,2965
2017-11-15,163,114,49,78,257,4522,937,5459,3585
2017-11-16,384,359,25,127,823,7893,7532,15425,361
2017-11-17,153,127,26,49,234,3224,1639,4863,1585
2017-11-18,121,107,14,57,195,2069,1176,3245,893
2017-11-19,34,31,3,15,48,1794,419,2213,1375
2017-11-20,90,87,3,49,216,2144,2192,4336,-48
2017-11-21,106,96,10,41,472,3665,3589,7254,76
2017-11-22,54,51,3,26,140,2125,385,2510,1740
2017-11-23,74,60,14,41,101,1065,1956,3021,-891
2017-11-24,97,83,14,36,310,1244,1161,2405,83
2017-11-25,29,22,7,14,36,206,431,637,-225
2017-11-26,21,14,7,11,15,212,159,371,53
2017-11-27,453,447,6,120,1142,9790,6619,16409,3171
2017-11-28,371,360,11,154,1199,6376,5773,12149,603
2017-11-29,237,220,17,95,339,6887,2571,9458,4316
2017-11-30,243,219,24,106,582,7014,3940,10954,3074
2017-12-01,221,201,20,86,330,6135,3037,9172,3098
2017-12-02,122,115,7,49,182,5291,981,6272,4310
2017-12-03,107,84,23,34,129,2700,771,3471,1929
2017-12-04,333,321,12,114,684,13488,4186,17674,9302
2017-12-05,303,279,24,111,592,11838,2998,14836,8840
2017-12-06,383,366,17,125,1020,20985,75419,96404,-54434
2017-12-07,216,190,26,92,473,14742,2751,17493,11991
2017-12-08,354,330,24,124,717,8974,4998,13972,3976
2017-12-09,31,30,1,13,92,2674,928,3602,1746
2017-12-10,22,14,8,9,48,354,480,834,-126
2017-12-11,375,359,16,150,778,12488,8452,20940,4036
2017-12-12,198,185,13,93,358,2931,3392,6323,-461
2017-12-13,345,330,15,112,664,13206,8577,21783,4629
2017-12-14,270,262,8,92,641,12320,13727,26047,-1407
2017-12-15,289,253,36,115,638,12675,3677,16352,8998
2017-12-16,54,48,6,26,92,2663,5394,8057,-2731
2017-12-17,118,106,12,42,289,7249,1278,8527,5971
2017-12-18,296,277,19,113,509,11281,4904,16185,6377
2017-12-19,347,330,17,143,698,14083,4400,18483,9683
2017-12-20,254,232,22,105,415,11061,2486,13547,8575
2017-12-21,393,335,58,117,683,16607,5469,22076,11138
2017-12-22,196,181,15,74,370,11727,3623,15350,8104
2017-12-23,48,45,3,18,104,1795,262,2057,1533
2017-12-24,2,2,0,2,2,6,4,10,2
2017-12-25,0,0,0,0,0,0,0,0,0
2017-12-26,159,158,1,51,304,5741,1656,7397,4085
2017-12-27,171,155,16,66,392,6921,2095,9016,4826
2017-12-28,171,163,8,76,654,7991,2819,10810,5172
2017-12-29,87,78,9,32,152,4187,1502,5689,2685
2017-12-30,18,15,3,12,26,212,43,255,169
2017-12-31,82,66,16,13,99,1381,181,1562,1200
2018-01-01,59,59,0,22,91,1016,3389,4405,-2373
2018-01-02,228,215,13,92,437,19366,15441,34807,3925
2018-01-03,220,201,19,82,634,5324,5533,10857,-209
2018-01-04,220,202,18,87,605,10596,4911,15507,5685
2018-01-05,318,227,91,105,411,10764,5444,16208,5320
2018-01-06,74,67,7,31,103,3878,628,4506,3250
2018-01-07,24,18,6,14,35,216,124,340,92
2018-01-08,644,627,17,198,1504,22528,10050,32578,12478
2018-01-09,317,297,20,136,675,9208,3547,12755,5661
2018-01-10,324,303,21,131,584,11562,5556,17118,6006
2018-01-11,196,184,12,79,331,5290,2578,7868,2712
2018-01-12,290,221,69,81,424,7411,3848,11259,3563
2018-01-13,48,38,10,20,105,3030,377,3407,2653
2018-01-14,89,80,9,33,166,3464,523,3987,2941
2018-01-15,313,303,10,96,786,7671,6034,13705,1637
2018-01-16,339,325,14,116,769,13209,9274,22483,3935
2018-01-17,341,319,22,127,543,14974,12704,27678,2270
2018-01-18,301,250,51,101,484,9829,3369,13198,6460
2018-01-19,229,196,33,95,445,5274,4046,9320,1228
2018-01-20,60,55,5,22,125,1973,294,2267,1679
2018-01-21,125,112,13,43,270,4191,2715,6906,1476
2018-01-22,340,328,12,98,564,11486,3579,15065,7907
2018-01-23,244,237,7,115,474,7241,2751,9992,4490
2018-01-24,263,245,18,97,506,10446,2527,12973,7919
2018-01-25,223,210,13,81,522,25134,16952,42086,8182
2018-01-26,239,177,62,79,361,6942,3207,10149,3735
2018-01-27,62,52,10,26,88,2578,694,3272,1884
2018-01-28,35,27,8,16,151,185,1970,2155,-1785
2018-01-29,224,193,31,72,347,6263,3349,9612,2914
2018-01-30,165,136,29,58,209,3562,1786,5348,1776
2018-01-31,187,118,69,73,222,4308,1504,5812,2804
2018-02-01,281,244,37,131,417,5316,2863,8179,2453
2018-02-02,103,90,13,42,156,3849,1890,5739,1959
2018-02-03,59,46,13,21,90,2691,732,3423,1959
2018-02-04,37,27,10,16,35,1102,29,1131,1073
2018-02-05,81,71,10,32,130,1773,659,2432,1114
2018-02-06,159,148,11,61,536,3807,2261,6068,1546
2018-02-07,229,201,28,80,404,6101,1832,7933,4269
2018-02-08,148,127,21,71,203,1629,705,2334,924
2018-02-09,73,58,15,27,147,1954,888,2842,1066
2018-02-10,23,16,7,13,34,1202,105,1307,1097
2018-02-11,23,19,4,15,325,1293,1339,2632,-46
2018-02-12,620,616,4,145,1190,39194,29240,68434,9954
2018-02-13,265,257,8,107,480,10066,6837,16903,3229
2018-02-14,316,300,16,122,710,9911,5693,15604,4218
2018-02-15,252,233,19,106,478,19997,2956,22953,17041
2018-02-16,335,314,21,124,830,13414,6934,20348,6480
2018-02-17,45,37,8,25,63,980,438,1418,542
2018-02-18,30,26,4,14,46,335,271,606,64
2018-02-19,539,534,5,141,1227,17419,19186,36605,-1767
2018-02-20,199,185,14,81,321,8138,1410,9548,6728
2018-02-21,233,220,13,85,489,12390,5975,18365,6415
2018-02-22,351,333,18,126,945,23963,29157,53120,-5194
2018-02-23,216,196,20,75,404,8518,6447,14965,2071
2018-02-24,72,70,2,34,88,1144,646,1790,498
2018-02-25,32,29,3,19,39,229,127,356,102
2018-02-26,296,275,21,119,469,12785,2700,15485,10085
2018-02-27,332,316,16,112,656,9795,4062,13857,5733
2018-02-28,343,317,26,139,497,10380,2467,12847,7913
2018-03-01,327,308,19,97,669,11657,13391,25048,-1734
2018-03-02,249,229,20,103,446,6956,6680,13636,276
2018-03-03,55,46,9,21,92,1765,1571,3336,194
2018-03-04,76,63,13,23,202,2564,2326,4890,238
2018-03-05,292,283,9,123,536,4992,4199,9191,793
2018-03-06,427,416,11,135,835,15150,15923,31073,-773
2018-03-07,406,360,46,145,662,62838,8143,70981,54695
2018-03-08,353,332,21,121,685,13737,4167,17904,9570
2018-03-09,346,325,21,136,1488,13498,103231,116729,-89733
2018-03-10,111,98,13,31,156,8206,2965,11171,5241
2018-03-11,63,54,9,18,81,4194,249,4443,3945
2018-03-12,300,258,42,116,472,6121,3576,9697,2545
2018-03-13,344,334,10,111,670,12463,5120,17583,7343
2018-03-14,411,384,27,166,937,17841,94598,112439,-76757
2018-03-15,234,218,16,95,537,8639,13269,21908,-4630
2018-03-16,286,268,18,125,1676,9383,296162,305545,-286779
2018-03-17,110,105,5,53,181,2996,2218,5214,778
2018-03-18,103,92,11,31,428,5157,9459,14616,-4302
2018-03-19,420,407,13,153,944,28014,5679,33693,22335
2018-03-20,350,334,16,115,763,14362,10035,24397,4327
2018-03-21,338,318,20,127,672,70900,18986,89886,51914
2018-03-22,292,264,28,111,511,10870,4354,15224,6516
2018-03-23,334,309,25,127,750,9283,7509,16792,1774
2018-03-24,98,91,7,35,178,3025,2497,5522,528
2018-03-25,106,94,12,25,200,1844,1037,2881,807
2018-03-26,404,386,18,119,1139,30560,53792,84352,-23232
2018-03-27,404,342,62,129,932,11190,7019,18209,4171
2018-03-28,306,220,86,100,434,5541,2534,8075,3007
2018-03-29,332,306,26,118,569,12399,5443,17842,6956
2018-03-30,299,277,22,103,607,6868,3965,10833,2903
2018-03-31,76,69,7,27,173,3550,1527,5077,2023
2018-04-01,129,113,16,32,228,9372,3196,12568,6176
2018-04-02,272,236,36,53,593,7520,4873,12393,2647
2018-04-03,180,154,26,61,320,7124,3143,10267,3981
2018-04-04,226,176,50,87,446,14012,3512,17524,10500
2018-04-05,98,70,28,36,139,2399,976,3375,1423
2018-04-06,282,253,29,102,501,8759,2905,11664,5854
2018-04-07,52,36,16,14,91,1055,5722,6777,-4667
2018-04-08,35,31,4,11,49,509,238,747,271
2018-04-09,110,97,13,50,254,5583,2357,7940,3226
2018-04-10,208,179,29,67,338,7653,3583,11236,4070
2018-04-11,336,323,13,131,723,14250,6978,21228,7272
2018-04-12,132,114,18,59,282,1960,1972,3932,-12
2018-04-13,71,50,21,36,82,751,273,1024,478
2018-04-14,41,39,2,16,76,1350,988,2338,362
2018-04-15,30,22,8,10,37,710,365,1075,345
2018-04-16,337,320,17,139,566,19201,9283,28484,9918
2018-04-17,197,195,2,90,345,9736,3198,12934,6538
2018-04-18,240,236,4,80,459,7252,4356,11608,2896
2018-04-19,241,231,10,108,420,11405,2380,13785,9025
2018-04-20,249,230,19,94,468,8483,3660,12143,4823
2018-04-21,49,40,9,30,72,464,327,791,137
2018-04-22,97,84,13,41,116,1096,701,1797,395
2018-04-23,528,517,11,158,908,17437,10235,27672,7202
2018-04-24,272,261,11,117,485,9400,5517,14917,3883
2018-04-25,387,377,10,117,618,9311,4977,14288,4334
2018-04-26,303,267,36,99,571,11509,5504,17013,6005
2018-04-27,310,281,29,121,707,9184,8043,17227,1141
2018-04-28,63,58,5,25,100,1608,756,2364,852
2018-04-29,64,55,9,23,97,1606,768,2374,838
2018-04-30,183,166,17,74,327,5625,2468,8093,3157
2018-05-01,142,128,14,76,211,6182,1562,7744,4620
2018-05-02,270,259,11,117,420,8124,4516,12640,3608
2018-05-03,285,269,16,104,597,14331,4434,18765,9897
2018-05-04,282,265,17,86,533,8103,4430,12533,3673
2018-05-05,102,91,11,41,137,1901,2124,4025,-223
2018-05-06,84,77,7,29,122,2334,1629,3963,705
2018-05-07,231,227,4,76,560,3722,5096,8818,-1374
2018-05-08,291,276,15,88,568,9831,3198,13029,6633
2018-05-09,290,280,10,130,638,11777,8104,19881,3673
2018-05-10,247,227,20,101,456,8394,5033,13427,3361
2018-05-11,284,262,22,100,675,14920,6050,20970,8870
2018-05-12,83,78,5,52,136,2618,1173,3791,1445
2018-05-13,83,76,7,43,122,4411,596,5007,3815
2018-05-14,527,482,45,177,835,10826,7189,18015,3637
2018-05-15,646,602,44,199,1145,29888,8159,38047,21729
2018-05-16,460,445,15,128,1733,21685,180484,202169,-158799
2018-05-17,424,403,21,147,755,14327,4692,19019,9635
2018-05-18,579,554,25,163,2244,45633,17397,63030,28236
2018-05-19,108,98,10,42,222,2685,1154,3839,1531
2018-05-20,116,98,18,44,165,2260,4632,6892,-2372
2018-05-21,217,204,13,79,297,9388,2336,11724,7052
2018-05-22,209,197,12,75,360,5334,3531,8865,1803
2018-05-23,348,328,20,140,621,17658,3426,21084,14232
2018-05-24,314,295,19,112,511,9325,4116,13441,5209
2018-05-25,508,437,71,134,1158,16401,6483,22884,9918
2018-05-26,109,91,18,35,209,1852,1075,2927,777
2018-05-27,39,38,1,15,82,1172,711,1883,461
2018-05-28,277,274,3,64,586,10083,5415,15498,4668
2018-05-29,317,302,15,133,636,11751,4856,16607,6895
2018-05-30,313,293,20,127,615,28953,34978,63931,-6025
2018-05-31,338,327,11,116,619,8576,4091,12667,4485
2018-06-01,316,304,12,114,604,18563,8214,26777,10349
2018-06-02,122,101,21,39,191,3115,1387,4502,1728
2018-06-03,179,163,16,49,336,3150,5489,8639,-2339
2018-06-04,327,244,83,109,445,6006,2316,8322,3690
2018-06-05,202,152,50,78,751,19176,207947,227123,-188771
2018-06-06,182,138,44,64,511,8298,3328,11626,4970
2018-06-07,104,81,23,47,144,1084,820,1904,264
2018-06-08,227,198,29,99,491,12815,6871,19686,5944
2018-06-09,18,9,9,8,11,32,25,57,7
2018-06-10,39,28,11,16,49,1135,494,1629,641
2018-06-11,118,103,15,48,188,3038,3036,6074,2
2018-06-12,145,124,21,57,1478,6486,4069,10555,2417
2018-06-13,60,51,9,23,71,834,396,1230,438
2018-06-14,119,107,12,57,241,1366,931,2297,435
2018-06-15,239,220,19,83,580,7120,2879,9999,4241
2018-06-16,21,13,8,12,23,84,73,157,11
2018-06-17,88,88,0,40,192,3150,3238,6388,-88
2018-06-18,254,249,5,106,478,12579,5164,17743,7415
2018-06-19,226,221,5,101,398,5079,2311,7390,2768
2018-06-20,144,134,10,65,305,4125,3135,7260,990
2018-06-21,201,189,12,83,440,2417,3984,6401,-1567
2018-06-22,147,132,15,74,225,2674,1307,3981,1367
2018-06-23,111,92,19,27,195,4173,1152,5325,3021
2018-06-24,134,123,11,42,239,2579,2086,4665,493
2018-06-25,220,209,11,98,377,6204,2499,8703,3705
2018-06-26,269,256,13,98,622,8599,7183,15782,1416
2018-06-27,187,176,11,81,300,5068,1735,6803,3333
2018-06-28,465,444,21,159,821,13312,10724,24036,2588
2018-06-29,160,138,22,79,279,3506,1767,5273,1739
2018-06-30,133,114,19,54,201,6413,1231,7644,5182
2018-07-01,38,31,7,18,57,1040,648,1688,392
2018-07-02,351,336,15,119,645,22932,17664,40596,5268
2018-07-03,277,265,12,109,489,7500,13971,21471,-6471
2018-07-04,260,251,9,93,462,10477,3354,13831,7123
2018-07-05,301,288,13,96,627,9666,5139,14805,4527
2018-07-06,267,248,19,104,453,7580,4111,11691,3469
2018-07-07,193,178,15,72,358,6811,1532,8343,5279
2018-07-08,111,93,18,30,362,3031,1571,4602,1460
2018-07-09,292,280,12,117,642,12333,3704,16037,8629
2018-07-10,194,185,9,82,361,4904,2036,6940,2868
2018-07-11,239,228,11,86,408,9502,3704,13206,5798
2018-07-12,499,475,24,122,980,9872,7746,17618,2126
2018-07-13,370,351,19,114,809,10978,4095,15073,6883
2018-07-14,108,65,43,36,100,1929,553,2482,1376
2018-07-15,121,112,9,45,229,9271,1094,10365,8177
2018-07-16,363,345,18,168,679,11528,6121,17649,5407
2018-07-17,195,189,6,90,379,5871,4683,10554,1188
2018-07-18,408,380,28,127,697,16082,3552,19634,12530
2018-07-19,258,247,11,90,463,5818,2458,8276,3360
2018-07-20,257,233,24,101,403,9822,1937,11759,7885
2018-07-21,261,223,38,64,510,9500,3665,13165,5835
2018-07-22,58,49,9,29,68,622,492,1114,130
2018-07-23,244,234,10,101,530,14082,5701,19783,8381
2018-07-24,435,417,18,148,809,13247,5336,18583,7911
2018-07-25,330,312,18,129,931,13332,3853,17185,9479
2018-07-26,311,279,32,112,648,42558,3526,46084,39032
2018-07-27,491,464,27,147,840,28114,7725,35839,20389
2018-07-28,60,55,5,31,89,1780,492,2272,1288
2018-07-29,202,188,14,69,355,6521,1768,8289,4753
2018-07-30,408,386,22,129,942,13108,9310,22418,3798
2018-07-31,352,336,16,119,675,11403,5999,17402,5404
2018-08-01,236,219,17,93,524,7978,8629,16607,-651
2018-08-02,443,424,19,126,1045,28882,9706,38588,19176
2018-08-03,226,214,12,81,474,9832,3020,12852,6812
2018-08-04,33,30,3,18,63,810,208,1018,602
2018-08-05,84,72,12,24,153,592,655,1247,-63
2018-08-06,426,411,15,112,765,9220,4887,14107,4333
2018-08-07,239,223,16,87,416,6910,4050,10960,2860
2018-08-08,255,249,6,76,401,5431,2996,8427,2435
2018-08-09,204,186,18,92,441,8316,3839,12155,4477
2018-08-10,158,141,17,64,317,17880,2027,19907,15853
2018-08-11,83,73,10,27,192,3073,1368,4441,1705
2018-08-12,28,22,6,15,51,772,180,952,592
2018-08-13,222,187,35,74,437,4900,4120,9020,780
2018-08-14,186,137,49,69,244,3025,1290,4315,1735
2018-08-15,78,35,43,27,49,818,160,978,658
2018-08-16,111,85,26,58,157,1481,666,2147,815
2018-08-17,164,140,24,66,299,2776,1849,4625,927
2018-08-18,26,10,16,6,21,1257,114,1371,1143
2018-08-19,40,34,6,20,72,1628,238,1866,1390
2018-08-20,125,106,19,58,204,2799,1331,4130,1468
2018-08-21,82,71,11,45,157,1255,1133,2388,122
2018-08-22,296,278,18,94,520,4924,3772,8696,1152
2018-08-23,92,67,25,46,140,900,940,1840,-40
2018-08-24,89,70,19,43,151,2189,1334,3523,855
2018-08-25,30,24,6,16,33,636,136,772,500
2018-08-26,18,8,10,9,8,48,39,87,9
2018-08-27,596,590,6,137,1106,88240,9398,97638,78842
2018-08-28,215,208,7,100,425,11591,3351,14942,8240
2018-08-29,204,193,11,79,372,8978,2319,11297,6659
2018-08-30,397,378,19,117,785,9744,8212,17956,1532
2018-08-31,252,241,11,99,579,10146,3385,13531,6761
2018-09-01,40,37,3,29,89,1251,884,2135,367
2018-09-02,87,75,12,46,122,1087,346,1433,741
2018-09-03,258,256,2,64,976,7177,7647,14824,-470
2018-09-04,244,233,11,104,619,5508,17142,22650,-11634
2018-09-05,166,157,9,79,297,4433,1614,6047,2819
2018-09-06,216,199,17,91,341,5184,2266,7450,2918
2018-09-07,125,108,17,49,203,3618,1297,4915,2321
2018-09-08,38,34,4,24,80,859,878,1737,-19
2018-09-09,34,24,10,15,112,1739,3605,5344,-1866
2018-09-10,346,340,6,135,548,7838,4285,12123,3553
2018-09-11,271,266,5,114,842,12052,5658,17710,6394
2018-09-12,290,280,10,111,598,7311,3794,11105,3517
2018-09-13,278,263,15,92,482,12897,3289,16186,9608
2018-09-14,217,195,22,82,442,5085,2424,7509,2661
2018-09-15,31,23,8,18,40,650,555,1205,95
2018-09-16,46,39,7,24,44,589,349,938,240
2018-09-17,241,231,10,87,371,3841,2000,5841,1841
2018-09-18,268,256,12,108,597,14707,12448,27155,2259
2018-09-19,321,308,13,92,890,9819,9833,19652,-14
2018-09-20,429,407,22,143,795,11768,6682,18450,5086
2018-09-21,168,159,9,60,267,12295,2339,14634,9956
2018-09-22,109,102,7,40,224,3160,1718,4878,1442
2018-09-23,32,10,22,9,15,219,49,268,170
2018-09-24,173,166,7,79,306,6917,2207,9124,4710
2018-09-25,378,347,31,105,562,10203,6910,17113,3293
2018-09-26,401,388,13,108,774,17875,5032,22907,12843
2018-09-27,367,346,21,126,708,8839,4594,13433,4245
2018-09-28,509,477,32,125,855,12812,5688,18500,7124
2018-09-29,97,82,15,40,148,2202,1486,3688,716
2018-09-30,146,136,10,30,301,4111,2771,6882,1340
2018-10-01,330,312,18,110,797,13870,9360,23230,4510
2018-10-02,485,432,53,178,832,12407,9146,21553,3261
2018-10-03,352,339,13,121,1629,23068,13427,36495,9641
2018-10-04,332,289,43,97,636,7746,6611,14357,1135
2018-10-05,389,357,32,148,839,12795,7926,20721,4869
2018-10-06,60,54,6,26,102,1928,1000,2928,928
2018-10-07,40,32,8,18,44,1497,551,2048,946
2018-10-08,382,361,21,130,590,13887,5784,19671,8103
2018-10-09,436,424,12,123,991,49847,9855,59702,39992
2018-10-10,208,185,23,93,354,9207,2053,11260,7154
2018-10-11,352,320,32,129,661,13283,10310,23593,2973
2018-10-12,154,141,13,65,210,2348,795,3143,1553
2018-10-13,184,176,8,44,374,8187,3576,11763,4611
2018-10-14,86,80,6,24,204,2572,2176,4748,396
2018-10-15,227,223,4,81,438,8452,4945,13397,3507
2018-10-16,471,450,21,154,824,24694,6663,31357,18031
2018-10-17,233,226,7,73,538,20454,17454,37908,3000
2018-10-18,361,313,48,128,611,34463,8780,43243,25683
2018-10-19,155,136,19,72,236,4900,1415,6315,3485
2018-10-20,81,54,27,28,98,1926,336,2262,1590
2018-10-21,129,115,14,25,261,7132,4053,11185,3079
2018-10-22,114,105,9,40,172,2277,864,3141,1413
2018-10-23,322,263,59,88,697,23060,4620,27680,18440
2018-10-24,198,165,33,54,330,3349,1965,5314,1384
2018-10-25,132,112,20,51,313,15535,1853,17388,13682
2018-10-26,242,219,23,86,501,6924,2717,9641,4207
2018-10-27,14,6,8,6,8,166,30,196,136
2018-10-28,12,8,4,7,9,33,44,77,-11
2018-10-29,140,116,24,45,248,2510,2115,4625,395
2018-10-30,73,61,12,35,159,2628,1811,4439,817
2018-10-31,234,217,17,84,904,4162,4245,8407,-83
2018-11-01,92,77,15,39,184,7041,2526,9567,4515
2018-11-02,87,69,18,39,149,2549,794,3343,1755
2018-11-03,75,62,13,44,97,1287,603,1890,684
2018-11-04,19,10,9,8,12,44,17,61,27
2018-11-05,502,499,3,174,1060,19064,10147,29211,8917
2018-11-06,326,313,13,137,619,12268,45861,58129,-33593
2018-11-07,337,328,9,99,715,6920,14820,21740,-7900
2018-11-08,241,225,16,91,343,6440,2879,9319,3561
2018-11-09,416,399,17,142,716,18182,5602,23784,12580
2018-11-10,89,73,16,25,183,2128,905,3033,1223
2018-11-11,181,163,18,65,308,5279,2162,7441,3117
2018-11-12,223,215,8,87,344,8758,5465,14223,3293
2018-11-13,182,175,7,83,316,8952,4425,13377,4527
2018-11-14,146,128,18,68,216,4452,1722,6174,2730
2018-11-15,218,206,12,85,398,10039,2591,12630,7448
2018-11-16,132,121,11,61,235,7542,1947,9489,5595
2018-11-17,82,76,6,40,106,1911,526,2437,1385
2018-11-18,103,91,12,48,178,3039,935,3974,2104
2018-11-19,209,197,12,106,323,7572,2599,10171,4973
2018-11-20,286,275,11,107,708,21383,4761,26144,16622
2018-11-21,181,171,10,78,358,5619,18980,24599,-13361
2018-11-22,184,170,14,83,399,39743,2495,42238,37248
2018-11-23,268,253,15,89,580,9038,2362,11400,6676
2018-11-24,87,77,10,26,140,2482,669,3151,1813
2018-11-25,67,59,8,36,86,1537,417,1954,1120
2018-11-26,254,244,10,97,547,9137,3917,13054,5220
2018-11-27,283,269,14,109,405,7914,3086,11000,4828
2018-11-28,356,337,19,111,833,8870,6018,14888,2852
2018-11-29,235,210,25,95,362,7615,1711,9326,5904
2018-11-30,387,337,50,119,725,10264,6464,16728,3800
2018-12-01,121,107,14,37,194,3040,1517,4557,1523
2018-12-02,39,36,3,22,49,1078,172,1250,906
2018-12-03,361,332,29,145,580,13307,4326,17633,8981
2018-12-04,291,277,14,92,594,10515,13798,24313,-3283
2018-12-05,413,399,14,167,1668,23157,7680,30837,15477
2018-12-06,294,275,19,111,520,9997,3512,13509,6485
2018-12-07,364,336,28,123,702,10328,6252,16580,4076
2018-12-08,148,143,5,56,349,4189,2363,6552,1826
2018-12-09,77,59,18,26,137,4360,1910,6270,2450
2018-12-10,333,315,18,117,702,9589,5720,15309,3869
2018-12-11,477,455,22,118,1134,15065,9992,25057,5073
2018-12-12,284,230,54,106,505,11005,4189,15194,6816
2018-12-13,385,348,37,136,801,18155,5289,23444,12866
2018-12-14,352,315,37,115,635,45349,15846,61195,29503
2018-12-15,55,49,6,24,85,2022,408,2430,1614
2018-12-16,177,171,6,47,263,9013,3566,12579,5447
2018-12-17,548,537,11,148,1238,16461,9207,25668,7254
2018-12-18,435,411,24,163,764,9538,4296,13834,5242
2018-12-19,322,300,22,125,860,12571,4634,17205,7937
2018-12-20,388,344,44,144,575,8482,3235,11717,5247
2018-12-21,336,302,34,115,597,10127,5514,15641,4613
2018-12-22,82,79,3,40,146,1567,1202,2769,365
2018-12-23,49,48,1,16,102,3829,3635,7464,194
2018-12-24,50,49,1,33,67,836,479,1315,357
2018-12-25,26,6,20,5,7,73,6,79,67
2018-12-26,46,26,20,11,53,369,358,727,11
2018-12-27,46,27,19,15,42,1262,458,1720,804
2018-12-28,280,259,21,82,996,8865,6641,15506,2224
2018-12-29,43,18,25,15,22,160,205,365,-45
2018-12-30,27,26,1,20,66,639,217,856,422
2018-12-31,84,59,25,24,129,1890,687,2577,1203
2019-01-01,24,13,11,13,27,383,173,556,210
2019-01-02,131,111,20,47,206,3228,1776,5004,1452
2019-01-03,136,117,19,66,152,4423,2154,6577,2269
2019-01-04,145,136,9,75,554,3038,2070,5108,968
2019-01-05,45,28,17,14,50,557,397,954,160
2019-01-06,42,24,18,8,142,814,983,1797,-169
2019-01-07,334,325,9,134,563,12167,4807,16974,7360
2019-01-08,173,167,6,65,482,3854,2997,6851,857
2019-01-09,212,208,4,109,365,5312,4240,9552,1072
2019-01-10,183,170,13,97,304,3986,2000,5986,1986
2019-01-11,247,228,19,104,449,8145,3366,11511,4779
2019-01-12,78,72,6,40,118,2947,485,3432,2462
2019-01-13,29,15,14,12,17,70,39,109,31
2019-01-14,306,301,5,133,826,10377,12857,23234,-2480
2019-01-15,212,203,9,115,567,5496,2501,7997,2995
2019-01-16,267,262,5,107,425,9432,4623,14055,4809
2019-01-17,192,176,16,72,339,3559,3306,6865,253
2019-01-18,345,316,29,123,627,12765,15069,27834,-2304
2019-01-19,60,50,10,29,100,2215,156,2371,2059
2019-01-20,65,56,9,25,65,1191,317,1508,874
2019-01-21,217,211,6,95,404,5756,9084,14840,-3328
2019-01-22,319,308,11,125,557,10206,18241,28447,-8035
2019-01-23,225,210,15,93,448,9571,2758,12329,6813
2019-01-24,187,168,19,81,560,4947,2244,7191,2703
2019-01-25,539,523,16,182,1078,34906,18836,53742,16070
2019-01-26,93,80,13,30,137,4177,2345,6522,1832
2019-01-27,44,28,16,21,45,895,240,1135,655
2019-01-28,259,247,12,103,543,30294,19308,49602,10986
2019-01-29,252,239,13,116,483,8140,5755,13895,2385
2019-01-30,262,226,36,109,565,6189,2664,8853,3525
2019-01-31,179,168,11,89,269,4128,1831,5959,2297
2019-02-01,449,418,31,156,798,9326,5065,14391,4261
2019-02-02,72,58,14,42,129,5892,2673,8565,3219
2019-02-03,85,76,9,34,166,2292,1296,3588,996
2019-02-04,280,262,18,117,651,10184,3591,13775,6593
2019-02-05,264,255,9,100,594,22730,3316,26046,19414
2019-02-06,459,447,12,144,1211,21003,22750,43753,-1747
2019-02-07,419,398,21,146,698,12826,5533,18359,7293
2019-02-08,364,334,30,136,653,16348,7388,23736,8960
2019-02-09,155,138,17,41,210,3770,1206,4976,2564
2019-02-10,45,35,10,23,96,928,415,1343,513
2019-02-11,261,239,22,143,405,7520,1783,9303,5737
2019-02-12,342,324,18,119,605,11044,4052,15096,6992
2019-02-13,269,253,16,111,514,6951,4246,11197,2705
2019-02-14,327,308,19,112,606,14295,3759,18054,10536
2019-02-15,239,139,100,76,295,3168,1522,4690,1646
2019-02-16,82,73,9,39,136,1928,1252,3180,676
2019-02-17,103,80,23,48,108,2705,982,3687,1723
2019-02-18,399,388,11,109,925,66116,12827,78943,53289
2019-02-19,460,445,15,150,1308,14311,13429,27740,882
2019-02-20,342,320,22,112,678,8287,4753,13040,3534
2019-02-21,396,368,28,152,640,10523,3798,14321,6725
2019-02-22,260,232,28,110,489,10724,3181,13905,7543
2019-02-23,137,121,16,47,249,3426,1255,4681,2171
2019-02-24,51,44,7,27,98,1533,469,2002,1064
2019-02-25,382,367,15,115,615,9866,4576,14442,5290
2019-02-26,226,219,7,97,452,11059,2742,13801,8317
2019-02-27,126,120,6,54,232,2697,2554,5251,143
2019-02-28,303,283,20,133,582,12203,4313,16516,7890
2019-03-01,209,194,15,87,598,6405,2768,9173,3637
2019-03-02,136,117,19,42,210,5758,3177,8935,2581
2019-03-03,46,41,5,16,61,999,645,1644,354
2019-03-04,173,147,26,74,280,4047,2127,6174,1920
2019-03-05,157,124,33,62,313,5530,2770,8300,2760
2019-03-06,353,313,40,117,663,10976,4221,15197,6755
2019-03-07,146,125,21,52,183,2494,815,3309,1679
2019-03-08,204,166,38,82,370,3714,2598,6312,1116
2019-03-09,43,29,14,26,40,475,170,645,305
2019-03-10,29,14,15,9,17,189,68,257,121
2019-03-11,134,118,16,61,222,2716,815,3531,1901
2019-03-12,126,94,32,44,292,2763,2066,4829,697
2019-03-13,149,137,12,56,204,1974,948,2922,1026
2019-03-14,52,34,18,26,52,1529,584,2113,945
2019-03-15,110,94,16,40,141,2371,1380,3751,991
2019-03-16,26,17,9,12,23,147,108,255,39
2019-03-17,26,21,5,12,63,191,122,313,69
2019-03-18,527,519,8,166,961,10354,15003,25357,-4649
2019-03-19,758,745,13,205,1432,25586,13196,38782,12390
2019-03-20,209,202,7,99,467,4564,2718,7282,1846
2019-03-21,327,314,13,129,617,8633,3590,12223,5043
2019-03-22,240,219,21,88,455,6903,3550,10453,3353
2019-03-23,28,24,4,19,40,663,230,893,433
2019-03-24,92,73,19,37,137,1547,1474,3021,73
2019-03-25,263,252,11,103,592,7365,4194,11559,3171
2019-03-26,248,239,9,103,471,8792,4002,12794,4790
2019-03-27,219,212,7,98,354,3924,1832,5756,2092
2019-03-28,305,291,14,130,520,6004,3234,9238,2770
2019-03-29,254,226,28,119,400,6151,2372,8523,3779
2019-03-30,41,29,12,17,58,474,243,717,231
2019-03-31,42,31,11,15,136,1454,334,1788,1120
2019-04-01,302,292,10,107,771,27443,11846,39289,15597
2019-04-02,256,246,10,84,536,10795,4678,15473,6117
2019-04-03,310,302,8,111,945,8904,10209,19113,-1305
2019-04-04,519,506,13,152,833,13322,5713,19035,7609
2019-04-05,213,191,22,98,312,5293,2195,7488,3098
2019-04-06,63,57,6,36,135,1105,892,1997,213
2019-04-07,61,47,14,24,115,2267,535,2802,1732
2019-04-08,477,463,14,139,1421,14777,14887,29664,-110
2019-04-09,169,161,8,62,390,4533,1859,6392,2674
2019-04-10,268,250,18,115,469,7905,2708,10613,5197
2019-04-11,318,303,15,121,555,12290,5012,17302,7278
2019-04-12,234,215,19,86,369,11513,2540,14053,8973
2019-04-13,79,60,19,33,118,2056,1385,3441,671
2019-04-14,90,84,6,32,127,2299,1417,3716,882
2019-04-15,239,226,13,89,383,7107,2715,9822,4392
2019-04-16,434,422,12,168,741,13844,6907,20751,6937
2019-04-17,306,290,16,103,827,17729,4898,22627,12831
2019-04-18,351,336,15,108,837,15327,5628,20955,9699
2019-04-19,276,260,16,105,490,5422,2841,8263,2581
2019-04-20,70,57,13,41,139,4283,369,4652,3914
2019-04-21,72,68,4,26,185,2114,664,2778,1450
2019-04-22,170,165,5,80,329,10059,13594,23653,-3535
2019-04-23,349,337,12,130,615,12225,4410,16635,7815
2019-04-24,239,224,15,90,590,6988,4065,11053,2923
2019-04-25,520,501,19,169,1097,50268,22991,73259,27277
2019-04-26,268,240,28,96,564,8206,4752,12958,3454
2019-04-27,125,112,13,34,530,25815,3557,29372,22258
2019-04-28,102,46,56,27,145,921,618,1539,303
2019-04-29,578,532,46,130,1127,13624,6344,19968,7280
2019-04-30,275,261,14,99,701,57137,3725,60862,53412
2019-05-01,329,312,17,107,904,13692,128320,142012,-114628
2019-05-02,428,416,12,116,806,9259,6024,15283,3235
2019-05-03,340,320,20,112,674,18759,3453,22212,15306
2019-05-04,81,72,9,32,115,1837,545,2382,1292
2019-05-05,190,180,10,59,268,2237,1944,4181,293
2019-05-06,310,249,61,102,520,11461,2894,14355,8567
2019-05-07,289,238,51,101,546,10225,2970,13195,7255
2019-05-08,249,214,35,94,339,9722,5586,15308,4136
2019-05-09,192,167,25,80,295,3877,1689,5566,2188
2019-05-10,76,60,16,29,103,2237,503,2740,1734
2019-05-11,20,16,4,12,19,107,70,177,37
2019-05-12,33,26,7,20,36,615,290,905,325
2019-05-13,125,89,36,63,113,2023,1039,3062,984
2019-05-14,334,320,14,130,648,8836,4406,13242,4430
2019-05-15,270,257,13,90,721,12676,4323,16999,8353
2019-05-16,161,120,41,68,260,4678,2994,7672,1684
2019-05-17,106,90,16,44,145,1641,834,2475,807
2019-05-18,37,35,2,16,106,1111,442,1553,669
2019-05-19,40,25,15,16,35,251,157,408,94
2019-05-20,329,317,12,127,564,8840,3393,12233,5447
2019-05-21,348,340,8,139,4361,10421,14343,24764,-3922
2019-05-22,149,142,7,73,348,9384,4441,13825,4943
2019-05-23,287,273,14,119,458,6061,3608,9669,2453
2019-05-24,556,536,20,180,2056,23841,19371,43212,4470
2019-05-25,93,86,7,21,183,2090,1056,3146,1034
2019-05-26,76,68,8,28,189,5681,1200,6881,4481
2019-05-27,163,156,7,70,400,5044,2541,7585,2503
2019-05-28,452,441,11,146,1090,18467,13179,31646,5288
2019-05-29,269,257,12,114,537,16161,3747,19908,12414
2019-05-30,406,385,21,124,8427,18639,69571,88210,-50932
2019-05-31,228,201,27,90,764,8928,88296,97224,-79368
2019-06-01,58,55,3,42,94,1495,473,1968,1022
2019-06-02,31,16,15,16,33,3075,36,3111,3039
2019-06-03,325,304,21,102,538,7039,4357,11396,2682
2019-06-04,204,198,6,78,328,14343,7532,21875,6811
2019-06-05,421,412,9,110,4154,9294,36242,45536,-26948
2019-06-06,445,422,23,128,647,12937,5757,18694,7180
2019-06-07,216,199,17,101,331,6070,5014,11084,1056
2019-06-08,84,70,14,20,178,3201,1249,4450,1952
2019-06-09,83,79,4,37,159,2103,1509,3612,594
2019-06-10,324,306,18,98,918,14870,6163,21033,8707
2019-06-11,289,277,12,112,631,14738,7974,22712,6764
2019-06-12,322,306,16,123,634,8916,8847,17763,69
2019-06-13,283,273,10,116,538,10899,24533,35432,-13634
2019-06-14,292,276,16,125,897,19290,12057,31347,7233
2019-06-15,174,151,23,67,312,3130,2070,5200,1060
2019-06-16,56,41,15,23,69,847,238,1085,609
2019-06-17,371,340,31,140,719,13181,6668,19849,6513
2019-06-18,472,461,11,143,786,13802,11647,25449,2155
2019-06-19,443,404,39,124,5911,20574,29655,50229,-9081
2019-06-20,415,402,13,146,885,369543,6572,376115,362971
2019-06-21,674,656,18,137,1484,70607,9654,80261,60953
2019-06-22,248,237,11,87,541,13524,3559,17083,9965
2019-06-23,99,94,5,30,276,2155,1390,3545,765
2019-06-24,327,309,18,123,621,11244,4332,15576,6912
2019-06-25,410,352,58,146,707,13410,5181,18591,8229
2019-06-26,360,345,15,137,707,10023,4757,14780,5266
2019-06-27,511,485,26,140,1137,27219,11631,38850,15588
2019-06-28,302,273,29,106,486,8731,3781,12512,4950
2019-06-29,203,184,19,63,583,5367,5261,10628,106
2019-06-30,39,31,8,14,63,1256,204,1460,1052
2019-07-01,335,317,18,94,626,7469,6045,13514,1424
2019-07-02,390,376,14,128,798,33476,9265,42741,24211
2019-07-03,366,350,16,133,838,20734,8706,29440,12028
2019-07-04,194,167,27,70,380,6827,10754,17581,-3927
2019-07-05,244,224,20,97,481,9549,2890,12439,6659
2019-07-06,105,87,18,46,168,2388,699,3087,1689
2019-07-07,51,45,6,33,64,764,311,1075,453
2019-07-08,385,343,42,105,598,11299,4772,16071,6527
2019-07-09,293,232,61,89,716,10732,3962,14694,6770
2019-07-10,109,108,1,49,179,1521,1312,2833,209
2019-07-11,193,154,39,83,333,5405,3329,8734,2076
2019-07-12,295,252,43,117,570,7478,6015,13493,1463
2019-07-13,50,35,15,18,122,769,719,1488,50
2019-07-14,21,14,7,14,28,310,18,328,292
2019-07-15,188,179,9,51,1045,12654,10956,23610,1698
2019-07-16,115,96,19,56,215,1342,1173,2515,169
2019-07-17,285,266,19,101,674,7935,6784,14719,1151
2019-07-18,405,382,23,107,678,115572,4100,119672,111472
2019-07-19,121,108,13,42,567,4972,2088,7060,2884
2019-07-20,44,26,18,20,73,487,231,718,256
2019-07-21,53,48,5,28,84,1290,340,1630,950
2019-07-22,375,361,14,155,747,8368,10195,18563,-1827
2019-07-23,306,296,10,116,611,5454,3877,9331,1577
2019-07-24,181,174,7,99,342,6044,2562,8606,3482
2019-07-25,394,384,10,151,833,14474,24118,38592,-9644
2019-07-26,237,220,17,88,459,5833,14806,20639,-8973
2019-07-27,104,95,9,46,181,2265,1437,3702,828
2019-07-28,57,41,16,17,96,5719,517,6236,5202
2019-07-29,357,346,11,99,1365,16795,9138,25933,7657
2019-07-30,288,271,17,108,622,8462,7562,16024,900
2019-07-31,388,374,14,114,814,16525,9937,26462,6588
2019-08-01,255,244,11,98,403,4064,2367,6431,1697
2019-08-02,266,245,21,87,571,6543,3654,10197,2889
2019-08-03,146,132,14,68,185,8889,617,9506,8272
2019-08-04,35,29,6,14,62,1232,414,1646,818
2019-08-05,353,347,6,138,715,16031,7483,23514,8548
2019-08-06,226,207,19,94,435,12438,4930,17368,7508
2019-08-07,206,200,6,82,511,11565,3078,14643,8487
2019-08-08,246,235,11,100,561,7261,3641,10902,3620
2019-08-09,392,357,35,120,734,16665,7507,24172,9158
2019-08-10,93,74,19,21,138,3065,2064,5129,1001
2019-08-11,31,26,5,15,48,940,197,1137,743
2019-08-12,402,381,21,150,692,13410,7599,21009,5811
2019-08-13,414,397,17,119,921,14259,7652,21911,6607
2019-08-14,214,196,18,88,558,6998,15385,22383,-8387
2019-08-15,354,330,24,146,777,14890,6392,21282,8498
2019-08-16,181,167,14,64,601,5118,44843,49961,-39725
2019-08-17,86,74,12,27,180,5750,704,6454,5046
2019-08-18,90,77,13,44,131,1641,867,2508,774
2019-08-19,228,217,11,100,408,10033,2389,12422,7644
2019-08-20,504,489,15,157,881,12020,6843,18863,5177
2019-08-21,382,370,12,115,676,11601,7801,19402,3800
2019-08-22,363,346,17,130,678,10096,5186,15282,4910
2019-08-23,386,366,20,161,748,10395,3788,14183,6607
2019-08-24,91,78,13,43,194,3208,926,4134,2282
2019-08-25,59,49,10,34,67,1116,753,1869,363
2019-08-26,265,258,7,97,575,7760,4643,12403,3117
2019-08-27,293,277,16,127,632,7990,4436,12426,3554
2019-08-28,324,305,19,125,667,9639,5909,15548,3730
2019-08-29,383,370,13,130,838,109647,4040,113687,105607
2019-08-30,345,319,26,107,579,21218,5363,26581,15855
2019-08-31,123,110,13,53,263,3708,1491,5199,2217
2019-09-01,105,96,9,41,377,2088,4075,6163,-1987
2019-09-02,152,138,14,74,256,4349,2581,6930,1768
2019-09-03,421,363,58,156,654,22026,5615,27641,16411
2019-09-04,439,401,38,145,674,15826,9692,25518,6134
2019-09-05,442,417,25,133,969,24000,7677,31677,16323
2019-09-06,266,239,27,106,589,7568,6995,14563,573
2019-09-07,101,86,15,46,141,1482,616,2098,866
2019-09-08,31,29,2,18,105,2669,157,2826,2512
2019-09-09,260,256,4,67,512,11370,6924,18294,4446
2019-09-10,153,144,9,55,292,5283,2321,7604,2962
2019-09-11,275,262,13,119,431,5540,3240,8780,2300
2019-09-12,151,136,15,82,262,10730,1865,12595,8865
2019-09-13,276,265,11,102,637,17043,8368,25411,8675
2019-09-14,24,15,9,15,20,194,126,320,68
2019-09-15,77,69,8,33,280,2420,587,3007,1833
2019-09-16,305,266,39,105,538,6860,5354,12214,1506
2019-09-17,202,158,44,89,221,2484,1228,3712,1256
2019-09-18,86,62,24,35,101,2344,531,2875,1813
2019-09-19,86,61,25,41,101,2384,1147,3531,1237
2019-09-20,151,141,10,64,417,4965,3025,7990,1940
2019-09-21,43,28,15,19,67,418,203,621,215
2019-09-22,38,18,20,14,22,113,637,750,-524
2019-09-23,110,83,27,50,131,1741,710,2451,1031
2019-09-24,294,280,14,126,593,5868,3720,9588,2148
2019-09-25,158,152,6,64,504,3776,2928,6704,848
2019-09-26,140,125,15,63,248,2091,1274,3365,817
2019-09-27,103,85,18,49,149,2593,1231,3824,1362
2019-09-28,26,19,7,12,26,252,169,421,83
2019-09-29,8,1,7,3,1,33,7,40,26
2019-09-30,139,130,9,57,235,7420,1043,8463,6377
2019-10-01,519,514,5,196,807,13290,8728,22018,4562
2019-10-02,197,185,12,89,360,4365,2476,6841,1889
2019-10-03,315,305,10,113,603,11079,3799,14878,7280
2019-10-04,454,437,17,161,1146,27865,18211,46076,9654
2019-10-05,109,100,9,44,161,3062,474,3536,2588
2019-10-06,81,73,8,29,165,1289,979,2268,310
2019-10-07,454,443,11,151,828,13215,6046,19261,7169
2019-10-08,220,208,12,90,402,6976,3764,10740,3212
2019-10-09,248,241,7,94,432,8775,4803,13578,3972
2019-10-10,444,431,13,165,824,14688,5725,20413,8963
2019-10-11,182,170,12,101,282,3946,1662,5608,2284
2019-10-12,73,53,20,22,75,1722,407,2129,1315
2019-10-13,50,42,8,26,111,612,396,1008,216
2019-10-14,205,197,8,87,337,3436,2001,5437,1435
2019-10-15,386,375,11,145,661,13409,4195,17604,9214
2019-10-16,201,192,9,98,313,6848,2789,9637,4059
2019-10-17,263,247,16,103,516,10907,2776,13683,8131
2019-10-18,323,300,23,106,663,9432,5844,15276,3588
2019-10-19,93,88,5,38,155,1396,718,2114,678
2019-10-20,42,34,8,17,49,933,268,1201,665
2019-10-21,331,299,32,109,555,11251,8035,19286,3216
2019-10-22,291,273,18,121,482,7891,2535,10426,5356
2019-10-23,243,225,18,94,554,11614,6898,18512,4716
2019-10-24,303,281,22,115,651,16960,4043,21003,12917
2019-10-25,412,399,13,177,776,13841,4995,18836,8846
2019-10-26,117,96,21,49,169,4141,3388,7529,753
2019-10-27,72,56,16,30,71,2380,104,2484,2276
2019-10-28,417,396,21,126,716,10455,5643,16098,4812
2019-10-29,368,358,10,125,605,25838,11759,37597,14079
2019-10-30,240,230,10,104,411,8102,3311,11413,4791
2019-10-31,254,234,20,96,581,8200,2924,11124,5276
2019-11-01,300,272,28,98,801,20733,8684,29417,12049
2019-11-02,85,64,21,31,128,3268,804,4072,2464
2019-11-03,86,81,5,30,121,1392,946,2338,446
2019-11-04,456,415,41,153,849,17348,6098,23446,11250
2019-11-05,317,303,14,119,535,9108,5294,14402,3814
2019-11-06,429,391,38,164,739,32627,22960,55587,9667
2019-11-07,431,407,24,154,875,18836,5524,24360,13312
2019-11-08,308,271,37,118,594,17552,4845,22397,12707
2019-11-09,117,110,7,46,191,1734,1239,2973,495
2019-11-10,116,102,14,48,159,3361,1137,4498,2224
2019-11-11,471,443,28,141,957,12509,8702,21211,3807
2019-11-12,316,298,18,121,617,10224,12374,22598,-2150
2019-11-13,466,431,35,166,1057,15385,6724,22109,8661
2019-11-14,219,207,12,109,432,7078,3860,10938,3218
2019-11-15,405,375,30,138,851,26609,11454,38063,15155
2019-11-16,115,104,11,51,260,5878,1803,7681,4075
2019-11-17,119,108,11,32,338,31337,6956,38293,24381
2019-11-18,326,319,7,111,671,7085,4306,11391,2779
2019-11-19,278,268,10,104,628,13373,4587,17960,8786
2019-11-20,400,380,20,132,775,13143,4844,17987,8299
2019-11-21,236,219,17,92,431,7868,3963,11831,3905
2019-11-22,294,279,15,134,517,12586,3385,15971,9201
2019-11-23,105,89,16,35,170,3281,2967,6248,314
2019-11-24,34,31,3,17,66,471,376,847,95
2019-11-25,278,239,39,88,509,54962,3704,58666,51258
2019-11-26,231,180,51,68,396,4923,3745,8668,1178
2019-11-27,136,110,26,59,207,2659,2624,5283,35
2019-11-28,82,49,33,29,94,1870,250,2120,1620
2019-11-29,117,107,10,55,178,1865,913,2778,952
2019-11-30,71,53,18,25,81,932,290,1222,642
2019-12-01,168,160,8,75,268,3325,2413,5738,912
2019-12-02,134,101,33,44,146,1757,1098,2855,659
2019-12-03,117,97,20,48,167,1695,1281,2976,414
2019-12-04,79,68,11,45,132,1442,637,2079,805
2019-12-05,291,269,22,114,662,8962,3466,12428,5496
2019-12-06,86,64,22,40,90,645,434,1079,211
2019-12-07,55,47,8,29,64,748,613,1361,135
2019-12-08,79,67,12,31,98,504,361,865,143
2019-12-09,524,512,12,167,1143,24385,10711,35096,13674
2019-12-10,291,285,6,126,493,7169,2790,9959,4379
2019-12-11,596,582,14,152,1100,12413,33793,46206,-21380
2019-12-12,155,147,8,83,224,2264,1147,3411,1117
2019-12-13,248,222,26,90,675,8830,3505,12335,5325
2019-12-14,58,47,11,28,61,312,159,471,153
2019-12-15,80,73,7,33,133,3477,1581,5058,1896
2019-12-16,290,274,16,106,492,9749,5391,15140,4358
2019-12-17,297,270,27,108,512,5368,16726,22094,-11358
2019-12-18,589,575,14,165,1087,22936,8150,31086,14786
2019-12-19,207,196,11,88,294,7212,1728,8940,5484
2019-12-20,277,256,21,111,526,11324,5728,17052,5596
2019-12-21,132,112,20,51,220,4752,1434,6186,3318
2019-12-22,19,11,8,10,49,1258,596,1854,662
2019-12-23,209,204,5,82,350,5217,2488,7705,2729
2019-12-24,52,52,0,24,126,4417,973,5390,3444
2019-12-25,111,101,10,31,228,8392,2525,10917,5867
2019-12-26,107,98,9,33,188,3687,1193,4880,2494
2019-12-27,63,53,10,24,99,5986,3703,9689,2283
2019-12-28,52,47,5,23,146,4423,536,4959,3887
2019-12-29,68,64,4,27,97,2112,253,2365,1859
2019-12-30,100,95,5,53,155,2875,1252,4127,1623
2019-12-31,82,78,4,28,225,2472,1206,3678,1266
2020-01-01,12,9,3,7,12,84,10,94,74
2020-01-02,97,89,8,47,147,3156,492,3648,2664
2020-01-03,298,284,14,98,728,6147,4009,10156,2138
2020-01-04,100,97,3,54,192,4947,1337,6284,3610
2020-01-05,176,164,12,32,298,5376,3638,9014,1738
2020-01-06,258,232,26,109,804,8784,3541,12325,5243
2020-01-07,350,334,16,132,642,13343,9479,22822,3864
2020-01-08,325,313,12,112,520,10870,8633,19503,2237
2020-01-09,414,398,16,138,965,39671,7552,47223,32119
2020-01-10,301,267,34,124,530,11435,5844,17279,5591
2020-01-11,83,60,23,20,128,3302,2316,5618,986
2020-01-12,46,43,3,24,114,3955,257,4212,3698
2020-01-13,252,240,12,98,739,12468,4220,16688,8248
2020-01-14,422,407,15,163,651,14544,3500,18044,11044
2020-01-15,558,535,23,173,1339,29972,17161,47133,12811
2020-01-16,449,402,47,167,835,18113,8031,26144,10082
2020-01-17,253,230,23,130,325,4824,1765,6589,3059
2020-01-18,86,62,24,39,165,5139,728,5867,4411
2020-01-19,59,49,10,25,88,1748,230,1978,1518
2020-01-20,245,225,20,100,401,7677,2694,10371,4983
2020-01-21,323,308,15,101,768,13810,3614,17424,10196
2020-01-22,328,307,21,133,588,11227,4002,15229,7225
2020-01-23,364,334,30,123,689,14670,9049,23719,5621
2020-01-24,283,266,17,116,556,17850,3052,20902,14798
2020-01-25,123,108,15,60,176,5218,2929,8147,2289
2020-01-26,124,113,11,48,279,6764,1639,8403,5125
2020-01-27,489,430,59,141,842,32375,12560,44935,19815
2020-01-28,119,86,33,49,123,2612,541,3153,2071
2020-01-29,157,113,44,40,180,5826,2059,7885,3767
2020-01-30,142,120,22,63,220,7250,1347,8597,5903
2020-01-31,254,232,22,97,471,6943,3036,9979,3907
2020-02-01,37,30,7,20,49,504,236,740,268
2020-02-02,19,15,4,13,18,372,162,534,210
2020-02-03,104,90,14,45,216,1786,2244,4030,-458
2020-02-04,191,178,13,60,453,4948,3467,8415,1481
2020-02-05,143,126,17,64,235,2026,1166,3192,860
2020-02-06,125,111,14,67,191,2497,1127,3624,1370
2020-02-07,128,112,16,58,268,3962,1576,5538,2386
2020-02-08,49,30,19,18,53,3611,168,3779,3443
2020-02-09,31,20,11,12,57,691,196,887,495
2020-02-10,316,314,2,129,508,7856,6242,14098,1614
2020-02-11,373,363,10,150,583,10430,4017,14447,6413
2020-02-12,343,337,6,131,704,22761,35970,58731,-13209
2020-02-13,237,228,9,102,417,9078,5594,14672,3484
2020-02-14,350,333,17,101,851,14261,7668,21929,6593
2020-02-15,28,22,6,18,32,793,112,905,681
2020-02-16,42,33,9,15,76,719,254,973,465
2020-02-17,288,268,20,109,483,6299,3384,9683,2915
2020-02-18,160,154,6,67,245,4155,1201,5356,2954
2020-02-19,268,259,9,117,405,7561,2865,10426,4696
2020-02-20,232,217,15,92,412,7012,2010,9022,5002
2020-02-21,282,262,20,104,466,9168,2637,11805,6531
2020-02-22,106,96,10,28,209,5169,3305,8474,1864
2020-02-23,136,129,7,24,295,4364,4237,8601,127
2020-02-24,390,368,22,125,862,11318,4678,15996,6640
2020-02-25,241,234,7,92,416,6284,2600,8884,3684
2020-02-26,262,245,17,91,527,9761,4648,14409,5113
2020-02-27,364,341,23,123,681,14240,5643,19883,8597
2020-02-28,224,202,22,93,445,7466,3512,10978,3954
2020-02-29,108,103,5,42,191,3959,1176,5135,2783
2020-03-01,49,43,6,21,65,590,417,1007,173
2020-03-02,288,273,15,103,442,9503,5242,14745,4261
2020-03-03,202,191,11,79,414,5685,2953,8638,2732
2020-03-04,368,343,25,134,638,8434,6337,14771,2097
2020-03-05,228,216,12,119,403,10110,3222,13332,6888
2020-03-06,312,284,28,136,470,16306,3162,19468,13144
2020-03-07,62,49,13,28,79,1023,253,1276,770
2020-03-08,156,149,7,55,242,6040,1729,7769,4311
2020-03-09,291,274,17,104,520,27320,2796,30116,24524
2020-03-10,367,328,39,151,583,8777,11604,20381,-2827
2020-03-11,299,291,8,127,440,6022,3013,9035,3009
2020-03-12,509,485,24,185,956,20727,9889,30616,10838
2020-03-13,296,269,27,119,538,7450,3689,11139,3761
2020-03-14,97,89,8,33,106,1239,1504,2743,-265
2020-03-15,147,133,14,64,237,10520,2601,13121,7919
2020-03-16,530,512,18,116,1127,15307,9084,24391,6223
2020-03-17,358,350,8,127,649,9555,6995,16550,2560
2020-03-18,308,287,21,116,634,7748,3589,11337,4159
2020-03-19,265,247,18,112,511,10737,4455,15192,6282
2020-03-20,371,347,24,140,590,21750,4398,26148,17352
2020-03-21,208,199,9,53,462,11139,3507,14646,7632
2020-03-22,91,83,8,51,129,3066,975,4041,2091
2020-03-23,446,437,9,124,830,12679,8257,20936,4422
2020-03-24,501,476,25,153,982,16633,12893,29526,3740
2020-03-25,429,331,98,134,861,9621,4012,13633,5609
2020-03-26,394,374,20,132,725,12423,5595,18018,6828
2020-03-27,489,451,38,144,1074,27231,11091,38322,16140
2020-03-28,98,91,7,34,206,3428,1025,4453,2403
2020-03-29,99,93,6,48,205,3188,1950,5138,1238
2020-03-30,373,308,65,140,684,14703,3876,18579,10827
2020-03-31,228,184,44,88,443,9234,2802,12036,6432
2020-04-01,239,222,17,81,523,12785,7698,20483,5087
2020-04-02,320,279,41,103,587,9980,4098,14078,5882
2020-04-03,177,152,25,78,341,9176,5029,14205,4147
2020-04-04,23,11,12,12,20,255,94,349,161
2020-04-05,36,27,9,17,47,649,258,907,391
2020-04-06,79,68,11,38,113,1168,564,1732,604
2020-04-07,268,251,17,110,461,5391,2056,7447,3335
2020-04-08,184,170,14,75,270,3439,1691,5130,1748
2020-04-09,131,114,17,69,233,6815,1004,7819,5811
2020-04-10,64,48,16,30,179,884,416,1300,468
2020-04-11,24,16,8,13,21,295,111,406,184
2020-04-12,69,62,7,14,90,4534,3291,7825,1243
2020-04-13,279,273,6,96,468,8008,6768,14776,1240
2020-04-14,533,513,20,183,1538,14189,6978,21167,7211
2020-04-15,266,262,4,107,469,6908,3166,10074,3742
2020-04-16,274,260,14,115,593,7046,4526,11572,2520
2020-04-17,233,212,21,90,331,4478,2167,6645,2311
2020-04-18,95,87,8,31,150,2459,543,3002,1916
2020-04-19,182,171,11,53,292,4668,2662,7330,2006
2020-04-20,367,348,19,141,641,10821,3915,14736,6906
2020-04-21,358,340,18,138,669,19959,4466,24425,15493
2020-04-22,279,270,9,117,576,10196,4059,14255,6137
2020-04-23,364,344,20,133,655,9428,5376,14804,4052
2020-04-24,281,250,31,95,589,8505,5586,14091,2919
2020-04-25,98,90,8,46,130,1735,487,2222,1248
2020-04-26,87,74,13,47,189,6809,1467,8276,5342
2020-04-27,267,252,15,99,504,10377,5508,15885,4869
2020-04-28,508,493,15,153,1072,17640,9123,26763,8517
2020-04-29,239,227,12,85,454,8951,4339,13290,4612
2020-04-30,330,304,26,132,570,10987,5575,16562,5412
2020-05-01,269,246,23,93,633,14439,5739,20178,8700
2020-05-02,47,33,14,19,79,898,348,1246,550
2020-05-03,111,105,6,37,273,6425,2281,8706,4144
2020-05-04,281,268,13,112,510,23150,3650,26800,19500
2020-05-05,564,552,12,177,1098,19195,11462,30657,7733
2020-05-06,240,229,11,100,409,8929,6650,15579,2279
2020-05-07,284,262,22,105,502,5556,2517,8073,3039
2020-05-08,318,295,23,107,672,9421,5862,15283,3559
2020-05-09,208,197,11,63,455,5396,12737,18133,-7341
2020-05-10,104,97,7,36,208,6988,511,7499,6477
2020-05-11,298,281,17,108,548,7782,4239,12021,3543
2020-05-12,495,479,16,144,995,27295,5382,32677,21913
2020-05-13,409,384,25,135,740,10628,4764,15392,5864
2020-05-14,205,188,17,89,428,9895,3914,13809,5981
2020-05-15,497,450,47,173,853,13814,5191,19005,8623
2020-05-16,107,96,11,48,183,2860,1732,4592,1128
2020-05-17,138,130,8,46,221,15130,1256,16386,13874
2020-05-18,453,439,14,142,925,18220,5209,23429,13011
2020-05-19,518,497,21,156,1204,112042,10036,122078,102006
2020-05-20,398,383,15,116,3513,220598,71898,292496,148700
2020-05-21,282,221,61,95,488,9219,3233,12452,5986
2020-05-22,446,408,38,157,977,21128,8966,30094,12162
2020-05-23,107,91,16,50,235,7176,1274,8450,5902
2020-05-24,35,30,5,13,53,2347,1023,3370,1324
2020-05-25,422,375,47,127,669,11106,9444,20550,1662
2020-05-26,187,169,18,87,314,4503,1980,6483,2523
2020-05-27,449,428,21,178,853,16274,5315,21589,10959
2020-05-28,754,722,32,217,1499,28791,23282,52073,5509
2020-05-29,422,381,41,154,661,12151,5341,17492,6810
2020-05-30,136,131,5,49,261,8570,1860,10430,6710
2020-05-31,206,192,14,49,304,3539,2188,5727,1351
2020-06-01,393,306,87,129,855,20707,17928,38635,2779
2020-06-02,326,307,19,131,655,6137,7211,13348,-1074
2020-06-03,169,138,31,57,224,182863,666,183529,182197
2020-06-04,394,347,47,113,823,14718,8864,23582,5854
2020-06-05,256,232,24,84,548,5130,3439,8569,1691
2020-06-06,70,59,11,19,100,616,474,1090,142
2020-06-07,28,18,10,15,36,285,120,405,165
2020-06-08,145,127,18,64,239,1888,1358,3246,530
2020-06-09,219,206,13,74,1734,4831,5406,10237,-575
2020-06-10,147,125,22,47,226,1785,1115,2900,670
2020-06-11,422,398,24,96,2040,14677,12731,27408,1946
2020-06-12,80,63,17,41,114,1449,355,1804,1094
2020-06-13,42,24,18,18,456,2926,2759,5685,167
2020-06-14,62,60,2,25,484,1765,857,2622,908
2020-06-15,360,339,21,129,527,13287,2738,16025,10549
2020-06-16,257,251,6,104,519,4101,3181,7282,920
2020-06-17,148,137,11,83,289,2210,1017,3227,1193
2020-06-18,197,194,3,102,416,4536,4440,8976,96
2020-06-19,225,199,26,84,363,4570,2161,6731,2409
2020-06-20,117,105,12,40,194,3410,2492,5902,918
2020-06-21,88,76,12,41,127,5727,2306,8033,3421
2020-06-22,326,308,18,116,686,16747,4222,20969,12525
2020-06-23,347,332,15,124,682,12573,4667,17240,7906
2020-06-24,316,301,15,126,588,8229,4117,12346,4112
2020-06-25,251,229,22,102,411,5742,2709,8451,3033
2020-06-26,295,267,28,116,692,6081,9150,15231,-3069
2020-06-27,113,94,19,43,236,8401,1109,9510,7292
2020-06-28,65,44,21,21,59,1181,572,1753,609
2020-06-29,357,343,14,122,594,10190,4321,14511,5869
2020-06-30,313,286,27,103,725,17143,7863,25006,9280
2020-07-01,751,731,20,186,1750,55782,29287,85069,26495
2020-07-02,238,218,20,104,439,5408,2697,8105,2711
2020-07-03,230,208,22,86,382,5706,3138,8844,2568
2020-07-04,116,109,7,46,279,2087,9775,11862,-7688
2020-07-05,155,134,21,37,270,6288,2621,8909,3667
2020-07-06,228,215,13,78,435,6401,3142,9543,3259
2020-07-07,379,365,14,134,709,13513,8797,22310,4716
2020-07-08,427,402,25,156,824,10012,6907,16919,3105
2020-07-09,338,323,15,107,599,7303,3615,10918,3688
2020-07-10,385,355,30,127,757,14563,5284,19847,9279
2020-07-11,48,34,14,25,62,1482,240,1722,1242
2020-07-12,48,41,7,19,48,564,448,1012,116
2020-07-13,407,393,14,127,898,14239,3990,18229,10249
2020-07-14,305,289,16,122,532,10150,4375,14525,5775
2020-07-15,451,445,6,117,698,16601,5651,22252,10950
2020-07-16,458,425,33,137,1110,22475,8320,30795,14155
2020-07-17,297,256,41,110,407,12988,3056,16044,9932
2020-07-18,105,98,7,37,186,5758,1163,6921,4595
2020-07-19,249,241,8,51,418,11315,7081,18396,4234
2020-07-20,422,396,26,114,738,14438,6303,20741,8135
2020-07-21,568,536,32,203,1220,22658,10252,32910,12406
2020-07-22,241,200,41,95,431,5850,2023,7873,3827
2020-07-23,367,342,25,132,742,13354,5275,18629,8079
2020-07-24,586,553,33,145,1451,25145,10627,35772,14518
2020-07-25,197,182,15,43,332,2081,1166,3247,915
2020-07-26,189,173,16,46,366,8770,3158,11928,5612
2020-07-27,575,549,26,154,1092,21594,9019,30613,12575
2020-07-28,306,286,20,122,494,7237,3321,10558,3916
2020-07-29,457,433,24,154,1013,19615,7458,27073,12157
2020-07-30,310,293,17,143,465,7096,2299,9395,4797
2020-07-31,321,291,30,113,637,11956,3776,15732,8180
2020-08-01,59,49,10,28,82,1258,292,1550,966
2020-08-02,98,91,7,53,224,2153,1378,3531,775
2020-08-03,247,193,54,97,385,6813,1645,8458,5168
2020-08-04,239,191,48,90,403,6615,1603,8218,5012
2020-08-05,221,173,48,74,317,6710,1093,7803,5617
2020-08-06,270,246,24,93,582,5665,2867,8532,2798
2020-08-07,275,246,29,100,767,7008,4477,11485,2531
2020-08-08,30,22,8,14,46,71,250,321,-179
2020-08-09,21,14,7,7,88,257,226,483,31
2020-08-10,102,95,7,57,145,2743,1366,4109,1377
2020-08-11,96,76,20,55,139,1459,2082,3541,-623
2020-08-12,221,207,14,80,478,4377,2176,6553,2201
2020-08-13,90,84,6,46,158,1841,1057,2898,784
2020-08-14,144,126,18,49,663,4346,3487,7833,859
2020-08-15,127,112,15,37,293,1640,2065,3705,-425
2020-08-16,37,31,6,16,43,733,475,1208,258
2020-08-17,391,388,3,146,700,12946,3287,16233,9659
2020-08-18,500,476,24,169,847,15763,7287,23050,8476
2020-08-19,205,190,15,84,485,6385,3500,9885,2885
2020-08-20,171,160,11,77,687,9844,3268,13112,6576
2020-08-21,236,216,20,118,354,3787,2347,6134,1440
2020-08-22,98,91,7,41,325,2530,1190,3720,1340
2020-08-23,47,36,11,30,1196,4465,2976,7441,1489
2020-08-24,217,207,10,92,523,7767,4242,12009,3525
2020-08-25,295,279,16,95,471,11258,3381,14639,7877
2020-08-26,312,297,15,131,442,8358,2760,11118,5598
2020-08-27,294,283,11,117,527,13168,3471,16639,9697
2020-08-28,253,228,25,89,466,7353,3419,10772,3934
2020-08-29,78,72,6,26,151,931,706,1637,225
2020-08-30,58,48,10,18,125,989,481,1470,508
2020-08-31,229,215,14,91,538,15522,9784,25306,5738
2020-09-01,373,363,10,124,1060,7812,8249,16061,-437
2020-09-02,217,208,9,70,326,6023,3041,9064,2982
2020-09-03,423,408,15,155,839,12550,7102,19652,5448
2020-09-04,290,263,27,104,493,8175,2936,11111,5239
2020-09-05,92,84,8,46,155,1792,9618,11410,-7826
2020-09-06,43,38,5,16,51,488,410,898,78
2020-09-07,484,473,11,124,1153,16489,8728,25217,7761
2020-09-08,269,257,12,100,430,9600,6553,16153,3047
2020-09-09,310,290,20,118,641,12055,2484,14539,9571
2020-09-10,429,410,19,136,763,11612,10624,22236,988
2020-09-11,297,272,25,109,602,7994,13158,21152,-5164
2020-09-12,106,94,12,42,253,13691,1103,14794,12588
2020-09-13,152,121,31,38,255,1996,8353,10349,-6357
2020-09-14,294,275,19,108,503,6421,4009,10430,2412
2020-09-15,462,450,12,157,1001,24932,9656,34588,15276
2020-09-16,429,417,12,129,931,11733,8848,20581,2885
2020-09-17,384,361,23,144,792,18970,4487,23457,14483
2020-09-18,419,394,25,139,739,18309,5189,23498,13120
2020-09-19,95,88,7,30,146,2177,831,3008,1346
2020-09-20,52,37,15,26,45,356,180,536,176
2020-09-21,441,418,23,145,632,11034,4584,15618,6450
2020-09-22,478,449,29,160,890,22619,14584,37203,8035
2020-09-23,234,224,10,90,516,8970,4477,13447,4493
2020-09-24,407,391,16,132,830,14200,9442,23642,4758
2020-09-25,468,437,31,141,980,16696,6409,23105,10287
2020-09-26,213,163,50,53,365,3461,1871,5332,1590
2020-09-27,159,150,9,56,250,7825,1827,9652,5998
2020-09-28,432,410,22,134,938,25045,10507,35552,14538
2020-09-29,441,417,24,145,845,13646,7867,21513,5779
2020-09-30,344,324,20,140,556,12863,5017,17880,7846
2020-10-01,390,372,18,111,785,25780,12192,37972,13588
2020-10-02,469,435,34,158,801,19054,4769,23823,14285
2020-10-03,127,87,40,42,222,3311,1400,4711,1911
2020-10-04,87,80,7,42,122,3927,833,4760,3094
2020-10-05,279,266,13,103,602,283081,3555,286636,279526
2020-10-06,199,183,16,75,717,6053,14514,20567,-8461
2020-10-07,400,397,3,104,999,15510,11962,27472,3548
2020-10-08,293,279,14,115,504,8589,3407,11996,5182
2020-10-09,186,164,22,93,357,5058,1464,6522,3594
2020-10-10,94,82,12,37,128,2465,1037,3502,1428
2020-10-11,62,49,13,31,96,1718,1335,3053,383
2020-10-12,258,206,52,81,416,9917,2380,12297,7537
2020-10-13,113,76,37,52,147,5697,2235,7932,3462
2020-10-14,369,337,32,132,668,9477,3953,13430,5524
2020-10-15,244,210,34,69,592,6914,4659,11573,2255
2020-10-16,290,276,14,110,505,6426,2897,9323,3529
2020-10-17,45,40,5,13,92,896,477,1373,419
2020-10-18,84,74,10,40,149,1252,727,1979,525
2020-10-19,79,75,4,36,102,1931,428,2359,1503
2020-10-20,118,100,18,59,160,1891,778,2669,1113
2020-10-21,177,143,34,74,276,3974,1534,5508,2440
2020-10-22,97,79,18,50,169,6938,804,7742,6134
2020-10-23,100,79,21,41,148,2761,567,3328,2194
2020-10-24,34,16,18,15,36,540,272,812,268
2020-10-25,21,10,11,9,131,234,219,453,15
2020-10-26,465,441,24,174,1031,12227,8698,20925,3529
2020-10-27,242,234,8,93,428,4977,1555,6532,3422
2020-10-28,314,307,7,119,646,9493,30349,39842,-20856
2020-10-29,161,152,9,77,336,3210,3717,6927,-507
2020-10-30,431,401,30,111,1066,15074,8494,23568,6580
2020-10-31,83,72,11,34,192,3317,1437,4754,1880
2020-11-01,52,40,12,31,65,421,170,591,251
2020-11-02,227,217,10,116,474,4533,2098,6631,2435
2020-11-03,237,227,10,107,317,2664,1421,4085,1243
2020-11-04,282,268,14,101,605,21925,3908,25833,18017
2020-11-05,251,232,19,112,473,15752,3807,19559,11945
2020-11-06,325,301,24,105,630,8570,18289,26859,-9719
2020-11-07,216,203,13,66,358,4501,2373,6874,2128
2020-11-08,77,65,12,34,120,3645,568,4213,3077
2020-11-09,249,236,13,98,454,6156,2424,8580,3732
2020-11-10,395,372,23,167,723,92356,5453,97809,86903
2020-11-11,263,253,10,99,414,4281,2689,6970,1592
2020-11-12,262,242,20,105,403,5207,3873,9080,1334
2020-11-13,353,318,35,120,570,5755,6774,12529,-1019
2020-11-14,99,88,11,61,116,1480,685,2165,795
2020-11-15,111,98,13,37,172,2639,1511,4150,1128
2020-11-16,701,680,21,175,1326,20621,14394,35015,6227
2020-11-17,357,336,21,145,647,14507,8193,22700,6314
2020-11-18,245,235,10,100,454,9150,2554,11704,6596
2020-11-19,328,301,27,122,771,14216,4667,18883,9549
2020-11-20,334,307,27,139,688,10250,3354,13604,6896
2020-11-21,100,87,13,32,156,1654,923,2577,731
2020-11-22,87,77,10,30,125,3032,1563,4595,1469
2020-11-23,288,261,27,100,578,14485,5803,20288,8682
2020-11-24,370,355,15,148,621,11324,4208,15532,7116
2020-11-25,228,219,9,107,326,7692,3255,10947,4437
2020-11-26,384,358,26,113,658,16854,5037,21891,11817
2020-11-27,339,282,57,136,475,9062,2709,11771,6353
2020-11-28,72,58,14,30,88,976,349,1325,627
2020-11-29,76,71,5,35,109,2128,551,2679,1577
2020-11-30,522,502,20,139,1132,32227,9372,41599,22855
2020-12-01,422,405,17,147,790,11530,7190,18720,4340
2020-12-02,364,349,15,126,662,13572,7536,21108,6036
2020-12-03,597,574,23,175,1250,17517,11540,29057,5977
2020-12-04,371,347,24,115,905,11793,9608,21401,2185
2020-12-05,93,84,9,51,141,4330,1614,5944,2716
2020-12-06,45,34,11,25,89,969,2079,3048,-1110
2020-12-07,370,355,15,140,626,11392,7825,19217,3567
2020-12-08,504,439,65,139,990,12886,5651,18537,7235
2020-12-09,665,633,32,218,1263,16882,16519,33401,363
2020-12-10,432,403,29,171,727,14090,4943,19033,9147
2020-12-11,302,275,27,123,492,15226,3171,18397,12055
2020-12-12,103,88,15,43,187,3504,1416,4920,2088
2020-12-13,77,75,2,37,156,1250,1174,2424,76
2020-12-14,228,200,28,61,477,13615,6575,20190,7040
2020-12-15,601,527,74,160,1047,14490,9715,24205,4775
2020-12-16,270,195,75,89,332,4039,2193,6232,1846
2020-12-17,232,209,23,93,300,4174,1819,5993,2355
2020-12-18,178,165,13,64,253,3336,1598,4934,1738
2020-12-19,64,54,10,28,111,1684,620,2304,1064
2020-12-20,22,15,7,12,22,151,84,235,67
2020-12-21,63,53,10,31,79,4206,3866,8072,340
2020-12-22,162,147,15,43,381,7997,3626,11623,4371
2020-12-23,116,111,5,45,187,4977,1542,6519,3435
2020-12-24,59,43,16,13,102,1462,1064,2526,398
2020-12-25,34,31,3,4,41,376,121,497,255
2020-12-26,5,4,1,4,4,31,34,65,-3
2020-12-27,14,8,6,6,10,93,35,128,58
2020-12-28,213,199,14,99,306,4659,1627,6286,3032
2020-12-29,84,82,2,43,175,10830,851,11681,9979
2020-12-30,30,27,3,23,47,1093,150,1243,943
2020-12-31,37,37,0,22,58,631,171,802,460
2021-01-01,9,6,3,5,10,52,53,105,-1
2021-01-02,53,50,3,17,129,4565,6560,11125,-1995
2021-01-03,16,16,0,12,21,184,170,354,14
2021-01-04,322,313,9,113,489,7385,3760,11145,3625
2021-01-05,254,245,9,99,423,8859,6311,15170,2548
2021-01-06,197,189,8,90,427,20906,2950,23856,17956
2021-01-07,354,327,27,128,541,7267,3247,10514,4020
2021-01-08,206,182,24,87,450,4403,3053,7456,1350
2021-01-09,88,77,11,41,115,2668,991,3659,1677
2021-01-10,67,53,14,25,74,962,370,1332,592
2021-01-11,168,155,13,80,296,5533,1256,6789,4277
2021-01-12,348,337,11,117,645,16393,6476,22869,9917
2021-01-13,338,318,20,135,570,12024,5425,17449,6599
2021-01-14,516,507,9,177,1027,17570,9991,27561,7579
2021-01-15,346,303,43,120,631,13541,7276,20817,6265
2021-01-16,95,86,9,32,157,3029,980,4009,2049
2021-01-17,37,32,5,20,35,407,611,1018,-204
2021-01-18,253,243,10,102,404,5352,2228,7580,3124
2021-01-19,212,200,12,78,343,4520,3016,7536,1504
2021-01-20,252,237,15,112,679,5570,27848,33418,-22278
2021-01-21,341,310,31,130,586,9808,20253,30061,-10445
2021-01-22,291,270,21,104,829,17613,11684,29297,5929
2021-01-23,191,179,12,48,407,7312,10254,17566,-2942
2021-01-24,92,73,19,28,651,5709,2113,7822,3596
2021-01-25,442,425,17,148,817,13733,7591,21324,6142
2021-01-26,360,342,18,136,652,9082,11053,20135,-1971
2021-01-27,391,382,9,160,791,11638,7542,19180,4096
2021-01-28,312,283,29,130,499,8891,5034,13925,3857
2021-01-29,317,286,31,108,739,21770,25640,47410,-3870
2021-01-30,135,115,20,48,217,6403,961,7364,5442
2021-01-31,124,113,11,46,182,2508,932,3440,1576
2021-02-01,354,345,9,131,555,7910,10245,18155,-2335
2021-02-02,378,334,44,163,557,9056,3983,13039,5073
2021-02-03,261,243,18,105,484,5654,3997,9651,1657
2021-02-04,431,404,27,130,884,13619,9556,23175,4063
2021-02-05,327,301,26,127,504,11397,4674,16071,6723
2021-02-06,181,161,20,61,422,9228,3762,12990,5466
2021-02-07,55,46,9,28,85,1020,1658,2678,-638
2021-02-08,491,473,18,137,965,26103,9347,35450,16756
2021-02-09,564,527,37,201,1190,20357,20697,41054,-340
2021-02-10,360,334,26,140,642,10961,4313,15274,6648
2021-02-11,482,455,27,137,1626,22903,8357,31260,14546
2021-02-12,277,224,53,125,412,33962,8279,42241,25683
2021-02-13,144,125,19,47,269,4496,1691,6187,2805
2021-02-14,35,32,3,16,54,8027,93,8120,7934
2021-02-15,219,199,20,74,409,5838,7085,12923,-1247
2021-02-16,155,138,17,65,263,5785,2226,8011,3559
2021-02-17,145,135,10,55,322,6894,2234,9128,4660
2021-02-18,129,126,3,62,245,2941,1997,4938,944
2021-02-19,88,86,2,44,150,3332,938,4270,2394
2021-02-20,9,9,0,5,12,136,71,207,65
2021-02-21,96,28,68,10,55,737,324,1061,413
2021-02-22,177,117,60,71,224,2318,1533,3851,785
2021-02-23,253,210,43,96,369,12920,2768,15688,10152
2021-02-24,333,295,38,118,666,5005,3899,8904,1106
2021-02-25,91,75,16,42,282,1410,1138,2548,272
2021-02-26,257,230,27,99,524,9634,3808,13442,5826
2021-02-27,26,21,5,15,91,508,224,732,284
2021-02-28,22,14,8,10,16,77,47,124,30
2021-03-01,69,62,7,44,111,1502,467,1969,1035
2021-03-02,92,90,2,67,217,4448,1719,6167,2729
2021-03-03,52,51,1,31,76,540,441,981,99
2021-03-04,192,184,8,62,298,3311,1977,5288,1334
2021-03-05,128,109,19,58,198,4543,883,5426,3660
2021-03-06,189,185,4,79,313,3748,1435,5183,2313
2021-03-07,92,86,6,38,131,5703,652,6355,5051
2021-03-08,316,309,7,125,619,8470,4860,13330,3610
2021-03-09,128,124,4,74,184,4144,591,4735,3553
2021-03-10,926,882,44,236,1447,142766,25617,168383,117149
2021-03-11,442,436,6,155,899,11587,6370,17957,5217
2021-03-12,402,370,32,130,669,9777,3480,13257,6297
2021-03-13,125,108,17,47,178,4923,840,5763,4083
2021-03-14,79,63,16,35,109,1630,573,2203,1057
2021-03-15,347,332,15,125,568,8649,3446,12095,5203
2021-03-16,398,375,23,120,637,10336,13239,23575,-2903
2021-03-17,220,207,13,95,555,13168,3381,16549,9787
2021-03-18,410,384,26,110,857,15265,6341,21606,8924
2021-03-19,292,266,26,99,449,8469,4921,13390,3548
2021-03-20,36,29,7,15,69,117,15507,15624,-15390
2021-03-21,86,72,14,32,176,3764,647,4411,3117
2021-03-22,510,499,11,146,1104,29648,9426,39074,20222
2021-03-23,374,364,10,129,794,10299,7071,17370,3228
2021-03-24,668,657,11,171,1368,25494,9312,34806,16182
2021-03-25,392,370,22,152,681,20518,3618,24136,16900
2021-03-26,403,374,29,149,768,12331,6319,18650,6012
2021-03-27,43,40,3,13,94,2846,666,3512,2180
2021-03-28,99,91,8,46,132,1343,683,2026,660
2021-03-29,459,440,19,143,883,17397,7331,24728,10066
2021-03-30,372,357,15,147,599,12702,5461,18163,7241
2021-03-31,330,312,18,131,572,9625,4332,13957,5293
2021-04-01,245,187,58,97,302,5405,2373,7778,3032
2021-04-02,321,301,20,121,518,7402,2993,10395,4409
2021-04-03,73,58,15,15,104,2642,2033,4675,609
2021-04-04,47,46,1,29,95,1742,557,2299,1185
2021-04-05,149,140,9,59,214,3039,1690,4729,1349
2021-04-06,461,451,10,158,806,14056,8284,22340,5772
2021-04-07,607,573,34,157,1355,17019,16580,33599,439
2021-04-08,535,480,55,185,813,16741,4639,21380,12102
2021-04-09,591,561,30,221,1102,14602,7225,21827,7377
2021-04-10,117,103,14,53,164,2723,712,3435,2011
2021-04-11,252,241,11,49,493,5925,3225,9150,2700
2021-04-12,315,298,17,114,547,5859,5248,11107,611
2021-04-13,323,289,34,111,594,16624,5246,21870,11378
2021-04-14,447,427,20,147,822,12761,7705,20466,5056
2021-04-15,280,257,23,142,648,5699,3275,8974,2424
2021-04-16,318,303,15,133,566,12599,3599,16198,9000
2021-04-17,127,112,15,44,200,2383,1828,4211,555
2021-04-18,47,42,5,28,83,1006,237,1243,769
2021-04-19,348,328,20,103,525,14520,3619,18139,10901
2021-04-20,323,307,16,132,656,14548,4979,19527,9569
2021-04-21,341,334,7,136,664,19121,3580,22701,15541
2021-04-22,271,260,11,104,497,14890,2375,17265,12515
2021-04-23,247,222,25,102,428,10123,4554,14677,5569
2021-04-24,63,60,3,17,132,1444,1098,2542,346
2021-04-25,72,67,5,29,132,2183,809,2992,1374
2021-04-26,277,201,76,68,462,6084,2925,9009,3159
2021-04-27,171,146,25,64,361,4184,2700,6884,1484
2021-04-28,85,53,32,32,93,736,823,1559,-87
2021-04-29,218,188,30,90,324,5313,1388,6701,3925
2021-04-30,263,244,19,96,486,4498,3454,7952,1044
2021-05-01,40,34,6,13,90,1818,313,2131,1505
2021-05-02,5,1,4,2,10,8,948,956,-940
2021-05-03,152,143,9,62,224,4194,1859,6053,2335
2021-05-04,108,72,36,49,120,2523,385,2908,2138
2021-05-05,277,261,16,98,560,6580,3316,9896,3264
2021-05-06,53,39,14,30,47,440,182,622,258
2021-05-07,185,167,18,84,533,2800,3034,5834,-234
2021-05-08,17,11,6,8,22,187,131,318,56
2021-05-09,31,24,7,12,35,138,64,202,74
2021-05-10,771,759,12,220,1289,14476,12374,26850,2102
2021-05-11,326,309,17,110,693,45057,7729,52786,37328
2021-05-12,230,222,8,89,414,6064,1799,7863,4265
2021-05-13,308,295,13,109,646,3594,4282,7876,-688
2021-05-14,225,210,15,93,375,6104,11903,18007,-5799
2021-05-15,92,79,13,49,131,1589,585,2174,1004
2021-05-16,13,7,6,7,9,41,22,63,19
2021-05-17,342,327,15,103,624,14686,6518,21204,8168
2021-05-18,236,227,9,80,410,7059,1832,8891,5227
2021-05-19,326,313,13,116,486,6310,4175,10485,2135
2021-05-20,419,404,15,157,836,60947,5265,66212,55682
2021-05-21,332,303,29,116,454,6116,3779,9895,2337
2021-05-22,63,56,7,34,85,1422,383,1805,1039
2021-05-23,134,125,9,45,217,2940,2051,4991,889
2021-05-24,170,155,15,78,258,3596,1452,5048,2144
2021-05-25,269,259,10,116,540,20815,9198,30013,11617
2021-05-26,301,292,9,99,707,11433,8960,20393,2473
2021-05-27,400,381,19,163,638,12827,3867,16694,8960
2021-05-28,235,221,14,93,371,5324,2421,7745,2903
2021-05-29,37,22,15,15,69,7209,3554,10763,3655
2021-05-30,25,19,6,16,22,114,136,250,-22
2021-05-31,169,161,8,78,253,5168,1238,6406,3930
2021-06-01,415,397,18,115,858,15951,7290,23241,8661
2021-06-02,497,477,20,181,1100,63032,38633,101665,24399
2021-06-03,439,410,29,159,779,20974,11277,32251,9697
2021-06-04,401,390,11,140,797,227053,5813,232866,221240
2021-06-05,43,32,11,27,98,703,669,1372,34
2021-06-06,49,42,7,25,121,1794,642,2436,1152
2021-06-07,351,336,15,128,641,10267,4776,15043,5491
2021-06-08,398,373,25,156,725,13207,3952,17159,9255
2021-06-09,350,331,19,110,580,7713,5831,13544,1882
2021-06-10,425,407,18,131,802,16719,7334,24053,9385
2021-06-11,394,356,38,122,723,16500,4671,21171,11829
2021-06-12,162,108,54,50,218,4845,5118,9963,-273
2021-06-13,75,71,4,25,131,9795,720,10515,9075
2021-06-14,326,306,20,128,463,12941,2983,15924,9958
2021-06-15,440,404,36,158,718,12194,8614,20808,3580
2021-06-16,443,425,18,139,1018,55539,57947,113486,-2408
2021-06-17,541,522,19,152,1134,19435,9431,28866,10004
2021-06-18,498,470,28,164,868,16384,8493,24877,7891
2021-06-19,166,158,8,50,312,2972,1653,4625,1319
2021-06-20,60,57,3,26,99,1977,920,2897,1057
2021-06-21,533,507,26,193,994,15977,8898,24875,7079
2021-06-22,425,405,20,152,927,17637,6659,24296,10978
2021-06-23,429,402,27,142,841,13960,11684,25644,2276
2021-06-24,502,445,57,146,1030,27468,9993,37461,17475
2021-06-25,198,175,23,85,309,9559,2570,12129,6989
2021-06-26,100,98,2,50,150,1745,785,2530,960
2021-06-27,11,11,0,7,22,4767,124,4891,4643
2021-06-28,275,227,48,98,456,11837,2450,14287,9387
2021-06-29,352,308,44,113,637,5322,3605,8927,1717
2021-06-30,184,150,34,59,278,3449,2013,5462,1436
2021-07-01,445,423,22,144,977,14991,8233,23224,6758
2021-07-02,79,60,19,36,108,1452,438,1890,1014
2021-07-03,36,29,7,14,38,262,130,392,132
2021-07-04,27,19,8,13,30,916,397,1313,519
2021-07-05,78,63,15,38,130,3613,2778,6391,835
2021-07-06,88,54,34,36,98,979,397,1376,582
2021-07-07,112,96,16,50,123,2325,1118,3443,1207
2021-07-08,272,261,11,81,584,7150,5429,12579,1721
2021-07-09,83,65,18,41,140,1052,441,1493,611
2021-07-10,36,20,16,13,35,441,300,741,141
2021-07-11,74,64,10,37,83,1249,557,1806,692
2021-07-12,147,140,7,59,245,1896,1028,2924,868
2021-07-13,137,129,8,61,237,3675,2503,6178,1172
2021-07-14,124,120,4,62,181,3411,729,4140,2682
2021-07-15,219,207,12,104,322,5887,1801,7688,4086
2021-07-16,190,169,21,81,322,7136,3428,10564,3708
2021-07-17,58,47,11,24,60,1650,330,1980,1320
2021-07-18,21,17,4,15,23,130,95,225,35
2021-07-19,312,306,6,86,493,11184,8428,19612,2756
2021-07-20,246,229,17,106,424,11776,5718,17494,6058
2021-07-21,328,318,10,155,692,10903,3864,14767,7039
2021-07-22,233,218,15,105,444,8359,2962,11321,5397
2021-07-23,330,302,28,143,598,11048,4553,15601,6495
2021-07-24,89,82,7,44,143,1384,672,2056,712
2021-07-25,115,105,10,42,203,1675,832,2507,843
2021-07-26,199,186,13,84,372,6523,4683,11206,1840
2021-07-27,483,464,19,162,1198,19160,8500,27660,10660
2021-07-28,242,233,9,96,756,97465,4533,101998,92932
2021-07-29,208,194,14,79,437,8443,3405,11848,5038
2021-07-30,260,237,23,88,812,18937,7604,26541,11333
2021-07-31,53,49,4,21,115,2326,1611,3937,715
2021-08-01,44,40,4,20,195,4063,45049,49112,-40986
2021-08-02,331,313,18,105,660,9433,3410,12843,6023
2021-08-03,253,240,13,94,572,9921,6651,16572,3270
2021-08-04,291,274,17,120,478,15685,4965,20650,10720
2021-08-05,383,363,20,139,756,14550,5780,20330,8770
2021-08-06,322,301,21,137,530,6277,12945,19222,-6668
2021-08-07,60,53,7,32,96,1330,553,1883,777
2021-08-08,91,81,10,25,175,5028,2248,7276,2780
2021-08-09,246,233,13,99,532,7967,3377,11344,4590
2021-08-10,441,423,18,135,856,27758,17940,45698,9818
2021-08-11,279,264,15,88,590,11066,6880,17946,4186
2021-08-12,370,331,39,100,667,10566,5961,16527,4605
2021-08-13,254,234,20,98,449,41772,5587,47359,36185
2021-08-14,120,109,11,58,229,6140,14612,20752,-8472
2021-08-15,34,20,14,16,43,1535,114,1649,1421
2021-08-16,354,321,33,115,655,10941,6068,17009,4873
2021-08-17,355,336,19,104,562,15203,9113,24316,6090
2021-08-18,249,225,24,104,516,7008,3382,10390,3626
2021-08-19,229,214,15,79,690,5356,3463,8819,1893
2021-08-20,345,303,42,126,730,11613,4069,15682,7544
2021-08-21,103,94,9,46,200,1925,700,2625,1225
2021-08-22,75,69,6,34,122,1445,1633,3078,-188
2021-08-23,390,379,11,90,645,9036,6156,15192,2880
2021-08-24,316,298,18,122,738,26026,8228,34254,17798
2021-08-25,319,300,19,129,705,12450,10043,22493,2407
2021-08-26,472,430,42,159,888,18131,15583,33714,2548
2021-08-27,165,144,21,76,301,3584,3082,6666,502
2021-08-28,32,25,7,16,81,696,219,915,477
2021-08-29,125,111,14,62,288,14274,1773,16047,12501
2021-08-30,201,148,53,86,336,10138,7421,17559,2717
2021-08-31,178,140,38,75,227,3887,2406,6293,1481
2021-09-01,145,109,36,72,244,8292,938,9230,7354
2021-09-02,223,164,59,56,210,2011,1588,3599,423
2021-09-03,284,270,14,95,471,5188,2555,7743,2633
2021-09-04,40,36,4,18,48,735,364,1099,371
2021-09-05,49,42,7,21,65,1373,532,1905,841
2021-09-06,96,88,8,47,148,4410,432,4842,3978
2021-09-07,126,110,16,61,181,2799,2207,5006,592
2021-09-08,180,161,19,77,335,6175,1889,8064,4286
2021-09-09,102,83,19,52,143,1151,960,2111,191
2021-09-10,89,76,13,38,127,2639,870,3509,1769
2021-09-11,35,21,14,13,28,771,173,944,598
2021-09-12,17,6,11,6,6,41,14,55,27
2021-09-13,549,536,13,136,1234,21591,7368,28959,14223
2021-09-14,538,530,8,198,973,20714,6643,27357,14071
2021-09-15,344,331,13,130,497,9502,2745,12247,6757
2021-09-16,155,143,12,77,255,3487,3179,6666,308
2021-09-17,178,164,14,71,352,3314,2647,5961,667
2021-09-18,35,31,4,17,57,1329,287,1616,1042
2021-09-19,57,49,8,31,114,1075,683,1758,392
2021-09-20,263,251,12,88,475,17255,12328,29583,4927
2021-09-21,352,343,9,132,563,12758,4933,17691,7825
2021-09-22,216,208,8,91,354,3471,2039,5510,1432
2021-09-23,206,197,9,95,414,8431,3312,11743,5119
2021-09-24,230,214,16,102,368,7698,2043,9741,5655
2021-09-25,53,38,15,17,64,1043,647,1690,396
2021-09-26,21,13,8,11,29,955,627,1582,328
2021-09-27,457,438,19,103,806,15522,12910,28432,2612
2021-09-28,326,308,18,142,587,14770,5834,20604,8936
2021-09-29,215,209,6,88,379,35921,2776,38697,33145
2021-09-30,449,441,8,149,849,14117,6994,21111,7123
2021-10-01,293,279,14,100,624,9482,4542,14024,4940
2021-10-02,97,85,12,41,289,4218,1384,5602,2834
2021-10-03,20,10,10,6,14,660,13,673,647
2021-10-04,368,351,17,112,911,40627,17279,57906,23348
2021-10-05,503,473,30,193,814,14222,4944,19166,9278
2021-10-06,218,209,9,102,403,11237,9545,20782,1692
2021-10-07,284,257,27,96,593,19198,6340,25538,12858
2021-10-08,257,227,30,111,540,9688,2593,12281,7095
2021-10-09,39,33,6,22,72,1090,588,1678,502
2021-10-10,80,74,6,32,178,1927,1264,3191,663
2021-10-11,266,227,39,95,399,12441,4419,16860,8022
2021-10-12,310,291,19,137,543,10056,3839,13895,6217
2021-10-13,246,234,12,105,577,103580,4545,108125,99035
2021-10-14,181,169,12,81,520,6916,2412,9328,4504
2021-10-15,413,393,20,147,781,16903,4859,21762,12044
2021-10-16,143,124,19,54,273,4061,1335,5396,2726
2021-10-17,266,263,3,44,505,12133,5455,17588,6678
2021-10-18,581,549,32,122,1308,18955,10785,29740,8170
2021-10-19,641,610,31,183,1099,21047,8758,29805,12289
2021-10-20,662,619,43,161,1383,20832,10038,30870,10794
2021-10-21,411,387,24,143,717,14250,6674,20924,7576
2021-10-22,322,295,27,104,732,7990,4680,12670,3310
2021-10-23,54,46,8,27,76,880,1427,2307,-547
2021-10-24,181,171,10,66,460,10634,15087,25721,-4453
2021-10-25,344,322,22,136,615,6938,3929,10867,3009
2021-10-26,526,487,39,159,969,19392,7980,27372,11412
2021-10-27,418,393,25,140,677,13756,3996,17752,9760
2021-10-28,348,311,37,158,626,11739,4473,16212,7266
2021-10-29,297,259,38,130,558,16770,7245,24015,9525
2021-10-30,73,65,8,32,95,1590,1138,2728,452
2021-10-31,21,16,5,12,25,308,242,550,66
2021-11-01,249,193,56,83,367,10867,2210,13077,8657
2021-11-02,204,139,65,70,298,3697,2431,6128,1266
2021-11-03,167,148,19,93,274,2614,1957,4571,657
2021-11-04,151,137,14,67,230,5032,1501,6533,3531
2021-11-05,224,177,47,92,335,4743,4348,9091,395
2021-11-06,288,279,9,109,545,6430,2359,8789,4071
2021-11-07,66,56,10,30,186,1481,892,2373,589
2021-11-08,82,71,11,43,133,1805,799,2604,1006
2021-11-09,176,164,12,76,366,30890,15229,46119,15661
2021-11-10,100,79,21,57,155,2188,1993,4181,195
2021-11-11,136,114,22,61,257,3782,2180,5962,1602
2021-11-12,156,140,16,68,409,3412,4292,7704,-880
2021-11-13,92,73,19,25,291,3088,1425,4513,1663
2021-11-14,21,8,13,7,15,50,58,108,-8
2021-11-15,444,432,12,168,791,11615,16539,28154,-4924
2021-11-16,245,238,7,108,491,7031,5333,12364,1698
2021-11-17,464,442,22,183,901,10663,7018,17681,3645
2021-11-18,255,227,28,90,329,6319,2144,8463,4175
2021-11-19,238,218,20,105,363,3162,2044,5206,1118
2021-11-20,109,99,10,50,161,3451,451,3902,3000
2021-11-21,57,54,3,32,75,2028,191,2219,1837
2021-11-22,299,282,17,129,738,22009,3565,25574,18444
2021-11-23,181,171,10,91,286,7677,1711,9388,5966
2021-11-24,200,194,6,84,370,4151,2731,6882,1420
2021-11-25,265,249,16,112,433,3336,2862,6198,474
2021-11-26,302,273,29,103,718,20617,11361,31978,9256
2021-11-27,62,47,15,18,93,1190,681,1871,509
2021-11-28,46,39,7,11,128,940,3757,4697,-2817
2021-11-29,322,307,15,124,598,10106,4897,15003,5209
2021-11-30,280,274,6,121,474,10031,4058,14089,5973
2021-12-01,269,258,11,124,487,5759,3279,9038,2480
2021-12-02,216,201,15,95,385,4800,2446,7246,2354
2021-12-03,312,301,11,119,511,5788,3838,9626,1950
2021-12-04,82,76,6,29,170,2328,1057,3385,1271
2021-12-05,28,19,9,13,87,436,254,690,182
2021-12-06,215,202,13,101,377,12115,1631,13746,10484
2021-12-07,429,418,11,168,755,13153,6067,19220,7086
2021-12-08,409,397,12,136,1007,13058,6622,19680,6436
2021-12-09,289,268,21,106,716,11809,8095,19904,3714
2021-12-10,197,173,24,77,268,7505,1322,8827,6183
2021-12-11,133,118,15,46,200,3280,2117,5397,1163
2021-12-12,80,68,12,30,129,4056,673,4729,3383
2021-12-13,327,300,27,128,675,14103,3860,17963,10243
2021-12-14,427,400,27,173,883,23457,15043,38500,8414
2021-12-15,269,245,24,114,520,26839,7811,34650,19028
2021-12-16,601,564,37,181,1050,36355,10204,46559,26151
2021-12-17,361,324,37,134,568,12249,4355,16604,7894
2021-12-18,92,81,11,45,239,2441,1510,3951,931
2021-12-19,101,89,12,27,238,4054,2207,6261,1847
2021-12-20,234,198,36,88,422,8217,3795,12012,4422
2021-12-21,354,338,16,141,531,14643,2635,17278,12008
2021-12-22,164,146,18,78,291,4519,2136,6655,2383
2021-12-23,282,258,24,93,594,13246,3731,16977,9515
2021-12-24,83,77,6,40,220,3771,1618,5389,2153
2021-12-25,26,23,3,21,37,677,248,925,429
2021-12-26,124,120,4,31,282,6716,2075,8791,4641
2021-12-27,88,78,10,43,120,3846,474,4320,3372
2021-12-28,179,175,4,60,291,4131,2541,6672,1590
2021-12-29,72,58,14,44,154,1205,849,2054,356
2021-12-30,201,185,16,71,354,6005,2584,8589,3421
2021-12-31,98,82,16,37,200,4891,4106,8997,785
2022-01-01,7,5,2,5,5,42,13,55,29
2022-01-02,56,50,6,28,104,803,3469,4272,-2666
2022-01-03,168,164,4,46,338,3855,3130,6985,725
2022-01-04,169,155,14,68,244,3424,1843,5267,1581
2022-01-05,334,317,17,114,642,10504,12371,22875,-1867
2022-01-06,322,305,17,127,566,8951,3717,12668,5234
2022-01-07,319,299,20,110,739,20050,19349,39399,701
2022-01-08,159,151,8,51,327,3613,3006,6619,607
2022-01-09,79,72,7,28,121,1214,557,1771,657
2022-01-10,238,178,60,79,360,4906,3322,8228,1584
2022-01-11,180,134,46,69,345,6414,6086,12500,328
2022-01-12,223,189,34,77,366,5479,2430,7909,3049
2022-01-13,151,106,45,57,222,7518,906,8424,6612
2022-01-14,200,187,13,72,536,6847,4182,11029,2665
2022-01-15,192,189,3,87,459,4803,2326,7129,2477
2022-01-16,20,10,10,9,13,68,61,129,7
2022-01-17,101,88,13,54,237,1826,1024,2850,802
2022-01-18,137,122,15,62,266,5068,2490,7558,2578
2022-01-19,170,158,12,59,282,4598,3614,8212,984
2022-01-20,144,132,12,78,287,3209,2251,5460,958
2022-01-21,115,94,21,40,198,2682,918,3600,1764
2022-01-22,104,89,15,27,319,2211,3070,5281,-859
2022-01-23,271,262,9,69,472,17567,4782,22349,12785
2022-01-24,240,235,5,118,323,5016,1939,6955,3077
2022-01-25,509,489,20,163,998,11144,8681,19825,2463
2022-01-26,271,262,9,112,418,7809,2147,9956,5662
2022-01-27,273,259,14,109,472,5212,2529,7741,2683
2022-01-28,355,313,42,125,667,13863,4206,18069,9657
2022-01-29,70,57,13,36,69,824,146,970,678
2022-01-30,65,57,8,40,81,4209,281,4490,3928
2022-01-31,292,283,9,145,462,5047,2191,7238,2856
2022-02-01,243,228,15,97,366,10653,2294,12947,8359
2022-02-02,316,302,14,128,836,11814,7242,19056,4572
2022-02-03,303,287,16,96,638,8131,5858,13989,2273
2022-02-04,261,235,26,99,489,6560,2575,9135,3985
2022-02-05,76,61,15,31,97,1558,1170,2728,388
2022-02-06,58,51,7,28,95,780,383,1163,397
2022-02-07,205,192,13,82,436,7713,1980,9693,5733
2022-02-08,364,342,22,131,625,7263,3849,11112,3414
2022-02-09,345,326,19,106,990,19988,7959,27947,12029
2022-02-10,281,260,21,94,485,10230,3763,13993,6467
2022-02-11,451,418,33,166,710,19295,6914,26209,12381
2022-02-12,77,68,9,32,169,1650,3782,5432,-2132
2022-02-13,53,43,10,28,71,2194,402,2596,1792
2022-02-14,274,256,18,124,570,10588,5252,15840,5336
2022-02-15,320,306,14,118,686,67315,56549,123864,10766
2022-02-16,261,258,3,107,527,11938,5583,17521,6355
2022-02-17,331,307,24,121,849,239489,5976,245465,233513
2022-02-18,390,373,17,122,820,207057,4198,211255,202859
2022-02-19,112,98,14,44,241,2933,1582,4515,1351
2022-02-20,73,58,15,25,156,2174,571,2745,1603
2022-02-21,303,294,9,104,481,14058,5701,19759,8357
2022-02-22,260,253,7,99,437,5710,4988,10698,722
2022-02-23,393,378,15,137,1008,11914,13535,25449,-1621
2022-02-24,363,332,31,151,540,16647,2737,19384,13910
2022-02-25,572,496,76,156,917,13532,5547,19079,7985
2022-02-26,93,84,9,39,129,1839,536,2375,1303
2022-02-27,65,59,6,20,152,11543,1041,12584,10502
2022-02-28,477,446,31,160,831,16059,8115,24174,7944
2022-03-01,329,295,34,114,582,11456,5233,16689,6223
2022-03-02,306,297,9,119,691,10400,3434,13834,6966
2022-03-03,251,229,22,97,550,13711,4183,17894,9528
2022-03-04,293,266,27,122,526,10601,3627,14228,6974
2022-03-05,93,80,13,40,157,7725,925,8650,6800
2022-03-06,41,33,8,19,62,479,210,689,269
2022-03-07,383,356,27,140,948,22242,20671,42913,1571
2022-03-08,318,287,31,131,519,10547,6818,17365,3729
2022-03-09,286,263,23,121,472,12117,2345,14462,9772
2022-03-10,304,275,29,114,604,10900,5856,16756,5044
2022-03-11,336,306,30,122,659,17266,6432,23698,10834
2022-03-12,75,71,4,40,183,2626,596,3222,2030
2022-03-13,89,87,2,28,171,2675,832,3507,1843
2022-03-14,304,278,26,93,607,7627,4889,12516,2738
2022-03-15,477,463,14,154,1082,31810,18202,50012,13608
2022-03-16,222,210,12,83,504,8258,5506,13764,2752
2022-03-17,171,158,13,77,366,4167,1769,5936,2398
2022-03-18,422,386,36,148,1423,29716,19079,48795,10637
2022-03-19,51,42,9,22,99,821,168,989,653
2022-03-20,24,22,2,12,39,373,160,533,213
2022-03-21,290,240,50,88,528,12072,6853,18925,5219
2022-03-22,382,327,55,111,687,11084,4268,15352,6816
2022-03-23,141,114,27,58,164,1573,610,2183,963
2022-03-24,127,108,19,61,139,2140,814,2954,1326
2022-03-25,266,237,29,98,437,7687,4281,11968,3406
2022-03-26,34,21,13,18,35,493,75,568,418
2022-03-27,53,46,7,28,80,1213,1225,2438,-12
2022-03-28,109,96,13,56,172,3006,1015,4021,1991
2022-03-29,140,120,20,59,250,2353,1563,3916,790
2022-03-30,107,91,16,57,178,1733,1866,3599,-133
2022-03-31,161,141,20,58,208,3076,1829,4905,1247
2022-04-01,163,142,21,76,251,2002,1518,3520,484
2022-04-02,94,83,11,28,213,3133,1206,4339,1927
2022-04-03,22,16,6,11,20,172,252,424,-80
2022-04-04,537,532,5,176,1032,14320,7367,21687,6953
2022-04-05,341,323,18,144,718,15968,5995,21963,9973
2022-04-06,365,356,9,154,974,16078,11584,27662,4494
2022-04-07,250,231,19,96,593,7546,4163,11709,3383
2022-04-08,252,229,23,105,479,6246,5618,11864,628
2022-04-09,92,82,10,45,178,4436,3727,8163,709
2022-04-10,93,79,14,30,133,1679,535,2214,1144
2022-04-11,318,311,7,149,757,13287,7686,20973,5601
2022-04-12,379,358,21,142,605,8875,3147,12022,5728
2022-04-13,462,440,22,163,946,18370,4456,22826,13914
2022-04-14,146,127,19,73,293,2783,1218,4001,1565
2022-04-15,219,201,18,97,286,4175,1964,6139,2211
2022-04-16,26,21,5,19,25,987,193,1180,794
2022-04-17,62,50,12,27,86,1582,555,2137,1027
2022-04-18,180,177,3,42,509,11812,4153,15965,7659
2022-04-19,338,327,11,114,811,18196,5396,23592,12800
2022-04-20,295,281,14,111,634,15275,23675,38950,-8400
2022-04-21,443,427,16,148,861,14464,10554,25018,3910
2022-04-22,412,387,25,172,835,16435,6301,22736,10134
2022-04-23,130,114,16,43,260,24472,995,25467,23477
2022-04-24,188,182,6,58,317,5582,3584,9166,1998
2022-04-25,466,451,15,157,1014,21498,11267,32765,10231
2022-04-26,451,441,10,167,877,20605,5236,25841,15369
2022-04-27,224,211,13,114,370,6233,17617,23850,-11384
2022-04-28,336,315,21,116,635,72765,4429,77194,68336
2022-04-29,384,354,30,139,696,8694,5876,14570,2818
2022-04-30,72,59,13,34,96,839,290,1129,549
2022-05-01,123,115,8,43,271,7879,2953,10832,4926
2022-05-02,215,203,12,85,373,10580,2439,13019,8141
2022-05-03,287,256,31,104,512,19043,3730,22773,15313
2022-05-04,583,559,24,169,1022,216487,7335,223822,209152
2022-05-05,570,534,36,142,958,27219,8565,35784,18654
2022-05-06,362,317,45,148,604,192754,2581,195335,190173
2022-05-07,120,115,5,30,422,3823,2630,6453,1193
2022-05-08,144,132,12,40,562,2255,1255,3510,1000
2022-05-09,355,326,29,96,645,20536,4816,25352,15720
2022-05-10,321,308,13,119,804,39228,5369,44597,33859
2022-05-11,303,280,23,120,712,8456,9021,17477,-565
2022-05-12,263,244,19,118,532,9751,4399,14150,5352
2022-05-13,646,609,37,188,1076,18143,6696,24839,11447
2022-05-14,33,31,2,22,44,592,441,1033,151
2022-05-15,33,25,8,11,34,567,462,1029,105
2022-05-16,472,449,23,143,817,12991,8675,21666,4316
2022-05-17,325,309,16,140,515,16442,5110,21552,11332
2022-05-18,223,204,19,108,372,5616,4881,10497,735
2022-05-19,559,524,35,185,1045,27734,7930,35664,19804
2022-05-20,286,255,31,107,539,11008,6047,17055,4961
2022-05-21,142,133,9,67,199,8246,847,9093,7399
2022-05-22,259,247,12,89,536,7467,5120,12587,2347
2022-05-23,272,228,44,86,524,13281,9727,23008,3554
2022-05-24,193,109,84,53,196,2919,1712,4631,1207
2022-05-25,146,107,39,68,145,1286,689,1975,597
2022-05-26,157,137,20,71,268,5586,3154,8740,2432
2022-05-27,190,163,27,83,290,2569,1613,4182,956
2022-05-28,46,37,9,27,58,536,445,981,91
2022-05-29,20,15,5,14,24,102,111,213,-9
2022-05-30,64,46,18,30,99,1015,715,1730,300
2022-05-31,145,136,9,64,237,3141,1743,4884,1398
2022-06-01,148,131,17,80,224,4854,898,5752,3956
2022-06-02,126,106,20,67,202,2680,1460,4140,1220
2022-06-03,201,172,29,62,686,375776,3219,378995,372557
2022-06-04,16,10,6,6,20,190,234,424,-44
2022-06-05,20,2,18,2,8,31,45,76,-14
2022-06-06,433,429,4,121,791,21591,2850,24441,18741
2022-06-07,204,182,22,94,407,6839,2747,9586,4092
2022-06-08,310,302,8,120,582,7263,2504,9767,4759
2022-06-09,252,237,15,103,455,39381,30981,70362,8400
2022-06-10,479,444,35,129,1495,16126,13106,29232,3020
2022-06-11,283,272,11,42,790,7657,6827,14484,830
2022-06-12,52,47,5,25,91,3393,294,3687,3099
2022-06-13,181,173,8,86,264,3333,1291,4624,2042
2022-06-14,258,250,8,72,404,3059,1169,4228,1890
2022-06-15,218,199,19,113,376,6757,4233,10990,2524
2022-06-16,165,155,10,70,354,4427,3274,7701,1153
2022-06-17,384,345,39,148,615,13328,3819,17147,9509
2022-06-18,56,52,4,39,87,1749,370,2119,1379
2022-06-19,93,81,12,48,124,1899,572,2471,1327
2022-06-20,404,393,11,111,1281,18224,7940,26164,10284
2022-06-21,240,234,6,120,415,4746,2129,6875,2617
2022-06-22,196,185,11,76,303,2989,2034,5023,955
2022-06-23,182,163,19,96,284,3900,2021,5921,1879
2022-06-24,407,372,35,134,733,11656,6426,18082,5230
2022-06-25,50,44,6,23,52,1433,790,2223,643
2022-06-26,76,62,14,26,114,1749,533,2282,1216
2022-06-27,641,627,14,157,1539,17425,7373,24798,10052
2022-06-28,293,283,10,112,675,8497,11277,19774,-2780
2022-06-29,372,356,16,129,717,12482,7745,20227,4737
2022-06-30,256,235,21,111,416,8447,2781,11228,5666
2022-07-01,254,212,42,96,376,5514,6329,11843,-815
2022-07-02,79,72,7,33,248,4780,1093,5873,3687
2022-07-03,110,102,8,41,270,5271,581,5852,4690
2022-07-04,311,300,11,103,577,10411,4358,14769,6053
2022-07-05,303,294,9,125,762,16465,30289,46754,-13824
2022-07-06,295,264,31,105,579,13342,2050,15392,11292
2022-07-07,458,446,12,141,951,17207,11047,28254,6160
2022-07-08,594,560,34,172,975,21724,10467,32191,11257
2022-07-09,123,110,13,50,262,3797,1246,5043,2551
2022-07-10,59,48,11,14,73,1277,416,1693,861
2022-07-11,310,277,33,104,744,15259,10602,25861,4657
2022-07-12,327,290,37,131,735,164649,3215,167864,161434
2022-07-13,401,373,28,144,635,11941,4525,16466,7416
2022-07-14,457,426,31,142,1021,167218,9280,176498,157938
2022-07-15,455,426,29,135,935,22212,11135,33347,11077
2022-07-16,110,95,15,46,170,5239,6439,11678,-1200
2022-07-17,169,160,9,42,329,4022,1963,5985,2059
2022-07-18,509,495,14,170,873,9903,4622,14525,5281
2022-07-19,446,422,24,163,750,23892,7686,31578,16206
2022-07-20,264,252,12,98,475,17478,4541,22019,12937
2022-07-21,170,153,17,77,274,4574,2178,6752,2396
2022-07-22,323,294,29,110,872,10326,5182,15508,5144
2022-07-23,67,63,4,30,118,5399,844,6243,4555
2022-07-24,28,24,4,16,34,197,121,318,76
2022-07-25,638,604,34,107,1318,31810,22308,54118,9502
2022-07-26,241,228,13,88,906,69603,15008,84611,54595
2022-07-27,288,273,15,129,511,12664,3670,16334,8994
2022-07-28,411,401,10,151,909,47722,10136,57858,37586
2022-07-29,248,211,37,101,471,13958,5988,19946,7970
2022-07-30,183,176,7,63,354,8013,1374,9387,6639
2022-07-31,35,30,5,20,54,405,135,540,270
2022-08-01,224,181,43,83,351,3738,2606,6344,1132
2022-08-02,310,264,46,93,520,8280,6056,14336,2224
2022-08-03,168,139,29,65,481,3636,2183,5819,1453
2022-08-04,108,64,44,40,109,847,924,1771,-77
2022-08-05,85,55,30,35,93,1924,1127,3051,797
2022-08-06,41,24,17,19,41,418,416,834,2
2022-08-07,9,2,7,2,44,44,43,87,1
2022-08-08,67,46,21,35,77,971,306,1277,665
2022-08-09,166,153,13,67,267,4634,2408,7042,2226
2022-08-10,236,220,16,103,410,5668,3107,8775,2561
2022-08-11,222,206,16,80,358,4588,1637,6225,2951
2022-08-12,83,75,8,43,177,1866,540,2406,1326
2022-08-13,45,34,11,10,98,93067,6119,99186,86948
2022-08-14,17,8,9,8,12,42,103,145,-61
2022-08-15,285,278,7,92,393,8580,1995,10575,6585
2022-08-16,239,232,7,98,1035,10055,6685,16740,3370
2022-08-17,180,167,13,79,330,5420,2639,8059,2781
2022-08-18,152,141,11,77,336,5847,2195,8042,3652
2022-08-19,242,223,19,100,466,6982,4744,11726,2238
2022-08-20,44,34,10,28,58,382,411,793,-29
2022-08-21,56,51,5,28,95,832,303,1135,529
2022-08-22,186,176,10,102,373,4290,13659,17949,-9369
2022-08-23,420,397,23,121,761,14586,6417,21003,8169
2022-08-24,173,155,18,68,344,5846,1677,7523,4169
2022-08-25,362,342,20,163,972,19574,5340,24914,14234
2022-08-26,167,150,17,73,320,8765,3593,12358,5172
2022-08-27,52,41,11,24,71,712,561,1273,151
2022-08-28,58,50,8,36,68,496,202,698,294
2022-08-29,369,355,14,139,1003,11844,4572,16416,7272
2022-08-30,366,355,11,156,724,72306,3006,75312,69300
2022-08-31,333,320,13,122,874,8592,4978,13570,3614
2022-09-01,343,322,21,137,573,10312,4265,14577,6047
2022-09-02,219,191,28,79,473,34718,12483,47201,22235
2022-09-03,134,120,14,48,188,1801,1583,3384,218
2022-09-04,89,84,5,41,109,8431,1013,9444,7418
2022-09-05,258,240,18,92,417,7673,3153,10826,4520
2022-09-06,137,128,9,72,278,5196,1506,6702,3690
2022-09-07,394,381,13,128,711,13694,4244,17938,9450
2022-09-08,195,181,14,99,278,5784,1241,7025,4543
2022-09-09,318,289,29,99,664,13405,10950,24355,2455
2022-09-10,42,38,4,19,70,621,361,982,260
2022-09-11,79,72,7,36,115,720,452,1172,268
2022-09-12,338,321,17,126,684,6764,3645,10409,3119
2022-09-13,276,271,5,102,417,9556,3854,13410,5702
2022-09-14,217,211,6,80,341,9391,3384,12775,6007
2022-09-15,229,212,17,74,343,9930,2360,12290,7570
2022-09-16,210,192,18,86,442,9544,3133,12677,6411
2022-09-17,149,146,3,50,212,7522,618,8140,6904
2022-09-18,163,161,2,46,303,5111,3206,8317,1905
2022-09-19,404,398,6,178,753,11090,4613,15703,6477
2022-09-20,437,396,41,152,721,17132,5622,22754,11510
2022-09-21,348,322,26,145,572,13699,3992,17691,9707
2022-09-22,341,310,31,149,558,11625,6382,18007,5243
2022-09-23,344,277,67,108,463,10014,3046,13060,6968
2022-09-24,431,420,11,115,803,11311,8109,19420,3202
2022-09-25,101,93,8,41,136,4001,3312,7313,689
2022-09-26,625,614,11,149,1359,21499,18527,40026,2972
2022-09-27,569,546,23,206,1019,65955,10236,76191,55719
2022-09-28,423,393,30,139,922,35654,4457,40111,31197
2022-09-29,406,377,29,157,808,7556,5346,12902,2210
2022-09-30,410,372,38,154,701,14602,4180,18782,10422
2022-10-01,140,130,10,58,193,4106,1886,5992,2220
2022-10-02,78,73,5,46,161,1729,753,2482,976
2022-10-03,527,489,38,132,1132,23739,7436,31175,16303
2022-10-04,325,277,48,97,656,35478,3614,39092,31864
2022-10-05,169,127,42,56,217,3500,1290,4790,2210
2022-10-06,185,171,14,73,312,14671,5211,19882,9460
2022-10-07,164,131,33,60,211,2202,1298,3500,904
2022-10-08,32,26,6,17,54,330,373,703,-43
2022-10-09,25,14,11,10,17,67,52,119,15
2022-10-10,142,106,36,69,245,2181,1007,3188,1174
2022-10-11,109,88,21,50,352,2656,1668,4324,988
2022-10-12,159,142,17,72,268,8855,1633,10488,7222
2022-10-13,135,111,24,63,192,2615,1671,4286,944
2022-10-14,67,52,15,39,91,2132,348,2480,1784
2022-10-15,48,40,8,24,65,1638,202,1840,1436
2022-10-16,39,31,8,19,43,654,540,1194,114
2022-10-17,570,565,5,149,939,17969,7769,25738,10200
2022-10-18,342,327,15,130,505,5041,3037,8078,2004
2022-10-19,273,257,16,112,527,11817,12598,24415,-781
2022-10-20,204,196,8,73,416,4276,3458,7734,818
2022-10-21,207,181,26,105,308,2806,1176,3982,1630
2022-10-22,133,116,17,50,211,1498,3070,4568,-1572
2022-10-23,51,44,7,20,67,1546,361,1907,1185
2022-10-24,391,372,19,143,668,30148,5826,35974,24322
2022-10-25,280,266,14,113,470,11685,4139,15824,7546
2022-10-26,214,201,13,72,427,5402,2805,8207,2597
2022-10-27,367,342,25,150,664,14970,7675,22645,7295
2022-10-28,376,351,25,116,647,10264,4564,14828,5700
2022-10-29,107,95,12,48,201,1763,889,2652,874
2022-10-30,55,42,13,17,86,1578,341,1919,1237
2022-10-31,178,169,9,72,327,5448,2216,7664,3232
2022-11-01,217,206,11,104,411,8747,1771,10518,6976
2022-11-02,250,237,13,116,413,11468,3529,14997,7939
2022-11-03,266,248,18,93,421,4790,3335,8125,1455
2022-11-04,268,247,21,104,513,12510,7015,19525,5495
2022-11-05,76,67,9,26,232,2083,1438,3521,645
2022-11-06,86,74,12,31,111,2713,1662,4375,1051
2022-11-07,306,303,3,134,493,8257,3964,12221,4293
2022-11-08,358,346,12,140,793,49316,42948,92264,6368
2022-11-09,569,560,9,185,2317,28498,20076,48574,8422
2022-11-10,386,362,24,151,752,17577,4700,22277,12877
2022-11-11,284,251,33,103,542,14914,3678,18592,11236
2022-11-12,102,91,11,45,132,4063,641,4704,3422
2022-11-13,20,18,2,11,26,285,54,339,231
2022-11-14,244,219,25,118,394,8710,2756,11466,5954
2022-11-15,341,332,9,154,695,19934,4617,24551,15317
2022-11-16,357,340,17,130,682,10396,4018,14414,6378
2022-11-17,376,354,22,125,763,8691,5701,14392,2990
2022-11-18,389,358,31,141,1045,22974,5574,28548,17400
2022-11-19,124,116,8,53,169,2543,1037,3580,1506
2022-11-20,86,73,13,29,118,3180,1894,5074,1286
2022-11-21,495,441,54,144,710,17896,6236,24132,11660
2022-11-22,325,299,26,142,446,7327,2765,10092,4562
2022-11-23,872,833,39,226,1404,26226,8816,35042,17410
2022-11-24,387,362,25,129,583,12885,6570,19455,6315
2022-11-25,464,436,28,125,926,27941,9508,37449,18433
2022-11-26,58,51,7,31,64,930,168,1098,762
2022-11-27,33,21,12,8,36,468,142,610,326
2022-11-28,240,226,14,105,434,5913,2772,8685,3141
2022-11-29,277,252,25,132,492,61795,3615,65410,58180
2022-11-30,393,361,32,146,682,12234,5472,17706,6762
2022-12-01,477,459,18,152,1176,41883,6512,48395,35371
2022-12-02,424,400,24,120,714,10864,7392,18256,3472
2022-12-03,67,56,11,28,111,4395,720,5115,3675
2022-12-04,60,51,9,29,84,2257,149,2406,2108
2022-12-05,612,586,26,144,1594,23460,14815,38275,8645
2022-12-06,389,361,28,128,727,17289,6423,23712,10866
2022-12-07,569,546,23,184,812,8625,7454,16079,1171
2022-12-08,315,287,28,133,581,10779,6427,17206,4352
2022-12-09,281,259,22,94,583,11623,5971,17594,5652
2022-12-10,134,103,31,51,161,3333,1009,4342,2324
2022-12-11,21,19,2,15,27,309,259,568,50
2022-12-12,445,356,89,146,607,12135,3831,15966,8304
2022-12-13,145,54,91,29,98,1032,614,1646,418
2022-12-14,262,240,22,108,628,9733,22537,32270,-12804
2022-12-15,146,135,11,72,277,2375,1556,3931,819
2022-12-16,85,70,15,40,560,1093,914,2007,179
2022-12-17,22,14,8,10,23,118,73,191,45
2022-12-18,11,7,4,5,9,40,70,110,-30
2022-12-19,105,86,19,48,151,2608,1740,4348,868
2022-12-20,83,71,12,40,124,1569,412,1981,1157
2022-12-21,125,108,17,42,420,95575,125505,221080,-29930
2022-12-22,69,55,14,39,115,1113,830,1943,283
2022-12-23,40,28,12,20,31,238,107,345,131
2022-12-24,1,0,1,1,0,0,0,0,0
2022-12-25,57,57,0,19,150,2125,878,3003,1247
2022-12-26,94,93,1,40,123,4218,484,4702,3734
2022-12-27,198,192,6,59,296,9049,7247,16296,1802
2022-12-28,299,290,9,118,402,11880,2996,14876,8884
2022-12-29,187,181,6,54,400,10842,1985,12827,8857
2022-12-30,125,105,20,55,184,2170,1008,3178,1162
2022-12-31,42,40,2,19,134,844,191,1035,653
2023-01-01,57,50,7,20,69,615,422,1037,193
2023-01-02,109,104,5,61,153,1409,828,2237,581
2023-01-03,118,113,5,72,225,3048,1114,4162,1934
2023-01-04,119,114,5,55,194,5168,1035,6203,4133
2023-01-05,164,147,17,78,219,4292,1097,5389,3195
2023-01-06,217,198,19,77,457,9521,5773,15294,3748
2023-01-07,46,38,8,28,97,1269,1899,3168,-630
2023-01-08,43,40,3,25,60,444,306,750,138
2023-01-09,421,408,13,122,743,13047,8005,21052,5042
2023-01-10,439,419,20,139,677,22434,15012,37446,7422
2023-01-11,289,278,11,112,501,7878,4155,12033,3723
2023-01-12,315,292,23,111,694,7416,40085,47501,-32669
2023-01-13,387,359,28,121,898,17201,24252,41453,-7051
2023-01-14,80,67,13,28,149,3579,865,4444,2714
2023-01-15,66,60,6,26,128,1550,637,2187,913
2023-01-16,259,246,13,84,766,23553,58417,81970,-34864
2023-01-17,411,402,9,150,792,32015,20086,52101,11929
2023-01-18,449,421,28,144,810,20673,14416,35089,6257
2023-01-19,676,654,22,204,2083,37144,12692,49836,24452
2023-01-20,361,324,37,119,738,11545,40644,52189,-29099
2023-01-21,82,71,11,34,121,2797,1158,3955,1639
2023-01-22,176,164,12,50,360,6492,30333,36825,-23841
2023-01-23,279,265,14,86,562,11255,5293,16548,5962
2023-01-24,311,278,33,133,623,14766,5122,19888,9644
2023-01-25,296,271,25,108,584,9018,3295,12313,5723
2023-01-26,406,395,11,125,1213,15254,7155,22409,8099
2023-01-27,409,384,25,116,815,13102,5552,18654,7550
2023-01-28,119,103,16,49,243,4690,1015,5705,3675
2023-01-29,142,137,5,40,227,3251,1943,5194,1308
2023-01-30,381,334,47,123,551,15426,4517,19943,10909
2023-01-31,411,386,25,140,924,14703,14207,28910,496
2023-02-01,309,287,22,112,532,8007,18568,26575,-10561
2023-02-02,361,332,29,145,644,8804,4004,12808,4800
2023-02-03,734,700,34,198,1353,25243,12710,37953,12533
2023-02-04,80,68,12,42,134,5552,2558,8110,2994
2023-02-05,58,51,7,23,90,1361,1136,2497,225
2023-02-06,406,373,33,149,614,18200,2586,20786,15614
2023-02-07,178,168,10,87,289,7648,1544,9192,6104
2023-02-08,432,419,13,143,706,15541,12242,27783,3299
2023-02-09,375,349,26,135,728,12160,5066,17226,7094
2023-02-10,334,313,21,102,756,14111,6514,20625,7597
2023-02-11,114,98,16,42,209,3951,1230,5181,2721
2023-02-12,108,101,7,23,203,3182,2626,5808,556
2023-02-13,491,461,30,149,773,14405,5653,20058,8752
2023-02-14,352,338,14,143,1115,12632,7098,19730,5534
2023-02-15,311,273,38,124,575,12875,9079,21954,3796
2023-02-16,251,220,31,113,472,11735,9845,21580,1890
2023-02-17,173,159,14,76,328,5276,2464,7740,2812
2023-02-18,66,58,8,37,78,686,297,983,389
2023-02-19,73,70,3,17,220,18355,15840,34195,2515
2023-02-20,308,274,34,73,536,9395,3980,13375,5415
2023-02-21,180,136,44,77,254,5401,3075,8476,2326
2023-02-22,243,173,70,100,260,2415,5061,7476,-2646
2023-02-23,148,114,34,76,184,1927,944,2871,983
2023-02-24,62,50,12,37,71,472,425,897,47
2023-02-25,80,50,30,29,135,3319,616,3935,2703
2023-02-26,50,42,8,24,57,524,310,834,214
2023-02-27,84,73,11,45,122,1511,662,2173,849
2023-02-28,115,107,8,69,189,2518,1209,3727,1309
2023-03-01,73,57,16,32,144,5327,1705,7032,3622
2023-03-02,74,59,15,42,77,984,352,1336,632
2023-03-03,105,85,20,44,247,1114,744,1858,370
2023-03-04,31,24,7,6,34,1291,239,1530,1052
2023-03-05,91,86,5,37,128,5607,1239,6846,4368
2023-03-06,458,440,18,134,768,12239,6658,18897,5581
2023-03-07,364,355,9,135,682,22389,5587,27976,16802
2023-03-08,193,185,8,86,426,3022,1513,4535,1509
2023-03-09,231,219,12,105,456,7477,60622,68099,-53145
2023-03-10,220,201,19,86,395,4140,9226,13366,-5086
2023-03-11,122,104,18,51,313,4883,2909,7792,1974
2023-03-12,65,58,7,24,107,1203,163,1366,1040
2023-03-13,395,379,16,127,1076,18443,7819,26262,10624
2023-03-14,374,363,11,150,821,15998,10849,26847,5149
2023-03-15,424,409,15,144,814,20617,7531,28148,13086
2023-03-16,354,340,14,117,617,12223,4399,16622,7824
2023-03-17,437,388,49,118,878,12383,4463,16846,7920
2023-03-18,62,54,8,32,91,1201,642,1843,559
2023-03-19,151,141,10,67,331,7090,12222,19312,-5132
2023-03-20,562,545,17,131,1040,13389,7405,20794,5984
2023-03-21,165,155,10,94,407,9515,9230,18745,285
2023-03-22,459,447,12,162,801,13991,5307,19298,8684
2023-03-23,385,363,22,124,848,13404,6554,19958,6850
2023-03-24,477,435,42,132,855,8125,4089,12214,4036
2023-03-25,99,89,10,32,146,1182,1291,2473,-109
2023-03-26,61,53,8,9,147,10817,7638,18455,3179
2023-03-27,340,323,17,127,540,11620,4619,16239,7001
2023-03-28,310,293,17,131,552,13758,6309,20067,7449
2023-03-29,334,312,22,113,612,12557,4732,17289,7825
2023-03-30,405,380,25,127,851,15284,5271,20555,10013
2023-03-31,294,268,26,116,556,128766,2813,131579,125953
2023-04-01,39,29,10,22,50,312,307,619,5
2023-04-02,55,51,4,25,83,1532,610,2142,922
2023-04-03,336,320,16,119,602,7859,4357,12216,3502
2023-04-04,373,347,26,113,857,14956,11710,26666,3246
2023-04-05,386,371,15,135,652,10661,4063,14724,6598
2023-04-06,631,600,31,173,1401,26088,10445,36533,15643
2023-04-07,220,209,11,65,444,14635,4276,18911,10359
2023-04-08,112,99,13,54,171,2999,1110,4109,1889
2023-04-09,33,28,5,14,65,892,532,1424,360
2023-04-10,172,162,10,56,316,5215,1328,6543,3887
2023-04-11,445,427,18,135,731,9603,6075,15678,3528
2023-04-12,483,470,13,131,1020,35141,5675,40816,29466
2023-04-13,472,430,42,124,783,147753,131512,279265,16241
2023-04-14,337,269,68,112,530,25188,2643,27831,22545
2023-04-15,144,137,7,29,315,3215,16528,19743,-13313
2023-04-16,96,86,10,39,213,8518,1564,10082,6954
2023-04-17,417,401,16,125,796,12104,10065,22169,2039
2023-04-18,447,429,18,154,887,15978,7193,23171,8785
2023-04-19,336,315,21,101,504,6548,3961,10509,2587
2023-04-20,438,392,46,136,832,11082,12848,23930,-1766
2023-04-21,434,403,31,145,790,27416,12185,39601,15231
2023-04-22,110,103,7,41,151,1734,948,2682,786
2023-04-23,86,73,13,25,124,2603,1066,3669,1537
2023-04-24,310,266,44,112,429,7238,2398,9636,4840
2023-04-25,108,67,41,40,105,1913,811,2724,1102
2023-04-26,243,193,50,88,311,5541,1798,7339,3743
2023-04-27,132,109,23,65,166,2724,1124,3848,1600
2023-04-28,103,79,24,49,135,2917,430,3347,2487
2023-04-29,40,27,13,16,74,965,283,1248,682
2023-04-30,17,8,9,6,13,134,62,196,72
2023-05-01,59,48,11,22,115,2781,524,3305,2257
2023-05-02,67,60,7,41,84,1215,336,1551,879
2023-05-03,96,83,13,55,123,1125,912,2037,213
2023-05-04,97,83,14,36,155,3065,1661,4726,1404
2023-05-05,158,136,22,58,254,5803,1070,6873,4733
2023-05-06,43,31,12,15,43,591,354,945,237
2023-05-07,59,52,7,25,327,1629,803,2432,826
2023-05-08,349,341,8,130,495,6254,3405,9659,2849
2023-05-09,134,129,5,48,223,6468,1453,7921,5015
2023-05-10,141,134,7,60,392,2744,1316,4060,1428
2023-05-11,145,130,15,69,249,4141,2784,6925,1357
2023-05-12,143,130,13,71,244,4120,1515,5635,2605
2023-05-13,179,173,6,89,295,6309,1586,7895,4723
2023-05-14,61,48,13,28,92,798,280,1078,518
2023-05-15,371,357,14,116,655,16984,6355,23339,10629
2023-05-16,269,264,5,99,576,19589,14264,33853,5325
2023-05-17,255,237,18,125,523,8706,4103,12809,4603
2023-05-18,187,175,12,62,361,6301,1858,8159,4443
2023-05-19,209,184,25,78,292,7166,2629,9795,4537
2023-05-20,62,55,7,27,94,1774,585,2359,1189
2023-05-21,31,23,8,14,227,980,291,1271,689
2023-05-22,223,212,11,88,443,4942,2512,7454,2430
2023-05-23,294,283,11,110,711,22579,10260,32839,12319
2023-05-24,279,263,16,93,653,7709,4834,12543,2875
2023-05-25,412,390,22,131,827,20535,4187,24722,16348
2023-05-26,216,183,33,85,416,2440,1015,3455,1425
2023-05-27,154,147,7,38,345,9150,1865,11015,7285
2023-05-28,159,147,12,19,202,849,1519,2368,-670
2023-05-29,218,214,4,75,499,6333,2023,8356,4310
2023-05-30,271,252,19,96,458,12339,1477,13816,10862
2023-05-31,243,226,17,94,376,6186,2684,8870,3502
2023-06-01,294,270,24,125,514,11420,3488,14908,7932
2023-06-02,164,149,15,83,273,3469,1368,4837,2101
2023-06-03,36,27,9,16,33,828,299,1127,529
2023-06-04,114,104,10,34,244,2027,1611,3638,416
2023-06-05,414,388,26,124,1082,24101,12435,36536,11666
2023-06-06,314,297,17,125,626,13338,3429,16767,9909
2023-06-07,275,255,20,113,504,7933,3025,10958,4908
2023-06-08,346,330,16,130,831,40675,8077,48752,32598
2023-06-09,1500,1450,50,294,2968,78721,22468,101189,56253
2023-06-10,146,130,16,49,320,4055,1381,5436,2674
2023-06-11,34,32,2,17,63,882,488,1370,394
2023-06-12,462,441,21,146,1119,25084,5994,31078,19090
2023-06-13,408,391,17,145,770,17871,4659,22530,13212
2023-06-14,274,265,9,103,440,5577,2752,8329,2825
2023-06-15,503,477,26,199,902,17751,3629,21380,14122
2023-06-16,340,310,30,136,580,9315,3260,12575,6055
2023-06-17,69,63,6,27,92,1438,500,1938,938
2023-06-18,100,96,4,29,153,4149,1384,5533,2765
2023-06-19,762,749,13,172,1519,21492,10407,31899,11085
2023-06-20,268,228,40,96,401,6472,2065,8537,4407
2023-06-21,360,326,34,120,3396,14978,11342,26320,3636
2023-06-22,225,209,16,90,332,6003,3711,9714,2292
2023-06-23,371,332,39,150,484,8280,3205,11485,5075
2023-06-24,126,114,12,39,272,2347,2060,4407,287
2023-06-25,77,71,6,20,160,2955,1256,4211,1699
2023-06-26,282,202,80,94,364,4552,1874,6426,2678
2023-06-27,180,133,47,52,246,4216,1715,5931,2501
2023-06-28,71,48,23,30,91,1049,363,1412,686
2023-06-29,140,112,28,62,243,3439,1622,5061,1817
2023-06-30,174,147,27,73,286,11263,885,12148,10378
2023-07-01,47,21,26,17,29,570,236,806,334
2023-07-02,40,34,6,16,75,898,456,1354,442
2023-07-03,117,100,17,49,242,2250,1846,4096,404
2023-07-04,70,57,13,39,110,6880,314,7194,6566
2023-07-05,93,81,12,53,141,1257,638,1895,619
2023-07-06,90,74,16,47,149,2434,687,3121,1747
2023-07-07,104,82,22,42,134,1405,708,2113,697
2023-07-08,67,60,7,34,77,329,546,875,-217
2023-07-09,118,109,9,45,189,3881,1548,5429,2333
2023-07-10,401,395,6,132,640,12256,2750,15006,9506
2023-07-11,215,211,4,86,653,8580,3339,11919,5241
2023-07-12,318,293,25,122,478,13190,4937,18127,8253
2023-07-13,163,153,10,79,265,2142,1076,3218,1066
2023-07-14,389,371,18,120,862,21669,6840,28509,14829
2023-07-15,95,86,9,36,148,1640,1026,2666,614
2023-07-16,27,17,10,9,69,149,64,213,85
2023-07-17,218,206,12,96,464,8341,2166,10507,6175
2023-07-18,277,263,14,106,460,4506,2100,6606,2406
2023-07-19,293,271,22,109,862,18992,4628,23620,14364
2023-07-20,296,275,21,102,614,10368,2512,12880,7856
2023-07-21,172,156,16,69,415,3575,1473,5048,2102
2023-07-22,93,84,9,30,100,2686,727,3413,1959
2023-07-23,125,109,16,52,229,6576,4686,11262,1890
2023-07-24,270,257,13,84,706,7721,4631,12352,3090
2023-07-25,517,505,12,185,1084,12217,6213,18430,6004
2023-07-26,271,261,10,102,578,16875,7612,24487,9263
2023-07-27,420,402,18,131,729,9516,3606,13122,5910
2023-07-28,387,348,39,116,785,9891,7463,17354,2428
2023-07-29,134,125,9,48,292,1781,1474,3255,307
2023-07-30,135,118,17,47,197,4155,861,5016,3294
2023-07-31,293,277,16,114,576,6880,3878,10758,3002
2023-08-01,189,180,9,82,322,4107,4303,8410,-196
2023-08-02,337,321,16,106,832,13927,4043,17970,9884
2023-08-03,296,271,25,99,519,7016,2387,9403,4629
2023-08-04,334,314,20,134,576,8491,2841,11332,5650
2023-08-05,74,64,10,43,102,2798,425,3223,2373
2023-08-06,74,69,5,33,144,2090,953,3043,1137
2023-08-07,433,411,22,141,868,17209,6613,23822,10596
2023-08-08,341,322,19,114,520,11490,8084,19574,3406
2023-08-09,501,485,16,129,1076,15293,7913,23206,7380
2023-08-10,450,437,13,128,1069,17870,10373,28243,7497
2023-08-11,358,331,27,130,767,13980,5383,19363,8597
2023-08-12,150,104,46,36,233,2252,999,3251,1253
2023-08-13,83,74,9,35,157,1407,921,2328,486
2023-08-14,475,442,33,140,859,18742,8840,27582,9902
2023-08-15,358,334,24,128,701,6970,11353,18323,-4383
2023-08-16,345,331,14,136,732,14368,5560,19928,8808
2023-08-17,261,246,15,88,519,13292,3876,17168,9416
2023-08-18,681,648,33,197,1576,19929,11142,31071,8787
2023-08-19,75,63,12,41,115,1306,576,1882,730
2023-08-20,74,67,7,24,164,3560,1609,5169,1951
2023-08-21,775,759,16,192,1487,19739,12470,32209,7269
2023-08-22,449,412,37,148,767,25076,6166,31242,18910
2023-08-23,390,373,17,117,830,8390,5285,13675,3105
2023-08-24,341,321,20,115,804,10535,8268,18803,2267
2023-08-25,233,195,38,94,425,4547,2164,6711,2383
2023-08-26,69,58,11,27,82,1722,654,2376,1068
2023-08-27,80,76,4,33,117,2991,632,3623,2359
2023-08-28,187,133,54,52,303,16029,12270,28299,3759
2023-08-29,203,139,64,53,377,8096,3074,11170,5022
2023-08-30,258,227,31,105,493,217116,3515,220631,213601
2023-08-31,273,221,52,89,426,21523,3549,25072,17974
2023-09-01,76,53,23,30,148,1694,484,2178,1210
2023-09-02,39,29,10,25,32,114,90,204,24
2023-09-03,30,26,4,11,51,674,108,782,566
2023-09-04,79,58,21,38,82,625,404,1029,221
2023-09-05,163,152,11,62,224,1729,1772,3501,-43
2023-09-06,139,133,6,61,273,5987,1409,7396,4578
2023-09-07,85,72,13,39,136,2452,420,2872,2032
2023-09-08,85,62,23,26,99,1939,427,2366,1512
2023-09-09,34,22,12,12,163,1035,294,1329,741
2023-09-10,15,9,6,8,15,122,78,200,44
2023-09-11,606,587,19,184,1697,42627,74420,117047,-31793
2023-09-12,240,224,16,97,399,7833,1752,9585,6081
2023-09-13,251,231,20,98,561,25187,2187,27374,23000
2023-09-14,179,167,12,81,311,7675,1958,9633,5717
2023-09-15,248,223,25,85,425,4803,2273,7076,2530
2023-09-16,66,51,15,22,102,4054,258,4312,3796
2023-09-17,119,105,14,26,225,11835,2165,14000,9670
2023-09-18,371,359,12,110,517,8915,4154,13069,4761
2023-09-19,293,279,14,89,746,14317,4902,19219,9415
2023-09-20,517,505,12,160,976,21514,5218,26732,16296
2023-09-21,224,210,14,87,426,5501,1829,7330,3672
2023-09-22,188,167,21,72,288,4065,1933,5998,2132
2023-09-23,75,67,8,14,81,970,344,1314,626
2023-09-24,137,133,4,31,183,1217,559,1776,658
2023-09-25,367,362,5,94,760,11248,4975,16223,6273
2023-09-26,207,198,9,93,482,5765,4097,9862,1668
2023-09-27,455,445,10,125,682,13849,18157,32006,-4308
2023-09-28,335,316,19,103,543,9193,3191,12384,6002
2023-09-29,142,128,14,46,189,3067,807,3874,2260
2023-09-30,138,129,9,55,284,12063,1502,13565,10561
2023-10-01,83,67,16,23,147,1488,1077,2565,411
2023-10-02,328,313,15,100,439,10745,2974,13719,7771
2023-10-03,229,216,13,104,401,7856,2966,10822,4890
2023-10-04,500,483,17,176,874,11138,8920,20058,2218
2023-10-05,442,423,19,152,735,10742,6398,17140,4344
2023-10-06,403,368,35,132,651,8823,4383,13206,4440
2023-10-07,168,159,9,54,400,13463,2606,16069,10857
2023-10-08,49,46,3,20,74,839,356,1195,483
2023-10-09,446,431,15,152,1124,31983,6939,38922,25044
2023-10-10,362,340,22,120,709,10744,2049,12793,8695
2023-10-11,249,232,17,102,439,15350,4284,19634,11066
2023-10-12,540,522,18,147,1005,13324,9616,22940,3708
2023-10-13,466,422,44,138,785,12948,5232,18180,7716
2023-10-14,97,88,9,44,176,1587,1421,3008,166
2023-10-15,146,129,17,54,279,5053,31737,36790,-26684
2023-10-16,534,495,39,133,858,14339,5858,20197,8481
2023-10-17,216,192,24,87,421,6041,2466,8507,3575
2023-10-18,472,446,26,159,985,16583,6852,23435,9731
2023-10-19,410,385,25,125,788,9172,8586,17758,586
2023-10-20,287,252,35,98,455,11178,6287,17465,4891
2023-10-21,184,171,13,78,288,3687,11866,15553,-8179
2023-10-22,2829,2824,5,52,8955,199258,103833,303091,95425
2023-10-23,360,333,27,139,671,19428,4957,24385,14471
2023-10-24,272,256,16,105,568,13219,4979,18198,8240
2023-10-25,382,363,19,121,649,11445,7262,18707,4183
2023-10-26,281,250,31,105,640,9108,2737,11845,6371
2023-10-27,427,399,28,129,820,19284,4981,24265,14303
2023-10-28,190,156,34,47,358,3867,2066,5933,1801
2023-10-29,33,33,0,25,40,309,103,412,206
2023-10-30,169,129,40,49,338,3422,59973,63395,-56551
2023-10-31,197,139,58,52,587,16399,1395,17794,15004
2023-11-01,268,231,37,103,380,4593,1967,6560,2626
2023-11-02,128,92,36,51,274,4191,2179,6370,2012
2023-11-03,121,92,29,50,245,3389,2319,5708,1070
2023-11-04,95,75,20,5,183,553,614,1167,-61
2023-11-05,73,63,10,17,133,1138,1171,2309,-33
2023-11-06,86,78,8,44,179,1507,3010,4517,-1503
2023-11-07,110,99,11,75,171,2586,982,3568,1604
2023-11-08,124,106,18,46,230,3565,1282,4847,2283
2023-11-09,107,95,12,53,211,2426,3459,5885,-1033
2023-11-10,162,135,27,48,232,3043,1415,4458,1628
2023-11-11,9,8,1,6,15,98,42,140,56
2023-11-12,13,9,4,6,13,507,198,705,309
2023-11-13,264,252,12,96,515,10293,2664,12957,7629
2023-11-14,189,183,6,66,409,8613,2289,10902,6324
2023-11-15,267,253,14,97,412,7352,3644,10996,3708
2023-11-16,202,190,12,94,342,21319,1371,22690,19948
2023-11-17,188,174,14,101,438,4541,2333,6874,2208
2023-11-18,108,93,15,28,197,2863,1754,4617,1109
2023-11-19,43,31,12,19,90,667,783,1450,-116
2023-11-20,189,185,4,72,302,5635,1594,7229,4041
2023-11-21,201,190,11,95,312,5954,2071,8025,3883
2023-11-22,179,172,7,80,275,3450,1996,5446,1454
2023-11-23,403,391,12,107,996,45801,5429,51230,40372
2023-11-24,195,172,23,82,324,6908,1693,8601,5215
2023-11-25,112,103,9,32,178,1608,1134,2742,474
2023-11-26,44,37,7,20,63,421,564,985,-143
2023-11-27,278,272,6,109,442,7731,3179,10910,4552
2023-11-28,222,208,14,86,380,5498,2679,8177,2819
2023-11-29,323,316,7,119,690,7357,2985,10342,4372
2023-11-30,246,226,20,92,460,4639,2549,7188,2090
2023-12-01,250,226,24,101,418,7027,2784,9811,4243
2023-12-02,56,46,10,27,88,2541,352,2893,2189
2023-12-03,110,107,3,36,157,3184,839,4023,2345
2023-12-04,308,295,13,124,611,18757,5031,23788,13726
2023-12-05,353,342,11,114,700,13384,31792,45176,-18408
2023-12-06,494,466,28,168,843,15121,16869,31990,-1748
2023-12-07,591,558,33,200,1114,32242,7157,39399,25085
2023-12-08,310,270,40,88,527,25300,7425,32725,17875
2023-12-09,100,88,12,42,167,1450,783,2233,667
2023-12-10,84,74,10,26,137,1756,1095,2851,661
2023-12-11,623,613,10,163,1002,22305,6940,29245,15365
2023-12-12,398,378,20,148,1046,58435,4082,62517,54353
2023-12-13,511,492,19,188,950,27768,4168,31936,23600
2023-12-14,369,343,26,124,808,13398,5259,18657,8139
2023-12-15,627,596,31,183,1196,31963,9415,41378,22548
2023-12-16,90,78,12,40,134,2208,793,3001,1415
2023-12-17,171,153,18,64,237,12749,1074,13823,11675
2023-12-18,266,252,14,101,500,9222,3141,12363,6081
2023-12-19,707,681,26,153,1866,26505,16966,43471,9539
2023-12-20,295,278,17,84,588,9129,4517,13646,4612
2023-12-21,958,918,40,153,2277,35819,15619,51438,20200
2023-12-22,226,175,51,65,318,5911,2975,8886,2936
2023-12-23,104,89,15,31,173,2728,1471,4199,1257
2023-12-24,85,85,0,26,319,6517,2906,9423,3611
2023-12-25,6,4,2,5,4,58,9,67,49
2023-12-26,55,52,3,21,110,1719,729,2448,990
2023-12-27,64,61,3,32,104,2659,669,3328,1990
2023-12-28,77,73,4,28,197,5220,1463,6683,3757
2023-12-29,413,404,9,90,700,15401,5822,21223,9579
2023-12-30,30,28,2,13,72,1181,213,1394,968
2023-12-31,7,6,1,4,6,38,30,68,8
2024-01-01,240,237,3,20,798,11246,6585,17831,4661
2024-01-02,201,177,24,88,325,10537,3025,13562,7512
2024-01-03,192,174,18,102,463,8285,1992,10277,6293
2024-01-04,386,344,42,147,637,7359,9835,17194,-2476
2024-01-05,210,188,22,80,350,4596,2440,7036,2156
2024-01-06,80,75,5,21,224,3544,2583,6127,961
2024-01-07,103,101,2,30,206,2755,2150,4905,605
2024-01-08,131,91,40,57,351,2869,2355,5224,514
2024-01-09,166,126,40,77,215,2923,1227,4150,1696
2024-01-10,180,144,36,66,333,3307,1429,4736,1878
2024-01-11,114,84,30,45,187,1649,645,2294,1004
2024-01-12,169,142,27,87,242,3537,9401,12938,-5864
2024-01-13,24,18,6,13,26,379,89,468,290
2024-01-14,55,51,4,23,70,1341,342,1683,999
2024-01-15,171,145,26,63,259,4790,1248,6038,3542
2024-01-16,66,60,6,30,124,1622,481,2103,1141
2024-01-17,111,83,28,46,127,2641,523,3164,2118
2024-01-18,288,262,26,103,474,5635,2657,8292,2978
2024-01-19,128,92,36,42,173,1729,1015,2744,714
2024-01-20,23,16,7,13,25,131,99,230,32
2024-01-21,65,60,5,15,156,1724,1474,3198,250
2024-01-22,426,411,15,175,715,14567,3023,17590,11544
2024-01-23,270,259,11,120,444,11509,2185,13694,9324
2024-01-24,260,248,12,119,576,8861,36634,45495,-27773
2024-01-25,242,220,22,102,478,9204,3620,12824,5584
2024-01-26,254,228,26,111,360,3985,2405,6390,1580
2024-01-27,100,89,11,41,152,3396,1224,4620,2172
2024-01-28,232,225,7,67,430,8768,2989,11757,5779
2024-01-29,211,207,4,111,420,8690,2397,11087,6293
2024-01-30,247,233,14,98,467,11569,3245,14814,8324
2024-01-31,285,272,13,125,583,7274,3404,10678,3870
2024-02-01,407,374,33,111,688,16917,7958,24875,8959
2024-02-02,265,240,25,100,553,6863,3264,10127,3599
2024-02-03,79,73,6,32,90,886,457,1343,429
2024-02-04,60,47,13,31,63,1691,252,1943,1439
2024-02-05,310,302,8,130,501,5490,2858,8348,2632
2024-02-06,413,397,16,138,805,21380,6313,27693,15067
2024-02-07,283,268,15,124,479,10755,2627,13382,8128
2024-02-08,447,424,23,116,870,11891,8670,20561,3221
2024-02-09,327,301,26,102,563,7369,2899,10268,4470
2024-02-10,36,26,10,12,42,1819,522,2341,1297
2024-02-11,65,61,4,23,167,1463,1887,3350,-424
2024-02-12,416,399,17,139,882,37766,5407,43173,32359
2024-02-13,325,318,7,126,653,5744,3592,9336,2152
2024-02-14,320,296,24,142,553,9661,4777,14438,4884
2024-02-15,322,302,20,98,648,8911,4904,13815,4007
2024-02-16,443,412,31,119,1038,29666,10401,40067,19265
2024-02-17,159,148,11,63,248,4591,1825,6416,2766
2024-02-18,66,58,8,28,95,638,348,986,290
2024-02-19,428,419,9,109,766,11988,6235,18223,5753
2024-02-20,362,352,10,107,839,71684,6112,77796,65572
2024-02-21,332,316,16,120,516,10327,3491,13818,6836
2024-02-22,898,871,27,244,1769,37098,11698,48796,25400
2024-02-23,382,360,22,123,650,11790,6142,17932,5648
2024-02-24,181,153,28,55,287,4525,2779,7304,1746
2024-02-25,216,203,13,63,380,9922,2184,12106,7738
2024-02-26,325,304,21,122,583,17865,7511,25376,10354
2024-02-27,324,308,16,108,514,9878,3215,13093,6663
2024-02-28,317,298,19,134,427,9422,3488,12910,5934
2024-02-29,270,238,32,101,405,8877,3017,11894,5860
2024-03-01,334,292,42,105,645,20779,4764,25543,16015
2024-03-02,108,91,17,43,120,955,746,1701,209
2024-03-03,66,61,5,34,120,3074,800,3874,2274
2024-03-04,514,464,50,137,1244,85444,12272,97716,73172
2024-03-05,462,441,21,167,763,10540,5355,15895,5185
2024-03-06,371,346,25,142,769,8004,7132,15136,872
2024-03-07,369,339,30,138,547,57560,2436,59996,55124
2024-03-08,246,208,38,84,435,4400,2577,6977,1823
2024-03-09,52,42,10,28,70,605,264,869,341
2024-03-10,127,122,5,38,214,2344,1632,3976,712
2024-03-11,302,239,63,88,519,9739,2573,12312,7166
2024-03-12,227,160,67,73,284,3669,1595,5264,2074
2024-03-13,195,144,51,69,353,4154,2138,6292,2016
2024-03-14,213,191,22,69,408,10489,3314,13803,7175
2024-03-15,104,73,31,48,111,1096,806,1902,290
2024-03-16,21,14,7,11,28,141,236,377,-95
2024-03-17,33,26,7,16,45,1096,885,1981,211
2024-03-18,170,151,19,77,225,2709,1021,3730,1688
2024-03-19,145,129,16,64,187,1525,858,2383,667
2024-03-20,219,206,13,104,493,7223,2163,9386,5060
2024-03-21,171,144,27,53,342,5160,2624,7784,2536
2024-03-22,113,95,18,63,220,1646,1863,3509,-217
2024-03-23,17,10,7,6,12,63,55,118,8
2024-03-24,26,22,4,14,26,356,236,592,120
2024-03-25,486,474,12,149,792,15814,6032,21846,9782
2024-03-26,311,291,20,161,485,7857,17912,25769,-10055
2024-03-27,168,158,10,79,344,4607,2938,7545,1669
2024-03-28,261,243,18,96,477,7094,1966,9060,5128
2024-03-29,285,241,44,109,447,8561,3225,11786,5336
2024-03-30,18,12,6,11,20,293,87,380,206
2024-03-31,26,19,7,14,50,651,358,1009,293
2024-04-01,154,147,7,54,408,4992,3142,8134,1850
2024-04-02,313,295,18,135,639,11032,5817,16849,5215
2024-04-03,330,312,18,130,556,15828,5378,21206,10450
2024-04-04,309,291,18,120,463,4733,3132,7865,1601
2024-04-05,179,146,33,72,236,4170,699,4869,3471
2024-04-06,127,108,19,47,195,1749,667,2416,1082
2024-04-07,71,66,5,33,114,886,631,1517,255
2024-04-08,385,370,15,132,615,8552,3378,11930,5174
2024-04-09,425,401,24,146,725,11121,6269,17390,4852
2024-04-10,408,396,12,157,825,11915,3308,15223,8607
2024-04-11,314,280,34,130,492,11055,4781,15836,6274
2024-04-12,336,313,23,137,621,18016,3751,21767,14265
2024-04-13,69,60,9,29,130,2657,2368,5025,289
2024-04-14,67,58,9,26,86,941,916,1857,25
2024-04-15,432,422,10,105,1041,24736,6324,31060,18412
2024-04-16,226,203,23,84,412,9712,14531,24243,-4819
2024-04-17,269,261,8,106,499,9808,4136,13944,5672
2024-04-18,238,226,12,81,505,7736,5545,13281,2191
2024-04-19,282,257,25,98,478,12351,3966,16317,8385
2024-04-20,103,93,10,35,140,3170,1194,4364,1976
2024-04-21,84,78,6,35,94,4407,304,4711,4103
2024-04-22,359,340,19,129,720,32023,43860,75883,-11837
2024-04-23,389,374,15,121,825,22290,6546,28836,15744
2024-04-24,359,338,21,118,609,10191,4451,14642,5740
2024-04-25,355,328,27,138,527,8998,5298,14296,3700
2024-04-26,755,711,44,187,1896,245528,12716,258244,232812
2024-04-27,68,59,9,19,101,2728,800,3528,1928
2024-04-28,114,108,6,33,150,1237,828,2065,409
2024-04-29,545,482,63,153,1065,34346,7493,41839,26853
2024-04-30,399,362,37,149,713,98246,4289,102535,93957
2024-05-01,290,278,12,102,646,11813,7425,19238,4388
2024-05-02,498,467,31,164,1019,24043,10027,34070,14016
2024-05-03,371,344,27,138,835,7954,7855,15809,99
2024-05-04,155,152,3,65,277,7763,5437,13200,2326
2024-05-05,139,127,12,44,247,3885,2456,6341,1429
2024-05-06,489,474,15,132,1142,14157,5892,20049,8265
2024-05-07,442,414,28,134,964,11786,6273,18059,5513
2024-05-08,522,503,19,140,1152,13284,8171,21455,5113
2024-05-09,238,214,24,96,578,6681,3412,10093,3269
2024-05-10,222,191,31,93,364,3161,1925,5086,1236
2024-05-11,100,92,8,46,108,1234,567,1801,667
2024-05-12,48,35,13,22,92,6816,101,6917,6715
2024-05-13,287,233,54,107,607,7751,5898,13649,1853
2024-05-14,277,207,70,88,523,6922,4284,11206,2638
2024-05-15,157,127,30,49,289,6856,5317,12173,1539
2024-05-16,133,102,31,42,187,4015,976,4991,3039
2024-05-17,152,141,11,74,276,7416,4548,11964,2868
2024-05-18,36,15,21,9,18,267,128,395,139
2024-05-19,40,32,8,13,63,461,263,724,198
2024-05-20,145,129,16,72,226,5319,1801,7120,3518
2024-05-21,89,65,24,43,101,821,384,1205,437
2024-05-22,165,146,19,57,231,2921,1955,4876,966
2024-05-23,209,187,22,81,497,6464,3906,10370,2558
2024-05-24,97,84,13,40,167,3543,432,3975,3111
2024-05-25,36,23,13,10,36,590,189,779,401
2024-05-26,26,24,2,13,37,501,257,758,244
2024-05-27,352,345,7,136,753,19877,6667,26544,13210
2024-05-28,372,363,9,131,607,13101,4842,17943,8259
2024-05-29,271,247,24,111,399,6494,4919,11413,1575
2024-05-30,187,172,15,86,327,14126,1782,15908,12344
2024-05-31,253,233,20,79,458,5475,2323,7798,3152
2024-06-01,72,60,12,35,121,5100,1460,6560,3640
2024-06-02,20,12,8,8,18,175,112,287,63
2024-06-03,288,273,15,118,639,7045,2704,9749,4341
2024-06-04,423,410,13,138,748,19334,10097,29431,9237
2024-06-05,260,239,21,138,432,7135,3975,11110,3160
2024-06-06,265,244,21,96,532,5515,5107,10622,408
2024-06-07,282,265,17,72,576,8820,9629,18449,-809
2024-06-08,59,51,8,15,55,676,337,1013,339
2024-06-09,32,28,4,15,91,1263,254,1517,1009
2024-06-10,175,164,11,77,331,8317,1724,10041,6593
2024-06-11,260,251,9,92,444,7226,2725,9951,4501
2024-06-12,291,277,14,123,538,12653,6078,18731,6575
2024-06-13,256,244,12,98,526,10139,2077,12216,8062
2024-06-14,366,348,18,128,744,12709,6079,18788,6630
2024-06-15,124,111,13,59,202,3220,972,4192,2248
2024-06-16,96,81,15,40,148,2994,1157,4151,1837
2024-06-17,283,270,13,107,549,19881,5315,25196,14566
2024-06-18,235,224,11,76,602,20073,1801,21874,18272
2024-06-19,305,297,8,109,707,12558,3349,15907,9209
2024-06-20,335,314,21,124,989,87472,7237,94709,80235
2024-06-21,362,318,44,158,579,10293,3346,13639,6947
2024-06-22,70,53,17,26,87,2786,1009,3795,1777
2024-06-23,166,145,21,59,242,6377,2044,8421,4333
2024-06-24,346,338,8,117,721,23890,7267,31157,16623
2024-06-25,356,344,12,125,574,9425,4742,14167,4683
2024-06-26,414,395,19,144,916,20295,6015,26310,14280
2024-06-27,465,418,47,165,824,23777,3502,27279,20275
2024-06-28,364,335,29,129,709,17383,10018,27401,7365
2024-06-29,91,83,8,28,194,3350,2109,5459,1241
2024-06-30,47,35,12,21,51,1535,416,1951,1119
2024-07-01,378,352,26,155,690,21116,3843,24959,17273
2024-07-02,357,337,20,116,625,11798,7145,18943,4653
2024-07-03,328,312,16,143,752,10025,5777,15802,4248
2024-07-04,640,600,40,207,1088,14574,8307,22881,6267
2024-07-05,243,218,25,96,446,12092,5060,17152,7032
2024-07-06,102,92,10,49,166,3860,468,4328,3392
2024-07-07,15,13,2,6,13,100,67,167,33
2024-07-08,342,302,40,131,541,11460,4874,16334,6586
2024-07-09,424,393,31,134,787,17076,5757,22833,11319
2024-07-10,363,334,29,143,734,11366,8319,19685,3047
2024-07-11,455,435,20,113,933,11929,7956,19885,3973
2024-07-12,308,272,36,125,537,6966,4688,11654,2278
2024-07-13,63,49,14,23,83,1038,674,1712,364
2024-07-14,160,142,18,31,389,7446,4230,11676,3216
2024-07-15,356,296,60,102,712,16648,5121,21769,11527
2024-07-16,144,74,70,43,136,1634,1902,3536,-268
2024-07-17,107,88,19,41,194,1549,887,2436,662
2024-07-18,141,112,29,59,176,2229,1978,4207,251
2024-07-19,126,72,54,32,161,2488,429,2917,2059
2024-07-20,55,43,12,24,97,660,425,1085,235
2024-07-21,11,8,3,3,29,180,261,441,-81
2024-07-22,79,61,18,27,130,1402,795,2197,607
2024-07-23,235,220,15,91,607,11057,5295,16352,5762
2024-07-24,95,88,7,56,230,2320,696,3016,1624
2024-07-25,77,57,20,42,115,2073,1088,3161,985
2024-07-26,128,116,12,64,175,2912,715,3627,2197
2024-07-27,108,85,23,29,340,3232,9041,12273,-5809
2024-07-28,25,19,6,10,52,172,206,378,-34
2024-07-29,508,484,24,159,833,16937,5807,22744,11130
2024-07-30,230,220,10,92,368,7780,12489,20269,-4709
2024-07-31,306,298,8,127,453,8897,4854,13751,4043
2024-08-01,244,225,19,102,449,10143,5298,15441,4845
2024-08-02,233,208,25,101,421,6837,3144,9981,3693
2024-08-03,214,203,11,46,285,12193,2006,14199,10187
2024-08-04,33,23,10,21,55,1220,153,1373,1067
2024-08-05,238,225,13,100,338,5239,5828,11067,-589
2024-08-06,209,202,7,102,370,5323,1562,6885,3761
2024-08-07,283,274,9,102,583,5393,3517,8910,1876
2024-08-08,231,216,15,88,377,4507,3759,8266,748
2024-08-09,148,127,21,68,352,3077,1306,4383,1771
2024-08-10,117,106,11,54,160,10805,2142,12947,8663
2024-08-11,65,50,15,22,114,2041,711,2752,1330
2024-08-12,218,204,14,88,471,6663,4040,10703,2623
2024-08-13,396,382,14,171,788,16037,4522,20559,11515
2024-08-14,220,213,7,75,355,6260,3693,9953,2567
2024-08-15,259,235,24,114,384,9097,2284,11381,6813
2024-08-16,264,230,34,92,385,5767,2313,8080,3454
2024-08-17,74,66,8,29,121,1721,1678,3399,43
2024-08-18,52,45,7,21,100,2067,617,2684,1450
2024-08-19,244,225,19,105,434,13284,25501,38785,-12217
2024-08-20,174,166,8,85,380,8552,2045,10597,6507
2024-08-21,233,227,6,101,391,7083,1819,8902,5264
2024-08-22,415,392,23,145,690,10675,5241,15916,5434
2024-08-23,297,275,22,128,515,13397,3008,16405,10389
2024-08-24,75,64,11,39,99,1339,989,2328,350
2024-08-25,95,89,6,44,119,792,449,1241,343
2024-08-26,245,229,16,129,484,10883,1699,12582,9184
2024-08-27,402,376,26,158,873,16192,5201,21393,10991
2024-08-28,280,255,25,138,459,10837,2438,13275,8399
2024-08-29,430,405,25,167,671,21701,9429,31130,12272
2024-08-30,412,386,26,138,625,14692,3818,18510,10874
2024-08-31,86,74,12,38,81,3242,493,3735,2749
2024-09-01,162,154,8,49,310,4979,2142,7121,2837
2024-09-02,561,548,13,201,1062,18473,9285,27758,9188
2024-09-03,571,514,57,204,1053,20970,14748,35718,6222
2024-09-04,614,592,22,189,1184,26176,8907,35083,17269
2024-09-05,352,290,62,139,642,13448,4323,17771,9125
2024-09-06,386,352,34,139,653,10218,3565,13783,6653
2024-09-07,68,55,13,28,96,1265,1092,2357,173
2024-09-08,31,24,7,20,60,312,194,506,118
2024-09-09,506,490,16,174,1123,28619,7121,35740,21498
2024-09-10,486,465,21,154,785,11287,6434,17721,4853
2024-09-11,431,371,60,150,715,9051,4738,13789,4313
2024-09-12,263,225,38,91,524,18066,8406,26472,9660
2024-09-13,336,296,40,125,580,9728,3859,13587,5869
2024-09-14,84,71,13,45,96,1252,1452,2704,-200
2024-09-15,46,39,7,20,104,1841,2795,4636,-954
2024-09-16,120,81,39,53,154,3635,344,3979,3291
2024-09-17,146,104,42,62,167,1995,751,2746,1244
2024-09-18,132,105,27,65,197,1629,1288,2917,341
2024-09-19,132,77,55,31,200,1199,850,2049,349
2024-09-20,111,108,3,47,370,7115,1397,8512,5718
2024-09-21,64,51,13,18,318,1293,766,2059,527
2024-09-22,24,20,4,17,23,123,188,311,-65
2024-09-23,162,140,22,67,271,5164,1994,7158,3170
2024-09-24,108,82,26,49,278,6564,3392,9956,3172
2024-09-25,122,111,11,51,197,2769,1287,4056,1482
2024-09-26,236,222,14,80,457,4824,3446,8270,1378
2024-09-27,67,50,17,36,279,463,581,1044,-118
2024-09-28,70,62,8,17,102,2193,914,3107,1279
2024-09-29,87,76,11,31,229,2489,3902,6391,-1413
2024-09-30,306,293,13,109,466,8326,1818,10144,6508
2024-10-01,287,273,14,132,930,13865,8058,21923,5807
2024-10-02,204,190,14,99,1162,6951,2299,9250,4652
2024-10-03,287,267,20,96,473,6032,2960,8992,3072
2024-10-04,303,261,42,106,812,11964,4865,16829,7099
2024-10-05,112,100,12,43,256,5372,3132,8504,2240
2024-10-06,140,132,8,42,192,3787,616,4403,3171
2024-10-07,282,274,8,127,924,9907,4373,14280,5534
2024-10-08,325,305,20,153,800,14966,39482,54448,-24516
2024-10-09,295,285,10,115,569,13756,6566,20322,7190
2024-10-10,327,292,35,123,707,38513,28139,66652,10374
2024-10-11,281,252,29,122,730,8063,20851,28914,-12788
2024-10-12,86,82,4,44,244,5908,4869,10777,1039
2024-10-13,88,80,8,33,171,1919,6288,8207,-4369
2024-10-14,277,268,9,115,649,8277,2843,11120,5434
2024-10-15,382,360,22,130,775,10400,6365,16765,4035
2024-10-16,366,350,16,177,583,17953,4906,22859,13047
2024-10-17,381,361,20,161,807,15370,3086,18456,12284
2024-10-18,185,161,24,65,358,4553,3635,8188,918
2024-10-19,94,86,8,42,181,4802,912,5714,3890
2024-10-20,94,80,14,32,93,589,331,920,258
2024-10-21,276,260,16,127,660,12741,37284,50025,-24543
2024-10-22,452,441,11,159,944,38835,8149,46984,30686
2024-10-23,299,294,5,113,666,10043,8092,18135,1951
2024-10-24,249,226,23,98,421,12761,2155,14916,10606
2024-10-25,383,358,25,124,679,11650,4369,16019,7281
2024-10-26,27,25,2,12,44,4711,378,5089,4333
2024-10-27,31,25,6,15,33,294,34,328,260
2024-10-28,343,333,10,141,777,9792,4177,13969,5615
2024-10-29,471,454,17,186,851,13564,6277,19841,7287
2024-10-30,231,213,18,91,458,9766,3736,13502,6030
2024-10-31,304,287,17,109,530,13086,4049,17135,9037
2024-11-01,270,245,25,90,556,13326,9235,22561,4091
2024-11-02,90,83,7,30,239,2062,2052,4114,10
2024-11-03,242,218,24,64,768,7148,35558,42706,-28410
2024-11-04,325,301,24,166,583,10322,2824,13146,7498
2024-11-05,552,528,24,147,1354,24885,8461,33346,16424
2024-11-06,407,377,30,163,753,37001,4160,41161,32841
2024-11-07,543,514,29,191,1719,10598,13853,24451,-3255
2024-11-08,194,166,28,88,293,4487,1187,5674,3300
2024-11-09,104,93,11,39,298,3881,1879,5760,2002
2024-11-10,103,96,7,61,233,3244,501,3745,2743
2024-11-11,471,444,27,151,1068,16143,5884,22027,10259
2024-11-12,502,425,77,188,793,12147,4747,16894,7400
2024-11-13,337,308,29,145,655,17405,3907,21312,13498
2024-11-14,282,257,25,132,448,6016,2174,8190,3842
2024-11-15,174,140,34,87,303,2913,2429,5342,484
2024-11-16,108,98,10,46,219,2504,1402,3906,1102
2024-11-17,42,39,3,30,138,1282,864,2146,418
2024-11-18,147,108,39,72,191,2476,1338,3814,1138
2024-11-19,221,160,61,82,295,3423,2263,5686,1160
2024-11-20,118,82,36,50,146,1699,680,2379,1019
2024-11-21,139,118,21,75,235,1979,1685,3664,294
2024-11-22,81,71,10,33,253,10574,1243,11817,9331
2024-11-23,29,12,17,8,23,577,124,701,453
2024-11-24,39,38,1,27,57,1034,135,1169,899
2024-11-25,140,101,39,53,150,2375,945,3320,1430
2024-11-26,136,109,27,59,174,1715,625,2340,1090
2024-11-27,177,148,29,48,309,6554,1836,8390,4718
2024-11-28,98,85,13,44,117,1098,576,1674,522
2024-11-29,52,38,14,26,49,766,267,1033,499
2024-11-30,60,43,17,21,59,543,274,817,269
2024-12-01,21,13,8,10,487,536,536,1072,0
2024-12-02,335,321,14,128,1671,16821,15473,32294,1348
2024-12-03,145,132,13,95,201,3282,691,3973,2591
2024-12-04,225,217,8,126,516,5798,2881,8679,2917
2024-12-05,238,216,22,104,436,9373,3167,12540,6206
2024-12-06,134,118,16,77,232,2072,1402,3474,670
2024-12-07,113,105,8,42,143,1579,3078,4657,-1499
2024-12-08,57,48,9,30,59,1165,216,1381,949
2024-12-09,327,308,19,113,664,14478,4238,18716,10240
2024-12-10,497,483,14,185,1187,15934,6503,22437,9431
2024-12-11,285,272,13,124,421,10283,6224,16507,4059
2024-12-12,215,193,22,96,326,6360,2052,8412,4308
2024-12-13,278,250,28,99,447,32655,2007,34662,30648
2024-12-14,139,119,20,34,211,5501,3921,9422,1580
2024-12-15,77,66,11,28,112,1996,601,2597,1395
2024-12-16,215,201,14,83,461,11975,2806,14781,9169
2024-12-17,262,248,14,121,445,9810,1899,11709,7911
2024-12-18,372,358,14,125,981,13688,7380,21068,6308
2024-12-19,287,266,21,126,430,5924,1775,7699,4149
2024-12-20,306,273,33,95,710,16292,6227,22519,10065
2024-12-21,246,233,13,30,568,7353,4898,12251,2455
2024-12-22,49,42,7,25,74,1599,652,2251,947
2024-12-23,386,372,14,120,924,20298,4649,24947,15649
2024-12-24,203,199,4,62,293,7671,3721,11392,3950
2024-12-25,17,17,0,10,24,173,236,409,-63
2024-12-26,178,173,5,59,294,16975,1506,18481,15469
2024-12-27,85,76,9,33,131,3506,814,4320,2692
2024-12-28,58,55,3,18,112,2131,308,2439,1823
2024-12-29,48,40,8,18,79,2516,451,2967,2065
2024-12-30,104,100,4,59,158,1647,671,2318,976
2024-12-31,56,54,2,42,69,492,310,802,182
2025-01-01,2,1,1,2,1,2,2,4,0
2025-01-02,118,112,6,45,231,12654,3620,16274,9034
2025-01-03,145,122,23,57,226,3905,1252,5157,2653
2025-01-04,65,59,6,32,169,2185,2209,4394,-24
2025-01-05,24,19,5,18,26,211,137,348,74
2025-01-06,274,261,13,124,526,18069,3279,21348,14790
2025-01-07,390,373,17,140,649,12213,4767,16980,7446
2025-01-08,345,334,11,167,599,15104,2965,18069,12139
2025-01-09,372,341,31,138,760,22353,3883,26236,18470
2025-01-10,388,352,36,156,744,17500,8350,25850,9150
2025-01-11,112,102,10,48,194,6028,1922,7950,4106
2025-01-12,93,72,21,38,150,2030,963,2993,1067
2025-01-13,603,580,23,198,1073,15325,8505,23830,6820
2025-01-14,549,525,24,185,1174,16806,7736,24542,9070
2025-01-15,357,318,39,145,631,6244,3470,9714,2774
2025-01-16,231,180,51,92,328,4386,1898,6284,2488
2025-01-17,190,153,37,83,292,7565,2067,9632,5498
2025-01-18,136,130,6,46,302,6667,1317,7984,5350
2025-01-19,69,59,10,29,102,868,931,1799,-63
2025-01-20,186,130,56,58,212,2857,1600,4457,1257
2025-01-21,162,127,35,70,228,3162,1783,4945,1379
2025-01-22,90,56,34,31,91,1536,759,2295,777
2025-01-23,122,80,42,55,234,1613,734,2347,879
2025-01-24,150,112,38,59,246,7582,2781,10363,4801
2025-01-25,73,65,8,28,124,1041,886,1927,155
2025-01-26,311,301,10,69,692,9319,7762,17081,1557
2025-01-27,126,112,14,56,196,4547,1500,6047,3047
2025-01-28,118,96,22,51,286,1457,1134,2591,323
2025-01-29,67,55,12,33,101,1500,851,2351,649
2025-01-30,61,41,20,30,46,569,221,790,348
2025-01-31,86,68,18,35,165,2327,1565,3892,762
2025-02-01,35,26,9,25,49,421,459,880,-38
2025-02-02,17,15,2,10,23,225,37,262,188
2025-02-03,461,449,12,178,888,16139,20331,36470,-4192
2025-02-04,166,157,9,79,303,7195,1562,8757,5633
2025-02-05,205,196,9,79,352,7153,3071,10224,4082
2025-02-06,234,208,26,93,423,7200,6090,13290,1110
2025-02-07,318,290,28,82,776,22829,4309,27138,18520
2025-02-08,82,67,15,40,103,3580,863,4443,2717
2025-02-09,83,79,4,28,257,14126,1388,15514,12738
2025-02-10,297,282,15,109,607,13595,7104,20699,6491
2025-02-11,332,318,14,114,605,12003,4123,16126,7880
2025-02-12,224,210,14,82,417,6714,4179,10893,2535
2025-02-13,446,423,23,166,1129,125072,26212,151284,98860
2025-02-14,273,241,32,123,533,8033,2498,10531,5535
2025-02-15,176,165,11,51,292,3870,2762,6632,1108
2025-02-16,86,73,13,21,112,5995,449,6444,5546
2025-02-17,239,230,9,78,387,8549,2561,11110,5988
2025-02-18,416,399,17,135,710,7457,3619,11076,3838
2025-02-19,296,279,17,131,584,6565,3470,10035,3095
2025-02-20,253,224,29,110,452,8399,2440,10839,5959
2025-02-21,407,374,33,155,932,11127,7963,19090,3164
2025-02-22,128,120,8,51,259,6838,2500,9338,4338
2025-02-23,26,23,3,19,28,135,77,212,58
2025-02-24,281,272,9,93,405,8528,3048,11576,5480
2025-02-25,413,388,25,172,731,11381,3742,15123,7639
2025-02-26,381,357,24,142,746,17375,17284,34659,91
2025-02-27,363,341,22,141,763,16038,7927,23965,8111
2025-02-28,239,212,27,99,442,7798,2217,10015,5581
2025-03-01,72,58,14,29,87,7371,597,7968,6774
2025-03-02,121,116,5,37,216,8980,2375,11355,6605
2025-03-03,526,516,10,114,900,21415,5493,26908,15922
2025-03-04,585,560,25,172,1132,19408,7487,26895,11921
2025-03-05,453,437,16,162,892,45351,5664,51015,39687
2025-03-06,449,405,44,169,724,16590,4832,21422,11758
2025-03-07,254,227,27,110,474,6072,2307,8379,3765
2025-03-08,213,198,15,75,443,5337,2454,7791,2883
2025-03-09,48,37,11,25,83,2622,133,2755,2489
2025-03-10,452,435,17,142,906,14357,9887,24244,4470
2025-03-11,321,302,19,119,580,12942,4213,17155,8729
2025-03-12,254,245,9,91,430,8086,2154,10240,5932
2025-03-13,319,301,18,125,598,44059,8744,52803,35315
2025-03-14,455,393,62,144,779,13619,7254,20873,6365
2025-03-15,290,271,19,72,634,12420,4997,17417,7423
2025-03-16,112,105,7,42,311,9811,16338,26149,-6527
2025-03-17,700,681,19,181,1354,20054,11611,31665,8443
2025-03-18,651,626,25,202,1277,16052,9414,25466,6638
2025-03-19,372,304,68,118,679,10126,5623,15749,4503
2025-03-20,322,288,34,116,627,10885,5334,16219,5551
2025-03-21,253,236,17,89,572,14519,7513,22032,7006
2025-03-22,106,100,6,53,179,2529,655,3184,1874
2025-03-23,25,24,1,17,36,869,135,1004,734
2025-03-24,227,177,50,80,383,6606,3120,9726,3486
2025-03-25,457,387,70,122,803,22997,18923,41920,4074
2025-03-26,215,171,44,75,382,8725,4460,13185,4265
2025-03-27,174,110,64,62,169,2315,1212,3527,1103
2025-03-28,143,124,19,51,204,3284,2034,5318,1250
2025-03-29,27,12,15,5,48,591,442,1033,149
2025-03-30,48,36,12,16,52,617,518,1135,99
2025-03-31,132,124,8,58,258,4224,1383,5607,2841
2025-04-01,175,156,19,70,250,2592,1555,4147,1037
2025-04-02,104,79,25,54,187,2160,1107,3267,1053
2025-04-03,119,85,34,58,137,1015,450,1465,565
2025-04-04,108,87,21,32,330,2059,1849,3908,210
2025-04-05,22,17,5,10,821,1737,1743,3480,-6
2025-04-06,70,62,8,32,117,859,610,1469,249
2025-04-07,567,553,14,205,1022,19286,15037,34323,4249
2025-04-08,361,338,23,99,621,10081,6498,16579,3583
2025-04-09,240,227,13,93,439,14051,6730,20781,7321
2025-04-10,248,220,28,89,645,8485,2542,11027,5943
2025-04-11,486,464,22,178,784,19771,16410,36181,3361
2025-04-12,130,120,10,68,304,3071,15838,18909,-12767
2025-04-13,71,68,3,32,89,2232,201,2433,2031
2025-04-14,235,217,18,91,414,5899,1747,7646,4152
2025-04-15,463,444,19,148,878,23496,6010,29506,17486
2025-04-16,252,241,11,102,460,10056,4624,14680,5432
2025-04-17,459,422,37,135,775,32072,4397,36469,27675
2025-04-18,151,129,22,65,269,3619,1270,4889,2349
2025-04-19,67,55,12,22,104,1408,445,1853,963
2025-04-20,48,46,2,16,83,712,374,1086,338
2025-04-21,169,167,2,64,291,3824,2764,6588,1060
2025-04-22,478,457,21,143,1050,16344,9391,25735,6953
2025-04-23,405,388,17,148,725,12807,8350,21157,4457
2025-04-24,324,303,21,115,486,7275,2631,9906,4644
2025-04-25,442,406,36,159,752,27615,18043,45658,9572
2025-04-26,89,75,14,35,120,3582,2604,6186,978
2025-04-27,61,60,1,29,83,1621,620,2241,1001
2025-04-28,451,429,22,117,835,10421,5109,15530,5312
2025-04-29,287,264,23,128,474,5919,3189,9108,2730
2025-04-30,266,258,8,109,509,10103,7020,17123,3083
2025-05-01,181,165,16,90,277,9792,2736,12528,7056
2025-05-02,276,253,23,87,677,11558,3459,15017,8099
2025-05-03,41,37,4,12,95,2732,769,3501,1963
2025-05-04,84,73,11,27,158,1976,815,2791,1161
2025-05-05,313,304,9,128,901,13583,16426,30009,-2843
2025-05-06,426,407,19,150,750,20131,7686,27817,12445
2025-05-07,362,347,15,120,777,11386,5449,16835,5937
2025-05-08,357,334,23,125,575,10139,3652,13791,6487
2025-05-09,435,379,56,145,919,32864,6560,39424,26304
2025-05-10,112,88,24,36,256,3975,2175,6150,1800
2025-05-11,92,83,9,39,143,5333,482,5815,4851
2025-05-12,454,431,23,175,1170,16616,7218,23834,9398
2025-05-13,490,455,35,172,976,22261,7501,29762,14760
2025-05-14,416,406,10,181,666,17413,3154,20567,14259
2025-05-15,512,482,30,143,984,11639,6431,18070,5208
2025-05-16,397,372,25,152,983,22745,12053,34798,10692
2025-05-17,45,32,13,24,69,2061,1224,3285,837
2025-05-18,105,98,7,21,722,18392,8212,26604,10180
2025-05-19,283,274,9,127,451,11703,3391,15094,8312
2025-05-20,306,293,13,97,592,13161,5961,19122,7200
2025-05-21,723,646,77,230,1321,24852,7606,32458,17246
2025-05-22,510,464,46,140,1156,22333,8194,30527,14139
2025-05-23,258,229,29,89,473,10049,2712,12761,7337
2025-05-24,44,42,2,23,53,1612,115,1727,1497
2025-05-25,57,53,4,33,95,2074,661,2735,1413
2025-05-26,140,88,52,45,178,2877,909,3786,1968
2025-05-27,187,128,59,68,282,5951,1125,7076,4826
2025-05-28,208,170,38,95,341,3667,1733,5400,1934
2025-05-29,104,91,13,49,131,1206,591,1797,615
2025-05-30,122,96,26,43,179,2668,1165,3833,1503
2025-05-31,51,38,13,27,83,721,461,1182,260
2025-06-01,97,90,7,42,185,2200,1232,3432,968
2025-06-02,194,176,18,58,340,4864,2051,6915,2813
2025-06-03,123,92,31,52,230,2377,1794,4171,583
2025-06-04,104,73,31,36,151,1232,775,2007,457
2025-06-05,173,142,31,80,252,5364,1581,6945,3783
2025-06-06,71,54,17,35,112,1621,733,2354,888
2025-06-07,60,46,14,23,107,727,648,1375,79
2025-06-08,98,89,9,35,818,2698,2009,4707,689
2025-06-09,281,264,17,118,631,13306,5676,18982,7630
2025-06-10,292,281,11,129,458,9748,3102,12850,6646
2025-06-11,241,229,12,107,567,10574,3994,14568,6580
2025-06-12,211,193,18,85,359,8734,2006,10740,6728
2025-06-13,258,233,25,96,357,3632,3156,6788,476
2025-06-14,52,42,10,22,57,1797,963,2760,834
2025-06-15,58,57,1,16,97,2859,1049,3908,1810
2025-06-16,264,257,7,88,666,12345,3557,15902,8788
2025-06-17,329,308,21,117,855,8406,52588,60994,-44182
2025-06-18,429,406,23,156,762,15125,5934,21059,9191
2025-06-19,377,347,30,134,629,10037,4828,14865,5209
2025-06-20,271,254,17,97,556,8610,3577,12187,5033
2025-06-21,83,67,16,42,116,2088,554,2642,1534
2025-06-22,74,66,8,35,143,1252,773,2025,479
2025-06-23,382,363,19,141,680,11415,3549,14964,7866
2025-06-24,459,446,13,153,858,10840,4577,15417,6263
2025-06-25,304,280,24,126,479,7050,2576,9626,4474
2025-06-26,337,320,17,124,624,11841,4354,16195,7487
2025-06-27,205,182,23,79,364,6314,2302,8616,4012
2025-06-28,44,33,11,23,48,652,263,915,389
2025-06-29,106,98,8,40,149,2681,2052,4733,629
2025-06-30,376,369,7,152,948,10377,7830,18207,2547
2025-07-01,263,253,10,108,421,6895,3967,10862,2928
2025-07-02,305,285,20,96,576,11408,6123,17531,5285
2025-07-03,352,322,30,124,649,29790,4773,34563,25017
2025-07-04,278,247,31,86,926,13393,6367,19760,7026
2025-07-05,92,85,7,19,259,7897,4677,12574,3220
2025-07-06,78,66,12,27,121,1712,368,2080,1344
2025-07-07,325,311,14,126,560,8269,7694,15963,575
2025-07-08,406,375,31,112,738,19907,5883,25790,14024
2025-07-09,301,283,18,114,541,13782,5695,19477,8087
2025-07-10,475,457,18,190,980,16315,4727,21042,11588
2025-07-11,500,461,39,124,969,34038,21991,56029,12047
2025-07-12,47,37,10,26,61,1031,356,1387,675
2025-07-13,210,200,10,61,340,6891,2690,9581,4201
2025-07-14,355,342,13,124,819,21196,6953,28149,14243
2025-07-15,426,397,29,176,756,10274,4673,14947,5601
2025-07-16,366,356,10,132,799,8299,4449,12748,3850
2025-07-17,271,240,31,105,425,18128,3877,22005,14251
2025-07-18,238,209,29,105,483,6783,3500,10283,3283
2025-07-19,78,64,14,34,146,1557,642,2199,915
2025-07-20,176,162,14,72,352,4903,1802,6705,3101
2025-07-21,405,365,40,114,617,7133,4852,11985,2281
2025-07-22,341,282,59,110,550,9811,3930,13741,5881
2025-07-23,290,271,19,115,534,13635,3567,17202,10068
2025-07-24,344,307,37,117,804,13477,7055,20532,6422
2025-07-25,359,327,32,128,763,16541,4673,21214,11868
2025-07-26,134,118,16,37,190,3313,1447,4760,1866
2025-07-27,54,52,2,30,139,1639,465,2104,1174
2025-07-28,188,147,41,82,338,4291,2094,6385,2197
2025-07-29,132,51,81,36,109,1936,1233,3169,703
2025-07-30,101,67,34,41,132,4192,829,5021,3363
2025-07-31,170,94,76,61,141,1625,845,2470,780
2025-08-01,108,88,20,47,134,1346,862,2208,484
2025-08-02,76,70,6,37,120,3550,886,4436,2664
2025-08-03,44,37,7,22,42,305,206,511,99
2025-08-04,132,118,14,61,264,3921,1328,5249,2593
2025-08-05,84,78,6,48,125,1679,533,2212,1146
2025-08-06,138,130,8,62,221,4691,1739,6430,2952
2025-08-07,68,59,9,32,374,943,835,1778,108
2025-08-08,38,28,10,23,64,559,160,719,399
2025-08-09,30,12,18,9,13,56,52,108,4
2025-08-10,68,62,6,33,83,3039,457,3496,2582
2025-08-11,373,362,11,169,579,14975,7411,22386,7564
2025-08-12,242,221,21,126,361,5818,3457,9275,2361
2025-08-13,452,437,15,128,892,10135,8649,18784,1486
2025-08-14,145,131,14,66,230,3960,2163,6123,1797
2025-08-15,234,215,19,98,357,8318,3224,11542,5094
2025-08-16,112,108,4,46,193,3690,1040,4730,2650
2025-08-17,46,44,2,21,63,1066,1086,2152,-20
2025-08-18,229,220,9,104,411,8071,2501,10572,5570
2025-08-19,349,326,23,139,551,10501,2759,13260,7742
2025-08-20,251,231,20,125,439,7741,4255,11996,3486
2025-08-21,256,226,30,98,421,11040,2081,13121,8959
2025-08-22,261,237,24,95,323,4621,1393,6014,3228
2025-08-23,39,32,7,16,82,4187,217,4404,3970
2025-08-24,111,104,7,47,188,3255,1245,4500,2010
2025-08-25,259,248,11,102,505,13744,7102,20846,6642
2025-08-26,194,187,7,82,404,6484,5031,11515,1453
2025-08-27,277,261,16,108,625,18075,11380,29455,6695
2025-08-28,307,279,28,126,493,9520,2907,12427,6613
2025-08-29,275,251,24,103,607,11986,8225,20211,3761
2025-08-30,93,87,6,31,186,4025,1684,5709,2341
2025-08-31,92,86,6,34,144,3557,836,4393,2721
2025-09-01,399,376,23,111,830,14028,10051,24079,3977
2025-09-02,269,256,13,111,423,10757,3467,14224,7290
2025-09-03,349,331,18,121,620,28198,10932,39130,17266
2025-09-04,368,344,24,137,640,13130,7425,20555,5705
2025-09-05,261,236,25,110,458,8196,6466,14662,1730
2025-09-06,264,257,7,103,487,7073,5522,12595,1551
2025-09-07,87,80,7,43,118,3441,582,4023,2859
2025-09-08,427,422,5,115,847,15192,5152,20344,10040
2025-09-09,458,446,12,161,932,16636,6104,22740,10532
2025-09-10,351,333,18,129,713,17548,5607,23155,11941
2025-09-11,358,326,32,122,816,29850,9158,39008,20692
2025-09-12,354,326,28,130,653,12303,8511,20814,3792
2025-09-13,313,299,14,110,615,10972,3473,14445,7499
2025-09-14,179,164,15,70,259,7158,1314,8472,5844
2025-09-15,543,482,61,183,1055,24029,5018,29047,19011
2025-09-16,541,513,28,164,901,29583,5612,35195,23971
2025-09-17,324,295,29,114,473,9912,4146,14058,5766
2025-09-18,512,486,26,174,1166,31256,10515,41771,20741
2025-09-19,402,363,39,125,817,25071,5252,30323,19819
2025-09-20,140,126,14,51,200,2884,1787,4671,1097
2025-09-21,289,279,10,91,559,15182,4710,19892,10472
2025-09-22,204,185,19,92,344,8746,2089,10835,6657
2025-09-23,604,540,64,178,1231,19322,7504,26826,11818
2025-09-24,196,162,34,84,410,6587,2213,8800,4374
2025-09-25,265,249,16,128,485,10079,2554,12633,7525
2025-09-26,208,176,32,82,367,6365,2487,8852,3878
2025-09-27,110,104,6,42,270,3921,3243,7164,678
2025-09-28,241,230,11,51,318,4888,2342,7230,2546
2025-09-29,164,127,37,40,562,5294,120280,125574,-114986
2025-09-30,239,162,77,71,412,11339,2213,13552,9126
2025-10-01,206,171,35,88,381,8276,3944,12220,4332
2025-10-02,136,115,21,49,223,8053,1922,9975,6131
2025-10-03,119,61,58,39,110,858,573,1431,285
2025-10-04,63,28,35,17,45,565,738,1303,-173
2025-10-05,18,10,8,9,11,174,57,231,117
2025-10-06,146,125,21,48,197,2683,1621,4304,1062
2025-10-07,108,90,18,69,140,2007,775,2782,1232
2025-10-08,53,46,7,29,80,1163,745,1908,418
2025-10-09,97,87,10,33,177,2659,1210,3869,1449
2025-10-10,133,109,24,50,301,5563,4046,9609,1517
2025-10-11,24,14,10,9,19,183,102,285,81
2025-10-12,14,11,3,11,19,657,47,704,610
2025-10-13,501,496,5,196,829,32397,6580,38977,25817
2025-10-14,291,284,7,123,665,9924,4830,14754,5094
2025-10-15,224,211,13,101,403,9718,4137,13855,5581
2025-10-16,256,228,28,94,437,5980,3162,9142,2818
2025-10-17,284,265,19,89,588,6597,3146,9743,3451
2025-10-18,89,71,18,35,122,2370,898,3268,1472
2025-10-19,123,118,5,47,205,7601,1192,8793,6409
2025-10-20,474,466,8,150,854,17728,4833,22561,12895
2025-10-21,256,238,18,113,435,7326,3164,10490,4162
2025-10-22,339,324,15,136,551,14713,3980,18693,10733
2025-10-23,155,136,19,93,210,2912,1207,4119,1705
2025-10-24,187,161,26,84,262,5960,1935,7895,4025
2025-10-25,49,39,10,19,82,707,440,1147,267
2025-10-26,18,9,9,8,30,64,61,125,3
2025-10-27,405,395,10,146,797,22785,4683,27468,18102
2025-10-28,448,427,21,153,905,13626,7181,20807,6445
2025-10-29,233,224,9,111,408,7552,4423,11975,3129
2025-10-30,288,266,22,133,592,13026,2736,15762,10290
2025-10-31,236,193,43,87,804,10791,4765,15556,6026
2025-11-01,77,65,12,25,120,3122,493,3615,2629
2025-11-02,65,65,0,21,160,9377,11612,20989,-2235
2025-11-03,314,305,9,110,529,18073,2986,21059,15087
2025-11-04,385,364,21,126,754,17130,6781,23911,10349
2025-11-05,393,365,28,109,919,19640,8099,27739,11541
2025-11-06,407,380,27,170,726,19723,7202,26925,12521
2025-11-07,189,173,16,82,362,6689,1987,8676,4702
2025-11-08,118,99,19,57,161,2040,621,2661,1419
2025-11-09,104,97,7,53,200,4155,5296,9451,-1141
2025-11-10,250,238,12,119,414,13548,7594,21142,5954
2025-11-11,356,331,25,141,745,15252,7939,23191,7313
2025-11-12,520,498,22,162,988,16690,7194,23884,9496
2025-11-13,364,332,32,145,552,16921,3172,20093,13749
2025-11-14,420,374,46,130,877,29079,6332,35411,22747
2025-11-15,169,160,9,73,283,9805,1499,11304,8306
2025-11-16,125,120,5,41,182,3856,1228,5084,2628
2025-11-17,732,717,15,141,1261,15791,9174,24965,6617
2025-11-18,376,350,26,147,732,38365,6257,44622,32108
2025-11-19,451,427,24,121,731,16028,4720,20748,11308
2025-11-20,455,425,30,174,672,20181,6156,26337,14025
2025-11-21,448,367,81,141,816,12843,5788,18631,7055
2025-11-22,55,43,12,27,160,1186,1512,2698,-326
2025-11-23,39,36,3,17,73,2372,339,2711,2033
2025-11-24,549,538,11,152,1778,78086,7006,85092,71080
2025-11-25,299,261,38,105,540,10869,4023,14892,6846
2025-11-26,476,446,30,188,902,15134,5089,20223,10045
2025-11-27,305,271,34,100,818,11350,3958,15308,7392
2025-11-28,282,239,43,94,430,8301,4572,12873,3729
2025-11-29,134,120,14,53,196,1984,989,2973,995
2025-11-30,20,13,7,11,23,121,87,208,34
2025-12-01,233,201,32,95,428,5882,3130,9012,2752
2025-12-02,202,147,55,70,231,11456,1877,13333,9579
2025-12-03,189,126,63,51,237,4065,654,4719,3411
2025-12-04,173,135,38,58,233,2907,848,3755,2059
2025-12-05,128,89,39,48,228,5374,2313,7687,3061
2025-12-06,69,33,36,20,65,1508,408,1916,1100
2025-12-07,29,20,9,13,52,923,227,1150,696
2025-12-08,358,348,10,100,763,100475,6157,106632,94318
2025-12-09,87,77,10,48,128,1715,581,2296,1134
2025-12-10,160,143,17,70,247,3623,2343,5966,1280
2025-12-11,57,49,8,37,77,581,279,860,302
2025-12-12,61,52,9,25,128,2131,353,2484,1778
2025-12-13,49,31,18,18,69,782,129,911,653
2025-12-14,176,172,4,54,208,3761,1581,5342,2180
2025-12-15,254,236,18,118,374,9746,4146,13892,5600
2025-12-16,246,237,9,127,460,7324,2562,9886,4762
2025-12-17,258,251,7,131,408,9582,1887,11469,7695
2025-12-18,173,151,22,79,246,9344,1571,10915,7773
2025-12-19,138,129,9,72,225,2694,1182,3876,1512
2025-12-20,28,14,14,10,19,115,33,148,82
2025-12-21,104,95,9,45,142,7063,718,7781,6345
2025-12-22,203,195,8,89,346,4729,2009,6738,2720
2025-12-23,301,292,9,137,504,17418,2722,20140,14696
2025-12-24,98,94,4,35,136,1500,1231,2731,269
2025-12-25,14,13,1,10,16,90,86,176,4
2025-12-26,62,54,8,21,76,845,453,1298,392
2025-12-27,26,17,9,17,41,569,379,948,190
2025-12-28,36,30,6,21,44,587,136,723,451
2025-12-29,141,132,9,71,226,3756,4296,8052,-540
2025-12-30,157,155,2,58,229,5891,711,6602,5180
2025-12-31,106,100,6,46,180,6421,1256,7677,5165
2026-01-01,68,64,4,28,103,1293,1029,2322,264
2026-01-02,69,55,14,27,135,1185,614,1799,571
2026-01-03,110,106,4,45,137,7629,518,8147,7111
2026-01-04,79,74,5,51,105,678,421,1099,257
2026-01-05,460,454,6,163,967,34482,6662,41144,27820
2026-01-06,243,232,11,120,355,4493,4794,9287,-301
2026-01-07,318,303,15,134,584,16456,6004,22460,10452
2026-01-08,312,299,13,130,562,15220,2383,17603,12837
2026-01-09,276,258,18,96,411,11434,1991,13425,9443
2026-01-10,175,161,14,71,339,4472,2434,6906,2038
2026-01-11,77,67,10,39,163,1832,848,2680,984
2026-01-12,351,334,17,100,854,17441,9426,26867,8015
2026-01-13,531,504,27,187,904,23556,7625,31181,15931
2026-01-14,477,449,28,174,826,15413,4540,19953,10873
2026-01-15,328,310,18,132,555,8640,3034,11674,5606
2026-01-16,432,398,34,160,746,12361,5760,18121,6601
2026-01-17,163,154,9,74,248,4094,3383,7477,711
2026-01-18,198,174,24,76,250,5678,1553,7231,4125
2026-01-19,220,202,18,108,464,8443,3007,11450,5436
2026-01-20,465,449,16,186,895,15170,5124,20294,10046
2026-01-21,544,508,36,185,1398,28233,13644,41877,14589
2026-01-22,391,361,30,152,742,16322,7356,23678,8966
2026-01-23,395,350,45,119,859,17456,5489,22945,11967
2026-01-24,71,56,15,31,211,2385,574,2959,1811
2026-01-25,93,77,16,38,127,1635,543,2178,1092
2026-01-26,216,199,17,95,381,4043,2101,6144,1942
2026-01-27,544,522,22,210,1099,14485,8223,22708,6262
2026-01-28,305,260,45,95,463,10851,2272,13123,8579
2026-01-29,358,307,51,120,605,10896,15942,26838,-5046
2026-01-30,269,243,26,109,520,9612,3556,13168,6056
2026-01-31,241,227,14,81,527,6235,3850,10085,2385
2026-02-01,62,55,7,34,88,872,580,1452,292
2026-02-02,179,165,14,88,301,4724,2234,6958,2490
2026-02-03,482,464,18,151,1052,16485,6297,22782,10188
2026-02-04,369,339,30,129,693,20484,13356,33840,7128
2026-02-05,285,238,47,112,503,11954,3199,15153,8755
2026-02-06,259,202,57,102,494,7336,5268,12604,2068
2026-02-07,92,84,8,42,170,1633,1342,2975,291
2026-02-08,103,101,2,24,222,11191,8365,19556,2826
2026-02-09,154,115,39,57,226,4395,3823,8218,572
2026-02-10,224,170,54,70,281,5499,2516,8015,2983
2026-02-11,144,88,56,42,175,22313,1692,24005,20621
2026-02-12,211,186,25,81,477,6700,4109,10809,2591
2026-02-13,106,86,20,49,131,2433,1805,4238,628
2026-02-14,64,48,16,33,78,420,3477,3897,-3057
2026-02-15,15,9,6,5,12,28,18,46,10
2026-02-16,42,31,11,21,65,1393,1053,2446,340
2026-02-17,80,59,21,40,80,647,484,1131,163
2026-02-18,116,104,12,69,161,1129,917,2046,212
2026-02-19,139,125,14,65,358,53813,16888,70701,36925
2026-02-20,76,56,20,28,88,1680,510,2190,1170
2026-02-21,37,23,14,14,8054,20346,21013,41359,-667
2026-02-22,78,73,5,37,8343,17916,17483,35399,433
2026-02-23,590,581,9,230,1001,123370,8066,131436,115304
2026-02-24,306,301,5,153,451,9190,3703,12893,5487
2026-02-25,262,251,11,116,482,8163,4702,12865,3461
2026-02-26,250,221,29,108,439,4429,3670,8099,759
2026-02-27,251,232,19,87,446,8853,3268,12121,5585
2026-02-28,148,132,16,70,299,11466,1636,13102,9830
2026-03-01,93,80,13,40,135,2583,428,3011,2155
2026-03-02,295,282,13,138,647,12860,6136,18996,6724
2026-03-03,388,368,20,142,611,7422,3966,11388,3456
2026-03-04,287,271,16,151,487,10321,3786,14107,6535
2026-03-05,299,267,32,106,482,6971,3077,10048,3894
2026-03-06,349,319,30,118,745,13597,4494,18091,9103
2026-03-07,151,129,22,64,251,4184,1446,5630,2738
2026-03-08,73,66,7,24,125,2995,1096,4091,1899
2026-03-09,472,460,12,157,838,16853,5622,22475,11231
2026-03-10,373,356,17,163,708,18983,9528,28511,9455
2026-03-11,514,493,21,198,988,17923,12977,30900,4946
2026-03-12,265,233,32,126,400,8145,3776,11921,4369
2026-03-13,202,180,22,92,325,3010,1691,4701,1319
2026-03-14,146,123,23,65,259,4882,2881,7763,2001
2026-03-15,67,55,12,25,88,1971,434,2405,1537
2026-03-16,331,311,20,137,523,6234,3094,9328,3140
2026-03-17,426,408,18,183,756,15177,5191,20368,9986
2026-03-18,276,262,14,130,398,6086,2947,9033,3139
2026-03-19,303,274,29,117,510,13540,2964,16504,10576
2026-03-20,173,149,24,72,241,4396,1848,6244,2548
2026-03-21,153,135,18,64,243,2551,1522,4073,1029
2026-03-22,141,128,13,53,228,6361,1566,7927,4795
2026-03-23,435,423,12,178,767,20446,6242,26688,14204
2026-03-24,523,488,35,205,879,16315,7060,23375,9255
2026-03-25,502,491,11,161,1021,22547,8626,31173,13921
2026-03-26,569,538,31,200,941,37734,9112,46846,28622
2026-03-27,542,491,51,186,857,31783,5869,37652,25914
2026-03-28,220,207,13,100,253,4332,2344,6676,1988
2026-03-29,90,69,21,35,228,1876,2116,3992,-240
2026-03-30,550,537,13,208,1406,24613,11258,35871,13355
2026-03-31,372,358,14,158,622,12405,7172,19577,5233
2026-04-01,421,376,45,143,701,9747,5015,14762,4732
2026-04-02,483,438,45,181,737,13682,3748,17430,9934
2026-04-03,416,378,38,136,872,16936,11105,28041,5831
2026-04-04,81,61,20,32,89,1287,678,1965,609
2026-04-05,448,439,9,108,1122,12003,9112,21115,2891
2026-04-06,189,180,9,85,394,6457,4425,10882,2032
2026-04-07,504,484,20,173,912,13995,9590,23585,4405
2026-04-08,264,239,25,100,546,9037,4474,13511,4563
2026-04-09,379,342,37,157,638,16920,2898,19818,14022
2026-04-10,314,284,30,128,478,14597,3827,18424,10770
2026-04-11,79,41,38,30,79,2720,839,3559,1881
2026-04-12,255,219,36,85,402,17187,8895,26082,8292
2026-04-13,264,180,84,85,304,6050,1692,7742,4358
2026-04-14,163,111,52,61,170,4777,1686,6463,3091
2026-04-15,125,81,44,46,122,1395,598,1993,797
2026-04-16,286,252,34,63,446,10649,8952,19601,1697
2026-04-17,280,241,39,99,609,14696,4259,18955,10437
2026-04-18,198,185,13,57,321,3522,2232,5754,1290
2026-04-19,26,19,7,17,43,489,132,621,357
2026-04-20,130,101,29,53,613,4440,3609,8049,831
2026-04-21,176,163,13,74,264,4139,1189,5328,2950
2026-04-22,142,126,16,60,216,3358,1288,4646,2070
2026-04-23,178,145,33,81,627,2445,139679,142124,-137234
2026-04-24,108,79,29,46,119,64448,1133,65581,63315
2026-04-25,32,24,8,6,36,1816,1664,3480,152
2026-04-26,81,69,12,30,122,5086,660,5746,4426
2026-04-27,538,518,20,230,796,15786,6051,21837,9735
2026-04-28,309,300,9,125,516,8822,6326,15148,2496
2026-04-29,238,229,9,98,372,7999,2362,10361,5637
2026-04-30,225,212,13,92,404,6947,3173,10120,3774
2026-05-01,97,73,24,41,143,1806,2762,4568,-956
2026-05-02,72,64,8,31,99,2138,478,2616,1660
2026-05-03,103,96,7,54,143,2095,1267,3362,828
2026-05-04,354,341,13,139,1033,13229,7581,20810,5648
2026-05-05,531,511,20,183,1111,48178,7013,55191,41165
2026-05-06,320,294,26,129,696,12637,3185,15822,9452
2026-05-07,283,264,19,99,496,7955,6670,14625,1285
2026-05-08,207,185,22,94,333,8937,14717,23654,-5780
2026-05-09,69,55,14,33,132,5822,3092,8914,2730
2026-05-10,191,179,12,74,388,9919,3272,13191,6647
2026-05-11,611,581,30,209,1231,38893,15476,54369,23417
2026-05-12,302,285,17,119,495,13180,2101,15281,11079
2026-05-13,245,233,12,103,550,12944,3433,16377,9511
2026-05-14,228,210,18,107,360,5729,1826,7555,3903
2026-05-15,309,272,37,134,519,11149,4866,16015,6283
2026-05-16,96,92,4,51,128,1457,704,2161,753
2026-05-17,38,27,11,18,41,501,65,566,436
2026-05-18,307,294,13,134,519,8774,3159,11933,5615
2026-05-19,488,466,22,199,822,23660,6439,30099,17221
2026-05-20,397,378,19,158,879,10652,12803,23455,-2151
2026-05-21,558,508,50,197,1172,27327,7373,34700,19954
2026-05-22,368,338,30,169,608,15501,5174,20675,10327
2026-05-23,152,133,19,62,220,4181,8281,12462,-4100
2026-05-24,60,53,7,29,96,1755,259,2014,1496
2026-05-25,205,187,18,86,323,7319,2068,9387,5251
2026-05-26,422,408,14,139,913,13331,5988,19319,7343
2026-05-27,381,374,7,151,854,12891,5637,18528,7254
2026-05-28,450,410,40,168,715,19280,4762,24042,14518
2026-05-29,608,569,39,204,1264,35499,9830,45329,25669
2026-05-30,92,82,10,42,177,3780,1282,5062,2498
2026-05-31,277,268,9,79,622,10571,3346,13917,7225
2026-06-01,296,272,24,119,566,11003,1958,12961,9045
2026-06-02,540,510,30,182,954,14067,7106,21173,6961
2026-06-03,642,617,25,199,1575,120722,8163,128885,112559
2026-06-04,512,484,28,188,764,20974,10707,31681,10267
2026-06-05,368,339,29,133,617,15106,3320,18426,11786
2026-06-06,98,86,12,42,195,5877,1499,7376,4378
2026-06-07,140,132,8,45,246,7106,1208,8314,5898
2026-06-08,409,381,28,144,720,8881,4875,13756,4006
2026-06-09,752,692,60,244,1885,63793,12513,76306,51280
2026-06-10,393,369,24,171,827,17165,4753,21918,12412
2026-06-11,390,355,35,147,595,8776,7102,15878,1674
2026-06-12,259,207,52,111,397,6149,9389,15538,-3240
2026-06-13,190,157,33,62,322,8551,2137,10688,6414
2026-06-14,197,161,36,61,321,11104,4226,15330,6878
2026-06-15,346,293,53,106,665,16946,6129,23075,10817
2026-06-16,240,173,67,78,385,4238,8438,12676,-4200
2026-06-17,457,427,30,163,807,30160,13866,44026,16294
2026-06-18,88,72,16,41,150,2079,770,2849,1309
2026-06-19,77,60,17,49,70,491,220,711,271
2026-06-20,29,28,1,12,49,464,301,765,163
2026-06-21,204,186,18,66,294,3804,2760,6564,1044
2026-06-22,260,245,15,88,404,3934,2711,6645,1223
2026-06-23,249,191,58,66,302,3883,2071,5954,1812
2026-06-24,197,180,17,58,359,9176,7142,16318,2034
2026-06-25,182,154,28,82,282,2544,1429,3973,1115
2026-06-26,80,55,25,36,86,2240,312,2552,1928
2026-06-27,30,22,8,21,47,416,195,611,221
2026-06-28,37,34,3,14,56,375,399,774,-24
2026-06-29,537,519,18,197,995,20325,6356,26681,13969
2026-06-30,331,322,9,145,769,12030,5027,17057,7003
2026-07-01,661,643,18,207,1141,23588,16489,40077,7099
2026-07-02,283,266,17,142,437,7761,8682,16443,-921
2026-07-03,294,269,25,108,2137,8057,5253,13310,2804
2026-07-04,41,34,7,19,48,1149,217,1366,932
2026-07-05,132,124,8,52,286,3110,2713,5823,397
2026-07-06,298,288,10,150,447,7606,3017,10623,4589
2026-07-07,429,412,17,177,706,15192,4195,19387,10997
2026-07-08,491,474,17,213,785,32791,5012,37803,27779
2026-07-09,320,306,14,131,467,9159,2381,11540,6778
2026-07-10,369,344,25,139,618,7592,3411,11003,4181
2026-07-11,129,110,19,37,228,7695,1614,9309,6081
2026-07-12,103,94,9,33,291,4600,1624,6224,2976
2026-07-13,276,258,18,132,387,6193,2726,8919,3467
2026-07-14,408,401,7,154,709,17508,4187,21695,13321
2026-07-15,559,541,18,221,1054,69713,7420,77133,62293
2026-07-16,248,233,15,123,429,9604,1869,11473,7735
2026-07-17,538,510,28,217,888,20436,7306,27742,13130
2026-07-18,139,131,8,48,155,1804,645,2449,1159
2026-07-19,105,91,14,33,167,3604,657,4261,2947
2026-07-20,260,254,6,111,514,10776,3290,14066,7486
2026-07-21,443,408,35,201,589,11965,5436,17401,6529
2026-07-22,440,416,24,211,708,11802,2766,14568,9036
2026-07-23,337,315,22,173,486,12604,3691,16295,8913
2026-07-24,292,260,32,127,496,14986,2412,17398,12574
2026-07-25,61,49,12,35,102,2464,408,2872,2056
2026-07-26,150,134,16,56,215,5009,1393,6402,3616
2026-07-27,414,388,26,137,823,9136,4305,13441,4831
2026-07-28,662,644,18,265,1215,29472,7641,37113,21831
2026-07-29,472,449,23,211,741,15621,4282,19903,11339
2026-07-30,565,525,40,196,968,24704,7378,32082,17326
2026-07-31,931,884,47,269,1753,38153,12362,50515,25791
2026-08-01,122,109,13,41,232,9092,861,9953,8231
2026-08-02,129,116,13,52,252,4923,1327,6250,3596
2026-08-03,531,511,20,187,824,25006,8880,33886,16126
2026-08-04,390,352,38,174,636,15395,3730,19125,11665
2026-08-05,505,485,20,148,1040,16703,7417,24120,9286
2026-08-06,578,540,38,225,1397,148955,25633,174588,123322
2026-08-07,733,684,49,214,1023,38808,8886,47694,29922
2026-08-08,171,142,29,64,299,4979,1415,6394,3564
2026-08-09,33,28,5,14,47,445,158,603,287
2026-08-10,675,630,45,210,1080,19944,4994,24938,14950
2026-08-11,361,347,14,153,615,11112,4223,15335,6889
2026-08-12,261,236,25,116,439,10085,6640,16725,3445
2026-08-13,236,214,22,110,430,7201,3372,10573,3829
2026-08-14,284,236,48,132,378,6283,3296,9579,2987
2026-08-15,155,148,7,63,259,7007,1329,8336,5678
2026-08-16,41,32,9,17,45,538,559,1097,-21
2026-08-17,380,345,35,126,726,20856,4208,25064,16648
2026-08-18,226,153,73,82,249,8088,1203,9291,6885
2026-08-19,251,175,76,89,256,2989,1151,4140,1838
2026-08-20,175,134,41,84,177,2208,645,2853,1563
2026-08-21,111,55,56,25,107,3632,712,4344,2920
2026-08-22,44,30,14,25,50,788,163,951,625
2026-08-23,66,54,12,21,69,967,372,1339,595
2026-08-24,169,145,24,100,215,2675,1121,3796,1554
2026-08-25,275,258,17,115,501,7402,3371,10773,4031
2026-08-26,82,68,14,33,96,693,288,981,405
2026-08-27,84,70,14,45,129,1123,710,1833,413
2026-08-28,46,26,20,21,38,233,104,337,129
2026-08-29,14,13,1,10,14,131,17,148,114
2026-08-30,38,29,9,19,34,370,180,550,190
2026-08-31,99,91,8,59,109,1224,395,1619,829
2026-09-01,107,99,8,65,123,1611,678,2289,933
2026-09-02,94,93,1,70,105,1117,419,1536,698
2026-09-03,80,71,9,48,96,1069,278,1347,791
2026-09-04,86,68,18,33,93,1900,307,2207,1593
2026-09-05,27,20,7,9,325,874,775,1649,99
2026-09-06,15,4,11,4,6,30,3,33,27
2026-09-07,6,4,2,4,4,35,5,40,30
2026-09-08,2,0,2,1,0,0,0,0,0
